H1-0-201,Adig_Acropora_digitifera_16133,60.274,73,29,0,24,96,64,282,3.79e-24,93.6
H1-0-201,Adig_Acropora_digitifera_16210,62.857,70,26,0,31,100,1,210,3.35e-22,87.4
H1-0-201,Adig_Acropora_digitifera_6608,43.243,74,39,2,25,95,34,255,2.72e-11,58.9
H1-0-201,Adig_Acropora_digitifera_6037,67.742,31,10,0,24,54,172,264,6.65e-07,46.2
H1-1-201,Adig_Acropora_digitifera_16210,45.714,70,36,2,46,114,1,207,9.26e-07,46.6
H1-3-201,Adig_Acropora_digitifera_16133,45.070,71,37,2,39,108,70,279,2.43e-07,48.5
H1-3-201,Adig_Acropora_digitifera_16210,44.776,67,35,2,44,109,1,198,3.91e-06,44.7
H1-4-201,Adig_Acropora_digitifera_16133,45.070,71,37,2,38,107,70,279,1.60e-07,49.3
H1-4-201,Adig_Acropora_digitifera_16210,44.776,67,35,2,43,108,1,198,3.48e-06,44.7
H1-5-201,Adig_Acropora_digitifera_16133,46.479,71,36,2,41,110,70,279,8.59e-08,50.1
H1-5-201,Adig_Acropora_digitifera_16210,46.269,67,34,2,46,111,1,198,1.12e-06,46.2
H1-10-201,Adig_Acropora_digitifera_16133,42.466,73,35,2,48,117,76,282,7.64e-06,44.3
H1-2-201,Adig_Acropora_digitifera_16133,45.070,71,37,2,38,107,70,279,2.94e-07,48.1
H1-2-201,Adig_Acropora_digitifera_16210,45.714,70,36,2,43,111,1,207,4.70e-07,47.4
H1-0-201,Ahya_Acropora_hyacinthus_4231,57.534,73,31,0,24,96,124,342,1.64e-23,90.9
H1-0-201,Ahya_Acropora_hyacinthus_8902,56.164,73,31,1,24,96,145,360,1.76e-20,81.3
H1-0-201,Ahya_Acropora_hyacinthus_4740,42.353,85,45,3,25,105,34,288,2.03e-12,58.9
H1-0-201,Ahya_Acropora_hyacinthus_2498,52.174,46,21,1,52,97,1,135,8.80e-08,47.0
H1-0-201,Ahya_Acropora_hyacinthus_2499,52.174,46,21,1,52,97,1,135,1.72e-07,46.2
H1-1-201,Ahya_Acropora_hyacinthus_8902,39.394,66,39,1,45,110,163,357,4.55e-06,42.7
H1-1-201,Ahya_Acropora_hyacinthus_4231,47.059,68,34,2,44,110,139,339,6.59e-06,43.1
H1-3-201,Ahya_Acropora_hyacinthus_8902,40.000,70,41,1,39,108,151,357,1.18e-08,50.1
H1-3-201,Ahya_Acropora_hyacinthus_4231,49.296,71,34,2,39,108,130,339,5.65e-08,48.9
H1-4-201,Ahya_Acropora_hyacinthus_8902,40.000,70,41,1,38,107,151,357,9.94e-09,50.4
H1-4-201,Ahya_Acropora_hyacinthus_4231,49.296,71,34,2,38,107,130,339,3.65e-08,49.7
H1-5-201,Ahya_Acropora_hyacinthus_8902,41.429,70,40,1,41,110,151,357,2.72e-09,52.0
H1-5-201,Ahya_Acropora_hyacinthus_4231,49.296,71,34,2,41,110,130,339,8.05e-08,48.5
H1-6-201,Ahya_Acropora_hyacinthus_4231,42.857,70,38,2,44,112,136,342,2.43e-06,44.3
H1-2-201,Ahya_Acropora_hyacinthus_8902,40.000,70,41,1,38,107,151,357,1.36e-08,49.7
H1-2-201,Ahya_Acropora_hyacinthus_4231,48.649,74,36,2,35,107,121,339,2.61e-08,50.1
H1-0-201,Amil_Acropora_millepora_21521,64.935,77,27,0,24,100,67,297,1.18e-27,103
H1-0-201,Amil_Acropora_millepora_6539,57.534,73,31,0,24,96,58,276,3.21e-23,91.3
H1-0-201,Amil_Acropora_millepora_23217,56.944,72,31,0,25,96,103,318,1.67e-20,85.9
H1-0-201,Amil_Acropora_millepora_27562,56.164,73,31,1,24,96,178,393,3.33e-19,81.6
H1-0-201,Amil_Acropora_millepora_28599,56.716,67,28,1,31,97,1,198,1.68e-15,70.5
H1-0-201,Amil_Acropora_millepora_23471,43.243,74,39,2,25,95,109,330,6.64e-11,58.9
H1-1-201,Amil_Acropora_millepora_21521,45.070,71,37,2,45,114,85,294,8.95e-07,47.4
H1-3-201,Amil_Acropora_millepora_27562,40.000,70,41,1,39,108,184,390,8.97e-08,50.8
H1-3-201,Amil_Acropora_millepora_6539,48.611,72,35,2,39,109,64,276,1.34e-07,49.7
H1-3-201,Amil_Acropora_millepora_21521,43.056,72,39,2,39,109,73,285,3.96e-07,48.5
H1-4-201,Amil_Acropora_millepora_27562,40.000,70,41,1,38,107,184,390,6.62e-08,51.2
H1-4-201,Amil_Acropora_millepora_6539,48.611,72,35,2,38,108,64,276,1.07e-07,50.1
H1-4-201,Amil_Acropora_millepora_21521,43.056,72,39,2,38,108,73,285,3.06e-07,48.9
H1-5-201,Amil_Acropora_millepora_27562,41.429,70,40,1,41,110,184,390,1.71e-08,53.1
H1-5-201,Amil_Acropora_millepora_21521,44.444,72,38,2,41,111,73,285,1.17e-07,50.1
H1-5-201,Amil_Acropora_millepora_6539,48.611,72,35,2,41,111,64,276,1.88e-07,49.3
H1-10-201,Amil_Acropora_millepora_21521,42.667,75,36,2,47,118,76,288,3.77e-07,48.5
H1-2-201,Amil_Acropora_millepora_21521,44.000,75,40,2,38,111,73,294,5.94e-08,50.8
H1-2-201,Amil_Acropora_millepora_27562,40.000,70,41,1,38,107,184,390,8.61e-08,50.8
H1-2-201,Amil_Acropora_millepora_6539,48.611,72,35,2,38,108,64,276,1.68e-07,49.3
H1-0-201,Apal_XM_021062005.2,60.811,74,29,0,25,98,75,296,1.90e-25,98.2
H1-0-201,Apal_XM_021041137.2,60.811,74,29,0,25,98,158,379,5.58e-24,97.1
H1-0-201,Apal_XM_021057457.2,59.722,72,29,0,24,95,69,284,6.78e-24,96.7
H1-0-201,Apal_XM_021057456.2,59.722,72,29,0,24,95,69,284,8.71e-24,96.7
H1-0-201,Apal_XM_021053033.2,62.500,72,27,0,24,95,151,366,4.63e-23,94.4
H1-0-201,Apal_XM_021050921.2,58.333,72,30,0,24,95,100,315,1.70e-22,92.8
H1-0-201,Apal_XM_021037962.2,58.108,74,31,0,24,97,194,415,1.91e-21,89.4
H1-0-201,Apal_XM_021037914.2,58.108,74,31,0,24,97,90,311,3.03e-21,89.0
H1-0-201,Apal_XM_028663550.1,52.703,74,35,0,25,98,94,315,4.16e-20,85.1
H1-0-201,Apal_XM_021060599.2,52.703,74,35,0,25,98,94,315,5.36e-20,85.1
H1-0-201,Apal_XM_028663549.1,52.703,74,35,0,25,98,97,318,9.94e-20,84.7
H1-0-201,Apal_XM_021060598.2,52.703,74,35,0,25,98,97,318,1.17e-19,84.7
H1-0-201,Apal_XM_021052174.2,54.930,71,32,0,25,95,267,479,4.27e-18,80.5
H1-0-201,Apal_XM_028660273.1,48.611,72,37,0,25,96,73,288,1.76e-15,73.9
H1-0-201,Apal_XM_021046263.2,41.892,74,39,3,25,95,86,304,1.37e-08,53.9
H1-1-201,Apal_XM_028663550.1,46.479,71,36,2,45,114,109,318,2.88e-07,50.1
H1-1-201,Apal_XM_021060599.2,46.479,71,36,2,45,114,109,318,3.13e-07,50.1
H1-1-201,Apal_XM_028663549.1,46.479,71,36,2,45,114,112,321,4.81e-07,49.7
H1-1-201,Apal_XM_021060598.2,46.479,71,36,2,45,114,112,321,5.01e-07,49.7
H1-1-201,Apal_XM_021062005.2,43.056,72,39,2,44,114,87,299,1.60e-06,47.8
H1-1-201,Apal_XM_021041137.2,43.056,72,39,2,44,114,170,382,3.85e-06,47.4
H1-1-201,Apal_XM_021050921.2,44.118,68,36,2,44,110,115,315,4.49e-06,47.0
H1-3-201,Apal_XM_028663550.1,45.833,72,37,2,39,109,97,309,7.83e-09,54.7
H1-3-201,Apal_XM_021060599.2,45.833,72,37,2,39,109,97,309,8.72e-09,54.7
H1-3-201,Apal_XM_028663549.1,45.833,72,37,2,39,109,100,312,1.13e-08,54.7
H1-3-201,Apal_XM_021060598.2,45.833,72,37,2,39,109,100,312,1.20e-08,54.7
H1-3-201,Apal_XM_021062005.2,45.946,74,38,2,37,109,72,290,2.87e-08,52.8
H1-3-201,Apal_XM_021041137.2,45.946,74,38,2,37,109,155,373,4.85e-08,53.1
H1-3-201,Apal_XM_021050921.2,46.479,71,36,2,39,108,106,315,7.31e-08,52.4
H1-3-201,Apal_XM_021057457.2,45.833,72,37,2,39,109,75,287,2.85e-07,50.8
H1-3-201,Apal_XM_021057456.2,45.833,72,37,2,39,109,75,287,2.97e-07,50.8
H1-3-201,Apal_XM_021037914.2,43.056,72,39,2,39,109,96,308,2.04e-06,48.1
H1-3-201,Apal_XM_021037962.2,43.056,72,39,2,39,109,200,412,2.77e-06,47.8
H1-4-201,Apal_XM_028663550.1,45.833,72,37,2,38,108,97,309,8.14e-09,54.7
H1-4-201,Apal_XM_021060599.2,45.833,72,37,2,38,108,97,309,9.05e-09,54.7
H1-4-201,Apal_XM_028663549.1,45.833,72,37,2,38,108,100,312,1.08e-08,54.7
H1-4-201,Apal_XM_021060598.2,45.833,72,37,2,38,108,100,312,1.14e-08,54.7
H1-4-201,Apal_XM_021062005.2,45.833,72,37,2,38,108,78,290,3.31e-08,52.4
H1-4-201,Apal_XM_021041137.2,45.833,72,37,2,38,108,161,373,5.79e-08,52.8
H1-4-201,Apal_XM_021050921.2,46.479,71,36,2,38,107,106,315,5.88e-08,52.8
H1-4-201,Apal_XM_021057457.2,45.833,72,37,2,38,108,75,287,2.43e-07,50.8
H1-4-201,Apal_XM_021057456.2,45.833,72,37,2,38,108,75,287,2.54e-07,50.8
H1-4-201,Apal_XM_021037914.2,43.056,72,39,2,38,108,96,308,1.68e-06,48.1
H1-4-201,Apal_XM_021037962.2,43.056,72,39,2,38,108,200,412,2.16e-06,47.8
H1-5-201,Apal_XM_021062005.2,45.833,72,37,2,41,111,78,290,7.18e-09,54.3
H1-5-201,Apal_XM_021041137.2,45.833,72,37,2,41,111,161,373,1.67e-08,54.7
H1-5-201,Apal_XM_028663550.1,44.444,72,38,2,41,111,97,309,1.75e-08,53.9
H1-5-201,Apal_XM_021060599.2,44.444,72,38,2,41,111,97,309,1.94e-08,53.9
H1-5-201,Apal_XM_028663549.1,44.444,72,38,2,41,111,100,312,2.37e-08,53.9
H1-5-201,Apal_XM_021060598.2,44.444,72,38,2,41,111,100,312,2.50e-08,53.9
H1-5-201,Apal_XM_021050921.2,43.662,71,38,2,41,110,106,315,2.30e-07,51.2
H1-5-201,Apal_XM_021037914.2,43.056,72,39,2,41,111,96,308,4.80e-07,50.1
H1-5-201,Apal_XM_021037962.2,43.056,72,39,2,41,111,200,412,6.28e-07,49.7
H1-5-201,Apal_XM_021057457.2,43.056,72,39,2,41,111,75,287,8.92e-07,49.3
H1-5-201,Apal_XM_021057456.2,43.056,72,39,2,41,111,75,287,9.28e-07,49.3
H1-10-201,Apal_XM_021062005.2,41.892,74,38,2,47,118,81,293,2.22e-07,50.1
H1-10-201,Apal_XM_028660273.1,40.789,76,40,3,44,117,70,288,6.94e-07,49.7
H1-10-201,Apal_XM_021041137.2,41.667,72,41,1,47,118,164,376,1.58e-06,48.5
H1-2-201,Apal_XM_028663550.1,45.455,77,40,2,38,113,97,324,8.91e-10,57.4
H1-2-201,Apal_XM_021060599.2,45.455,77,40,2,38,113,97,324,1.00e-09,57.4
H1-2-201,Apal_XM_021062005.2,47.436,78,39,2,35,111,69,299,1.13e-09,56.6
H1-2-201,Apal_XM_028663549.1,45.455,77,40,2,38,113,100,327,1.20e-09,57.4
H1-2-201,Apal_XM_021060598.2,45.455,77,40,2,38,113,100,327,1.27e-09,57.4
H1-2-201,Apal_XM_021041137.2,47.436,78,39,2,35,111,152,382,2.00e-09,57.0
H1-2-201,Apal_XM_021050921.2,46.479,71,36,2,38,107,106,315,4.75e-08,52.8
H1-2-201,Apal_XM_021057457.2,45.333,75,39,2,35,108,66,287,9.39e-08,52.0
H1-2-201,Apal_XM_021057456.2,45.333,75,39,2,35,108,66,287,9.80e-08,52.0
H1-2-201,Apal_XM_021052174.2,45.333,75,41,0,33,107,255,479,1.79e-07,51.2
H1-2-201,Apal_XM_021037914.2,43.836,73,39,2,38,109,96,311,5.04e-07,49.7
H1-2-201,Apal_XM_021037962.2,43.836,73,39,2,38,109,200,415,7.08e-07,49.3
H1-0-201,Apoc_chromosome_3.333_1,62.667,75,28,0,24,98,58,282,2.69e-25,97.1
H1-0-201,Apoc_chromosome_5.1335_1,59.740,77,31,0,24,100,64,294,3.80e-25,97.1
H1-0-201,Apoc_chromosome_3.322_1,61.842,76,29,0,24,99,61,288,1.88e-24,95.1
H1-0-201,Apoc_chromosome_3.457_1,62.338,77,28,1,24,100,67,294,6.15e-23,91.3
H1-0-201,Apoc_chromosome_3.278_1,60.526,76,29,1,24,99,61,285,5.89e-22,88.6
H1-0-201,Apoc_chromosome_8.74_1,61.111,72,27,1,24,95,61,273,2.47e-21,87.0
H1-0-201,Apoc_chromosome_13.126_1,59.722,72,28,1,24,95,61,273,5.70e-21,86.3
H1-0-201,Apoc_chromosome_11.2571_1,56.944,72,30,1,24,95,58,270,9.23e-21,85.5
H1-0-201,Apoc_chromosome_13.24_1,55.556,81,34,1,25,103,70,312,6.87e-19,82.0
H1-0-201,Apoc_chromosome_3.300_1,61.765,68,25,1,28,95,73,273,7.38e-19,80.5
H1-0-201,Apoc_chromosome_13.358_1,52.778,72,34,0,25,96,175,390,9.43e-18,78.6
H1-0-201,Apoc_chromosome_13.1498_1,62.121,66,24,1,28,93,73,267,1.92e-17,76.6
H1-0-201,Apoc_chromosome_13.3195_1,60.294,68,26,1,28,95,73,273,1.44e-16,77.0
H1-0-201,Apoc_chromosome_13.3155_1,54.412,68,30,1,28,95,73,273,8.18e-16,72.4
H1-0-201,Apoc_chromosome_5.1146_1,47.297,74,36,2,25,95,127,348,8.05e-13,65.1
H1-1-201,Apoc_chromosome_5.1335_1,43.662,71,38,2,45,114,82,291,1.32e-06,47.8
H1-1-201,Apoc_chromosome_3.457_1,45.714,70,37,1,45,114,85,291,1.52e-06,47.4
H1-3-201,Apoc_chromosome_3.457_1,47.887,71,36,1,39,109,73,282,1.38e-09,56.2
H1-3-201,Apoc_chromosome_8.74_1,44.286,70,38,1,39,108,67,273,4.83e-08,52.0
H1-3-201,Apoc_chromosome_11.2571_1,45.714,70,37,1,39,108,64,270,7.58e-08,51.2
H1-3-201,Apoc_chromosome_3.322_1,49.296,71,34,2,39,108,67,276,8.60e-08,51.2
H1-3-201,Apoc_chromosome_13.126_1,44.286,70,38,1,39,108,67,273,1.53e-07,50.4
H1-3-201,Apoc_chromosome_5.1335_1,43.056,72,39,2,39,109,70,282,1.89e-07,50.1
H1-3-201,Apoc_chromosome_3.278_1,47.143,70,36,1,39,108,67,273,3.74e-07,49.3
H1-3-201,Apoc_chromosome_3.300_1,48.485,66,33,1,43,108,79,273,7.70e-07,48.5
H1-3-201,Apoc_chromosome_13.358_1,42.857,70,40,0,39,108,178,387,8.24e-06,45.8
H1-4-201,Apoc_chromosome_3.457_1,47.887,71,36,1,38,108,73,282,1.07e-09,56.6
H1-4-201,Apoc_chromosome_8.74_1,44.286,70,38,1,38,107,67,273,3.64e-08,52.0
H1-4-201,Apoc_chromosome_3.322_1,49.296,71,34,2,38,107,67,276,4.80e-08,52.0
H1-4-201,Apoc_chromosome_11.2571_1,45.714,70,37,1,38,107,64,270,5.51e-08,51.6
H1-4-201,Apoc_chromosome_13.126_1,44.286,70,38,1,38,107,67,273,1.22e-07,50.8
H1-4-201,Apoc_chromosome_5.1335_1,43.056,72,39,2,38,108,70,282,1.53e-07,50.4
H1-4-201,Apoc_chromosome_3.278_1,47.143,70,36,1,38,107,67,273,2.70e-07,49.7
H1-4-201,Apoc_chromosome_3.300_1,48.485,66,33,1,42,107,79,273,6.44e-07,48.5
H1-4-201,Apoc_chromosome_13.358_1,42.857,70,40,0,38,107,178,387,6.01e-06,46.2
H1-4-201,Apoc_chromosome_3.333_1,44.444,72,38,2,38,108,64,276,7.38e-06,45.4
H1-5-201,Apoc_chromosome_3.457_1,46.479,71,37,1,41,111,73,282,2.17e-09,55.8
H1-5-201,Apoc_chromosome_8.74_1,44.286,70,38,1,41,110,67,273,8.54e-09,53.9
H1-5-201,Apoc_chromosome_3.322_1,49.296,71,34,2,41,110,67,276,1.42e-08,53.5
H1-5-201,Apoc_chromosome_13.126_1,44.286,70,38,1,41,110,67,273,2.15e-08,52.8
H1-5-201,Apoc_chromosome_11.2571_1,42.857,70,39,1,41,110,64,270,1.96e-07,50.1
H1-5-201,Apoc_chromosome_5.1335_1,43.056,72,39,2,41,111,70,282,5.48e-07,48.9
H1-5-201,Apoc_chromosome_3.278_1,44.286,70,38,1,41,110,67,273,8.67e-07,48.1
H1-5-201,Apoc_chromosome_3.333_1,44.444,72,38,2,41,111,64,276,1.53e-06,47.4
H1-5-201,Apoc_chromosome_3.300_1,45.455,66,35,1,45,110,79,273,1.78e-06,47.4
H1-5-201,Apoc_chromosome_13.3155_1,42.424,66,37,1,45,110,79,273,3.98e-06,46.6
H1-5-201,Apoc_chromosome_13.3195_1,42.424,66,37,1,45,110,79,273,4.60e-06,47.4
H1-5-201,Apoc_chromosome_13.358_1,42.857,70,40,0,41,110,178,387,8.62e-06,45.8
H1-5-201,Apoc_chromosome_13.1498_1,42.188,64,36,1,45,108,79,267,9.34e-06,45.4
H1-6-201,Apoc_chromosome_13.24_1,44.000,75,42,0,41,115,70,294,1.98e-06,47.4
H1-2-201,Apoc_chromosome_3.457_1,48.649,74,37,1,38,111,73,291,9.00e-11,59.3
H1-2-201,Apoc_chromosome_5.1335_1,44.000,75,40,2,38,111,70,291,2.20e-08,52.8
H1-2-201,Apoc_chromosome_3.322_1,49.315,73,35,2,38,109,67,282,4.79e-08,51.6
H1-2-201,Apoc_chromosome_8.74_1,44.286,70,38,1,38,107,67,273,5.66e-08,51.6
H1-2-201,Apoc_chromosome_11.2571_1,45.714,70,37,1,38,107,64,270,7.54e-08,51.2
H1-2-201,Apoc_chromosome_13.126_1,44.286,70,38,1,38,107,67,273,1.40e-07,50.4
H1-2-201,Apoc_chromosome_3.278_1,47.222,72,37,1,38,109,67,279,2.34e-07,49.7
H1-2-201,Apoc_chromosome_3.333_1,44.737,76,40,2,35,109,55,279,7.87e-07,48.1
H1-2-201,Apoc_chromosome_3.300_1,48.485,66,33,1,42,107,79,273,9.38e-07,48.1
H1-2-201,Apoc_chromosome_13.24_1,43.590,78,44,0,32,109,55,288,1.33e-06,48.1
H1-2-201,Apoc_chromosome_13.358_1,42.857,70,40,0,38,107,178,387,6.39e-06,46.2
H1-0-201,Aque_XM_003391206.1,52.439,82,34,2,25,101,79,324,2.14e-19,81.6
H1-0-201,Aque_XM_003384201.2,52.113,71,33,1,24,93,150,362,2.38e-14,70.5
H1-0-201,Aque_XM_003384201.2,44.048,84,44,2,25,106,810,1058,2.09e-12,65.1
H1-1-201,Aque_XM_003391206.1,49.275,69,32,1,45,110,94,300,1.22e-07,50.4
H1-3-201,Aque_XM_003391206.1,49.315,73,34,1,39,108,82,300,6.58e-08,51.2
H1-4-201,Aque_XM_003391206.1,49.315,73,34,1,38,107,82,300,3.05e-08,52.0
H1-5-201,Aque_XM_003391206.1,50.685,73,33,1,41,110,82,300,8.10e-08,50.8
H1-6-201,Aque_XM_003391206.1,42.647,68,36,1,47,111,97,300,3.25e-06,46.2
H1-2-201,Aque_XM_003391206.1,48.684,76,36,1,35,107,73,300,2.07e-08,52.4
H1-0-201,Cgig_G22558.2,55.405,74,30,1,25,95,67,288,2.80e-19,82.4
H1-0-201,Cgig_G22558.1,55.405,74,30,1,25,95,67,288,2.80e-19,82.4
H1-0-201,Cgig_G12362.1,54.667,75,33,1,25,98,76,300,3.59e-18,78.6
H1-0-201,Cgig_G12362.3,54.667,75,33,1,25,98,76,300,8.64e-18,78.6
H1-0-201,Cgig_G34589.4,49.351,77,37,1,24,98,127,357,3.30e-16,74.3
H1-0-201,Cgig_G12362.5,50.909,55,26,1,45,98,1,165,5.12e-08,51.2
H1-1-201,Cgig_G22558.2,47.826,69,33,1,45,110,82,288,1.34e-06,48.5
H1-1-201,Cgig_G22558.1,47.826,69,33,1,45,110,82,288,1.34e-06,48.5
H1-3-201,Cgig_G22558.2,45.205,73,37,1,39,108,70,288,1.32e-06,48.5
H1-3-201,Cgig_G22558.1,45.205,73,37,1,39,108,70,288,1.32e-06,48.5
H1-3-201,Cgig_G12362.1,45.205,73,39,1,37,108,73,291,1.59e-06,47.8
H1-3-201,Cgig_G12362.3,45.205,73,39,1,37,108,73,291,2.94e-06,47.8
H1-4-201,Cgig_G22558.2,45.205,73,37,1,38,107,70,288,8.10e-07,49.3
H1-4-201,Cgig_G22558.1,45.205,73,37,1,38,107,70,288,8.10e-07,49.3
H1-4-201,Cgig_G12362.1,45.070,71,38,1,38,107,79,291,2.03e-06,47.4
H1-4-201,Cgig_G12362.3,45.070,71,38,1,38,107,79,291,3.88e-06,47.4
H1-8-201,Cgig_G339.4,38.571,70,43,0,50,119,55,264,1.39e-08,55.5
H1-8-201,Cgig_G339.2,38.571,70,43,0,50,119,55,264,1.39e-08,55.5
H1-8-201,Cgig_G339.1,38.571,70,43,0,50,119,55,264,1.39e-08,55.5
H1-5-201,Cgig_G22558.2,46.575,73,36,1,41,110,70,288,3.11e-06,47.8
H1-5-201,Cgig_G22558.1,46.575,73,36,1,41,110,70,288,3.11e-06,47.8
H1-5-201,Cgig_G12362.1,45.070,71,38,1,41,110,79,291,4.56e-06,46.6
H1-5-201,Cgig_G12362.3,45.070,71,38,1,41,110,79,291,8.20e-06,46.2
H1-10-201,Cgig_G12362.1,40.000,70,42,0,47,116,82,291,3.34e-06,46.6
H1-10-201,Cgig_G12362.3,40.000,70,42,0,47,116,82,291,4.56e-06,47.0
H1-10-201,Cgig_G34589.4,37.143,70,43,1,48,116,139,348,9.88e-06,45.8
H1-6-201,Cgig_G22558.2,43.478,69,36,1,47,112,85,291,6.60e-06,46.6
H1-6-201,Cgig_G22558.1,43.478,69,36,1,47,112,85,291,6.60e-06,46.6
H1-2-201,Cgig_G22558.2,44.737,76,39,1,35,107,61,288,4.40e-07,50.1
H1-2-201,Cgig_G22558.1,44.737,76,39,1,35,107,61,288,4.40e-07,50.1
H1-2-201,Cgig_G12362.1,45.205,73,39,1,36,107,73,291,1.97e-06,47.4
H1-2-201,Cgig_G12362.3,45.205,73,39,1,36,107,73,291,3.38e-06,47.4
H1-0-201,Emue_Em0002g1068a.t1,62.319,69,26,0,25,93,115,321,1.10e-20,85.5
H1-0-201,Emue_Em0002g1062a.t1,62.319,69,26,0,25,93,115,321,1.62e-20,85.5
H1-3-201,Emue_Em0002g1068a.t1,45.205,73,30,2,39,106,118,321,3.14e-08,52.4
H1-3-201,Emue_Em0002g1062a.t1,45.205,73,30,2,39,106,118,321,3.52e-08,52.4
H1-4-201,Emue_Em0002g1068a.t1,45.205,73,30,2,38,105,118,321,2.21e-08,52.8
H1-4-201,Emue_Em0002g1062a.t1,45.205,73,30,2,38,105,118,321,2.51e-08,52.8
H1-5-201,Emue_Em0002g1068a.t1,47.059,68,36,0,41,108,118,321,6.07e-09,54.7
H1-5-201,Emue_Em0002g1062a.t1,47.059,68,36,0,41,108,118,321,8.57e-09,54.3
H1-2-201,Emue_Em0002g1068a.t1,43.373,83,33,3,32,105,88,321,7.97e-09,53.9
H1-2-201,Emue_Em0002g1062a.t1,43.373,83,33,3,32,105,88,321,9.55e-09,53.9
H1-0-201,Gasp_gasp1.m3.14720.m1,59.722,72,29,0,24,95,64,279,3.87e-24,94.4
H1-0-201,Gasp_gasp1.m3.536.m1,61.039,77,29,1,24,100,55,282,9.90e-24,92.0
H1-0-201,Gasp_gasp1.m3.513.m1,61.333,75,28,1,24,98,61,282,1.46e-23,90.5
H1-0-201,Gasp_gasp1.m3.495.m1,63.889,72,25,1,24,95,58,270,6.25e-23,90.5
H1-0-201,Gasp_gasp1.m3.507.m1,62.857,70,25,1,24,93,58,264,3.82e-22,86.3
H1-0-201,Gasp_gasp1.m3.494.m1,63.889,72,25,1,24,95,55,267,4.76e-22,90.9
H1-0-201,Gasp_gasp1.m3.525.m1,59.722,72,28,1,24,95,61,273,2.57e-21,86.7
H1-0-201,Gasp_gasp1.m3.4588.m1,62.500,72,26,1,24,95,817,1029,1.18e-20,88.6
H1-0-201,Gasp_gasp1.m3.4590.m1,62.500,72,26,1,24,95,1384,1596,1.37e-20,89.0
H1-0-201,Gasp_gasp1.m3.10562.m1,64.286,70,24,1,24,93,1303,1509,2.81e-20,88.2
H1-0-201,Gasp_gasp1.m3.25815.m1,51.351,74,36,0,24,97,87,308,3.07e-20,84.3
H1-0-201,Gasp_gasp1.m3.13206.m1,51.351,74,36,0,24,97,148,369,4.60e-20,84.0
H1-0-201,Gasp_gasp1.m3.477.m1,62.857,70,25,1,24,93,955,1161,6.11e-20,86.7
H1-0-201,Gasp_gasp1.m3.26213.m1,55.556,72,31,1,24,95,52,264,1.39e-19,80.9
H1-0-201,Gasp_gasp1.m3.18919.m1,56.579,76,32,1,24,99,1024,1248,3.77e-19,84.7
H1-0-201,Gasp_gasp1.m3.5749.m1,54.167,72,33,0,25,96,16,231,4.85e-19,80.9
H1-0-201,Gasp_gasp1.m3.3035.m1,60.000,70,27,1,24,93,907,1113,4.42e-18,81.6
H1-0-201,Gasp_gasp1.m3.6454.m1,60.000,70,27,1,24,93,722,928,4.71e-18,80.9
H1-0-201,Gasp_gasp1.m3.6848.m1,53.947,76,34,1,24,99,1051,1275,5.96e-18,81.3
H1-0-201,Gasp_gasp1.m3.26226.m1,55.385,65,28,1,24,88,61,252,6.12e-16,70.5
H1-0-201,Gasp_gasp1.m3.31045.m1,50.000,66,33,0,31,96,1,198,1.34e-13,65.9
H1-0-201,Gasp_gasp1.m3.14223.m1,45.946,74,37,2,25,95,43,264,1.71e-11,61.2
H1-0-201,Gasp_gasp1.m3.508.m1,55.814,43,18,1,58,100,425,300,1.19e-06,46.6
H1-0-201,Gasp_gasp1.m3.491.m1,60.526,38,14,1,58,95,314,204,4.33e-06,44.3
H1-1-201,Gasp_gasp1.m3.14720.m1,42.647,68,37,2,45,111,82,282,8.02e-06,45.4
H1-3-201,Gasp_gasp1.m3.513.m1,45.714,70,37,1,39,108,67,273,1.11e-08,52.0
H1-3-201,Gasp_gasp1.m3.525.m1,45.714,70,37,1,39,108,67,273,1.82e-08,52.8
H1-3-201,Gasp_gasp1.m3.536.m1,45.714,70,37,1,39,108,61,267,2.00e-08,52.0
H1-3-201,Gasp_gasp1.m3.495.m1,45.714,70,37,1,39,108,64,270,5.41e-08,51.2
H1-3-201,Gasp_gasp1.m3.507.m1,44.118,68,37,1,39,106,64,264,9.67e-08,48.5
H1-3-201,Gasp_gasp1.m3.4588.m1,45.714,70,37,1,39,108,823,1029,1.25e-07,51.6
H1-3-201,Gasp_gasp1.m3.14720.m1,43.056,72,39,2,39,109,70,282,1.57e-07,50.4
H1-3-201,Gasp_gasp1.m3.494.m1,45.714,70,37,1,39,108,61,267,1.93e-07,50.8
H1-3-201,Gasp_gasp1.m3.4590.m1,45.714,70,37,1,39,108,1390,1596,2.40e-07,51.2
H1-3-201,Gasp_gasp1.m3.6454.m1,45.588,68,36,1,39,106,728,928,5.94e-07,49.7
H1-3-201,Gasp_gasp1.m3.18919.m1,42.857,70,39,1,39,108,1030,1236,1.56e-06,48.5
H1-3-201,Gasp_gasp1.m3.477.m1,44.118,68,37,1,39,106,961,1161,1.87e-06,48.1
H1-3-201,Gasp_gasp1.m3.10562.m1,44.118,68,37,1,39,106,1309,1509,3.07e-06,47.8
H1-3-201,Gasp_gasp1.m3.26213.m1,40.000,70,41,1,39,108,58,264,8.10e-06,44.3
H1-3-201,Gasp_gasp1.m3.3035.m1,42.647,68,38,1,39,106,913,1113,8.20e-06,46.2
H1-4-201,Gasp_gasp1.m3.513.m1,45.714,70,37,1,38,107,67,273,7.22e-09,52.4
H1-4-201,Gasp_gasp1.m3.536.m1,45.714,70,37,1,38,107,61,267,1.24e-08,52.4
H1-4-201,Gasp_gasp1.m3.525.m1,45.714,70,37,1,38,107,67,273,1.26e-08,53.1
H1-4-201,Gasp_gasp1.m3.495.m1,45.714,70,37,1,38,107,64,270,4.16e-08,51.6
H1-4-201,Gasp_gasp1.m3.507.m1,44.118,68,37,1,38,105,64,264,7.13e-08,48.9
H1-4-201,Gasp_gasp1.m3.4588.m1,45.714,70,37,1,38,107,823,1029,7.85e-08,52.4
H1-4-201,Gasp_gasp1.m3.494.m1,45.714,70,37,1,38,107,61,267,9.25e-08,51.6
H1-4-201,Gasp_gasp1.m3.4590.m1,45.714,70,37,1,38,107,1390,1596,1.02e-07,52.0
H1-4-201,Gasp_gasp1.m3.14720.m1,43.056,72,39,2,38,108,70,282,1.50e-07,50.4
H1-4-201,Gasp_gasp1.m3.6454.m1,45.588,68,36,1,38,105,728,928,3.37e-07,50.4
H1-4-201,Gasp_gasp1.m3.18919.m1,42.857,70,39,1,38,107,1030,1236,1.03e-06,49.3
H1-4-201,Gasp_gasp1.m3.477.m1,44.118,68,37,1,38,105,961,1161,1.11e-06,48.9
H1-4-201,Gasp_gasp1.m3.10562.m1,44.118,68,37,1,38,105,1309,1509,1.88e-06,48.1
H1-4-201,Gasp_gasp1.m3.26213.m1,40.000,70,41,1,38,107,58,264,4.76e-06,45.1
H1-4-201,Gasp_gasp1.m3.3035.m1,42.647,68,38,1,38,105,913,1113,4.89e-06,47.0
H1-5-201,Gasp_gasp1.m3.513.m1,42.857,70,39,1,41,110,67,273,2.69e-08,50.8
H1-5-201,Gasp_gasp1.m3.536.m1,42.857,70,39,1,41,110,61,267,4.82e-08,50.8
H1-5-201,Gasp_gasp1.m3.525.m1,42.857,70,39,1,41,110,67,273,5.72e-08,51.2
H1-5-201,Gasp_gasp1.m3.495.m1,42.857,70,39,1,41,110,64,270,1.66e-07,50.1
H1-5-201,Gasp_gasp1.m3.18919.m1,42.857,70,39,1,41,110,1030,1236,2.59e-07,51.2
H1-5-201,Gasp_gasp1.m3.507.m1,41.176,68,39,1,41,108,64,264,2.79e-07,47.4
H1-5-201,Gasp_gasp1.m3.4588.m1,42.857,70,39,1,41,110,823,1029,2.97e-07,50.8
H1-5-201,Gasp_gasp1.m3.14720.m1,43.056,72,39,2,41,111,70,282,4.11e-07,49.3
H1-5-201,Gasp_gasp1.m3.4590.m1,42.857,70,39,1,41,110,1390,1596,4.31e-07,50.4
H1-5-201,Gasp_gasp1.m3.494.m1,42.857,70,39,1,41,110,61,267,4.36e-07,50.1
H1-5-201,Gasp_gasp1.m3.26213.m1,40.000,70,41,1,41,110,58,264,1.02e-06,47.0
H1-5-201,Gasp_gasp1.m3.6454.m1,42.647,68,38,1,41,108,728,928,1.15e-06,48.9
H1-5-201,Gasp_gasp1.m3.3035.m1,42.647,68,38,1,41,108,913,1113,1.44e-06,48.5
H1-5-201,Gasp_gasp1.m3.6848.m1,40.000,70,41,1,41,110,1057,1263,4.41e-06,47.4
H1-5-201,Gasp_gasp1.m3.477.m1,41.176,68,39,1,41,108,961,1161,4.89e-06,47.0
H1-5-201,Gasp_gasp1.m3.5749.m1,42.254,71,39,2,41,110,19,228,7.63e-06,45.4
H1-5-201,Gasp_gasp1.m3.10562.m1,41.176,68,39,1,41,108,1309,1509,8.58e-06,46.6
H1-2-201,Gasp_gasp1.m3.513.m1,45.833,72,38,1,38,109,67,279,5.51e-09,52.8
H1-2-201,Gasp_gasp1.m3.536.m1,45.833,72,38,1,38,109,61,273,1.16e-08,52.4
H1-2-201,Gasp_gasp1.m3.525.m1,45.714,70,37,1,38,107,67,273,1.84e-08,52.4
H1-2-201,Gasp_gasp1.m3.495.m1,45.714,70,37,1,38,107,64,270,5.72e-08,50.8
H1-2-201,Gasp_gasp1.m3.4590.m1,44.304,79,42,2,30,107,1363,1596,6.03e-08,52.8
H1-2-201,Gasp_gasp1.m3.507.m1,44.118,68,37,1,38,105,64,264,1.15e-07,48.5
H1-2-201,Gasp_gasp1.m3.14720.m1,43.056,72,39,2,38,108,70,282,1.17e-07,50.4
H1-2-201,Gasp_gasp1.m3.4588.m1,45.714,70,37,1,38,107,823,1029,1.45e-07,51.2
H1-2-201,Gasp_gasp1.m3.494.m1,45.714,70,37,1,38,107,61,267,2.51e-07,50.4
H1-2-201,Gasp_gasp1.m3.6454.m1,45.588,68,36,1,38,105,728,928,7.52e-07,49.3
H1-2-201,Gasp_gasp1.m3.18919.m1,42.466,73,41,1,38,110,1030,1245,1.28e-06,48.9
H1-2-201,Gasp_gasp1.m3.477.m1,44.118,68,37,1,38,105,961,1161,2.48e-06,47.8
H1-2-201,Gasp_gasp1.m3.26213.m1,39.726,73,43,1,35,107,49,264,2.90e-06,45.4
H1-2-201,Gasp_gasp1.m3.10562.m1,44.118,68,37,1,38,105,1309,1509,4.71e-06,47.0
H1-0-201,Gfas_gfas1.m1.18825.m1,61.333,75,29,0,24,98,73,297,6.37e-26,99.0
H1-0-201,Gfas_gfas1.m1.19404.m1,60.000,75,29,1,24,98,259,480,2.44e-21,88.2
H1-0-201,Gfas_gfas1.m1.18657.m1,59.722,72,28,1,24,95,61,273,4.02e-21,84.0
H1-0-201,Gfas_gfas1.m1.14495.m1,59.722,72,29,0,25,96,46,261,1.93e-20,85.9
H1-0-201,Gfas_gfas1.m1.22727.m1,52.778,72,34,0,24,95,568,783,8.92e-20,85.5
H1-0-201,Gfas_gfas1.m1.5685.m1,62.857,70,25,1,24,93,1219,1425,1.34e-19,85.9
H1-0-201,Gfas_gfas1.m1.18664.m1,48.649,74,38,0,25,98,49,270,1.70e-16,77.0
H1-0-201,Gfas_gfas1.m1.5074.m1,44.444,72,37,2,25,93,16,231,7.29e-12,61.2
H1-1-201,Gfas_gfas1.m1.18825.m1,45.833,72,37,2,45,115,91,303,1.89e-07,49.7
H1-1-201,Gfas_gfas1.m1.19404.m1,42.647,68,38,1,45,112,277,477,2.88e-06,47.0
H1-3-201,Gfas_gfas1.m1.18657.m1,44.286,70,38,1,39,108,67,273,2.06e-08,51.2
H1-3-201,Gfas_gfas1.m1.18825.m1,45.833,72,37,2,39,109,79,291,2.96e-08,52.0
H1-3-201,Gfas_gfas1.m1.19404.m1,45.070,71,38,1,39,109,265,474,8.42e-08,51.6
H1-3-201,Gfas_gfas1.m1.18664.m1,39.726,73,44,0,37,109,46,264,5.45e-06,46.6
H1-4-201,Gfas_gfas1.m1.18657.m1,44.286,70,38,1,38,107,67,273,1.63e-08,51.2
H1-4-201,Gfas_gfas1.m1.19404.m1,45.070,71,38,1,38,108,265,474,2.53e-08,52.8
H1-4-201,Gfas_gfas1.m1.18825.m1,45.833,72,37,2,38,108,79,291,2.66e-08,52.4
H1-4-201,Gfas_gfas1.m1.18664.m1,40.845,71,42,0,38,108,52,264,2.97e-06,47.4
H1-4-201,Gfas_gfas1.m1.22727.m1,40.845,71,42,0,38,108,574,786,5.27e-06,46.6
H1-5-201,Gfas_gfas1.m1.18657.m1,44.286,70,38,1,41,110,67,273,3.41e-09,53.1
H1-5-201,Gfas_gfas1.m1.19404.m1,46.479,71,37,1,41,111,265,474,1.73e-08,53.5
H1-5-201,Gfas_gfas1.m1.18825.m1,44.444,72,38,2,41,111,79,291,1.39e-07,50.4
H1-5-201,Gfas_gfas1.m1.22727.m1,40.278,72,41,2,41,111,574,786,2.44e-06,47.8
H1-5-201,Gfas_gfas1.m1.18664.m1,40.845,71,42,0,41,111,52,264,4.69e-06,47.0
H1-10-201,Gfas_gfas1.m1.19404.m1,45.833,72,37,2,47,118,268,477,5.34e-07,48.9
H1-6-201,Gfas_gfas1.m1.19404.m1,42.029,69,39,1,47,115,280,483,1.45e-06,47.8
H1-2-201,Gfas_gfas1.m1.18825.m1,46.667,75,38,2,38,111,79,300,2.94e-09,54.7
H1-2-201,Gfas_gfas1.m1.19404.m1,45.333,75,40,1,35,109,256,477,5.82e-09,54.7
H1-2-201,Gfas_gfas1.m1.18657.m1,44.286,70,38,1,38,107,67,273,2.18e-08,50.8
H1-2-201,Gfas_gfas1.m1.18664.m1,40.506,79,47,0,35,113,43,279,2.07e-07,50.8
H1-2-201,Gfas_gfas1.m1.22727.m1,39.241,79,48,0,30,108,550,786,2.29e-06,47.4
H1-0-201,Hsal_ENA_GHBP01003442_GHBP01003442.1,41.772,79,43,2,25,100,396,632,1.75e-15,72.0
H1-8-201,Hsal_ENA_GHBP01003442_GHBP01003442.1,35.443,79,47,2,52,129,396,623,2.33e-06,47.8
H1-0-201,Mcap_g46302,60.759,79,31,0,24,102,70,306,3.06e-26,100
H1-0-201,Mcap_g33813,63.889,72,25,1,24,95,70,282,1.07e-22,90.9
H1-0-201,Mcap_g33804,63.889,72,25,1,24,95,70,282,1.28e-22,90.5
H1-0-201,Mcap_g19732,63.889,72,25,1,24,95,70,282,1.59e-22,90.1
H1-0-201,Mcap_g54176,63.889,72,25,1,24,95,70,282,1.70e-22,90.5
H1-0-201,Mcap_g33809,63.889,72,25,1,24,95,70,282,1.72e-22,90.5
H1-0-201,Mcap_g33812,63.889,72,25,1,24,95,70,282,1.92e-22,90.5
H1-0-201,Mcap_g33802,63.889,72,25,1,24,95,70,282,1.92e-22,90.5
H1-0-201,Mcap_g19731,63.889,72,25,1,24,95,70,282,1.92e-22,90.5
H1-0-201,Mcap_g33805,63.889,72,25,1,24,95,70,282,1.94e-22,90.5
H1-0-201,Mcap_g16179,63.889,72,25,1,24,95,70,282,1.94e-22,90.5
H1-0-201,Mcap_g4046,63.889,72,25,1,24,95,70,282,2.00e-22,90.5
H1-0-201,Mcap_g17879,63.889,72,25,1,24,95,70,282,2.00e-22,90.5
H1-0-201,Mcap_g19733,63.889,72,25,1,24,95,70,282,2.17e-22,90.5
H1-0-201,Mcap_g17877,63.889,72,25,1,24,95,70,282,2.18e-22,90.1
H1-0-201,Mcap_g33815,63.889,72,25,1,24,95,64,276,2.20e-22,90.1
H1-0-201,Mcap_g66453,56.757,74,32,0,24,97,58,279,5.02e-22,89.0
H1-0-201,Mcap_g54171,63.889,72,25,1,24,95,70,282,5.78e-22,89.0
H1-0-201,Mcap_g17881,62.500,72,26,1,24,95,70,282,7.22e-22,89.0
H1-0-201,Mcap_g16180,62.500,72,26,1,24,95,70,282,1.10e-21,88.6
H1-0-201,Mcap_g16009,55.405,74,33,0,24,97,58,279,1.26e-21,87.8
H1-0-201,Mcap_g33806,62.500,72,26,1,24,95,70,282,1.62e-21,87.8
H1-0-201,Mcap_g33801,62.500,72,26,1,24,95,70,282,1.62e-21,87.8
H1-0-201,Mcap_g16183,62.500,72,26,1,24,95,70,282,1.62e-21,87.8
H1-0-201,Mcap_g33808,64.286,70,24,1,24,93,70,276,1.87e-21,87.8
H1-0-201,Mcap_g54166,64.286,70,24,1,24,93,70,276,1.93e-21,87.8
H1-0-201,Mcap_g4048,62.857,70,25,1,24,93,70,276,5.70e-21,86.3
H1-0-201,Mcap_g3320,54.795,73,33,0,25,97,46,264,2.99e-19,83.2
H1-0-201,Mcap_g16182,54.545,77,33,2,24,100,70,294,3.81e-17,76.3
H1-0-201,Mcap_g39559,58.929,56,22,1,24,79,58,222,2.99e-14,67.0
H1-0-201,Mcap_g39559,66.667,21,7,0,75,95,212,274,2.99e-14,28.9
H1-0-201,Mcap_g6471,47.458,59,31,0,40,98,4,180,4.83e-11,59.3
H1-0-201,Mcap_g1491,47.458,59,31,0,40,98,4,180,4.83e-11,59.3
H1-0-201,Mcap_g46076,41.892,74,40,2,25,95,34,255,3.64e-10,57.4
H1-1-201,Mcap_g46302,47.222,72,36,2,45,115,88,300,2.33e-07,50.1
H1-1-201,Mcap_g66453,45.946,74,38,2,45,117,76,294,1.24e-06,48.1
H1-1-201,Mcap_g16009,45.946,74,38,2,45,117,76,294,1.25e-06,48.1
H1-3-201,Mcap_g16009,48.611,72,35,2,39,109,64,276,7.73e-08,51.6
H1-3-201,Mcap_g66453,48.611,72,35,2,39,109,64,276,7.88e-08,51.6
H1-3-201,Mcap_g46302,45.833,72,37,2,39,109,76,288,1.67e-07,50.8
H1-3-201,Mcap_g33804,41.429,70,40,1,39,108,76,282,8.95e-07,48.5
H1-3-201,Mcap_g17877,41.429,70,40,1,39,108,76,282,9.38e-07,48.5
H1-3-201,Mcap_g33815,41.429,70,40,1,39,108,70,276,9.56e-07,48.5
H1-3-201,Mcap_g54176,41.429,70,40,1,39,108,76,282,1.02e-06,48.5
H1-3-201,Mcap_g4046,41.429,70,40,1,39,108,76,282,1.02e-06,48.5
H1-3-201,Mcap_g17879,41.429,70,40,1,39,108,76,282,1.02e-06,48.5
H1-3-201,Mcap_g33809,41.429,70,40,1,39,108,76,282,1.03e-06,48.5
H1-3-201,Mcap_g33812,41.429,70,40,1,39,108,76,282,1.08e-06,48.5
H1-3-201,Mcap_g33805,41.429,70,40,1,39,108,76,282,1.08e-06,48.5
H1-3-201,Mcap_g33802,41.429,70,40,1,39,108,76,282,1.08e-06,48.5
H1-3-201,Mcap_g19731,41.429,70,40,1,39,108,76,282,1.08e-06,48.5
H1-3-201,Mcap_g16179,41.429,70,40,1,39,108,76,282,1.08e-06,48.5
H1-3-201,Mcap_g19733,41.429,70,40,1,39,108,76,282,1.14e-06,48.5
H1-3-201,Mcap_g19732,41.429,70,40,1,39,108,76,282,1.97e-06,47.4
H1-3-201,Mcap_g33813,41.429,70,40,1,39,108,76,282,2.46e-06,47.4
H1-3-201,Mcap_g54171,41.429,70,40,1,39,108,76,282,3.10e-06,47.0
H1-3-201,Mcap_g33806,40.000,70,41,1,39,108,76,282,3.51e-06,47.0
H1-3-201,Mcap_g33801,40.000,70,41,1,39,108,76,282,3.51e-06,47.0
H1-3-201,Mcap_g16183,40.000,70,41,1,39,108,76,282,3.51e-06,47.0
H1-3-201,Mcap_g17881,40.000,70,41,1,39,108,76,282,4.50e-06,46.6
H1-3-201,Mcap_g16180,40.000,70,41,1,39,108,76,282,4.91e-06,46.6
H1-4-201,Mcap_g66453,48.611,72,35,2,38,108,64,276,5.13e-08,52.0
H1-4-201,Mcap_g16009,48.611,72,35,2,38,108,64,276,5.24e-08,52.0
H1-4-201,Mcap_g46302,45.833,72,37,2,38,108,76,288,1.23e-07,51.2
H1-4-201,Mcap_g33804,41.429,70,40,1,38,107,76,282,5.81e-07,48.9
H1-4-201,Mcap_g17877,41.429,70,40,1,38,107,76,282,5.87e-07,49.3
H1-4-201,Mcap_g33815,41.429,70,40,1,38,107,70,276,6.40e-07,48.9
H1-4-201,Mcap_g54176,41.429,70,40,1,38,107,76,282,6.64e-07,48.9
H1-4-201,Mcap_g33809,41.429,70,40,1,38,107,76,282,6.71e-07,48.9
H1-4-201,Mcap_g4046,41.429,70,40,1,38,107,76,282,6.86e-07,48.9
H1-4-201,Mcap_g17879,41.429,70,40,1,38,107,76,282,6.86e-07,48.9
H1-4-201,Mcap_g33812,41.429,70,40,1,38,107,76,282,7.06e-07,48.9
H1-4-201,Mcap_g33805,41.429,70,40,1,38,107,76,282,7.06e-07,48.9
H1-4-201,Mcap_g33802,41.429,70,40,1,38,107,76,282,7.06e-07,48.9
H1-4-201,Mcap_g19731,41.429,70,40,1,38,107,76,282,7.06e-07,48.9
H1-4-201,Mcap_g16179,41.429,70,40,1,38,107,76,282,7.06e-07,48.9
H1-4-201,Mcap_g19733,41.429,70,40,1,38,107,76,282,7.40e-07,48.9
H1-4-201,Mcap_g19732,41.429,70,40,1,38,107,76,282,9.38e-07,48.1
H1-4-201,Mcap_g33813,41.429,70,40,1,38,107,76,282,1.21e-06,48.1
H1-4-201,Mcap_g54171,41.429,70,40,1,38,107,76,282,1.93e-06,47.8
H1-4-201,Mcap_g33806,40.000,70,41,1,38,107,76,282,2.75e-06,47.4
H1-4-201,Mcap_g33801,40.000,70,41,1,38,107,76,282,2.75e-06,47.4
H1-4-201,Mcap_g16183,40.000,70,41,1,38,107,76,282,2.75e-06,47.4
H1-4-201,Mcap_g17881,40.000,70,41,1,38,107,76,282,2.89e-06,47.0
H1-4-201,Mcap_g16180,40.000,70,41,1,38,107,76,282,2.94e-06,47.0
H1-5-201,Mcap_g46302,47.222,72,36,2,41,111,76,288,5.99e-08,52.0
H1-5-201,Mcap_g16009,45.833,72,37,2,41,111,64,276,2.63e-07,50.1
H1-5-201,Mcap_g66453,45.833,72,37,2,41,111,64,276,2.68e-07,50.1
H1-5-201,Mcap_g33804,41.429,70,40,1,41,110,76,282,9.74e-07,48.5
H1-5-201,Mcap_g17877,41.429,70,40,1,41,110,76,282,9.93e-07,48.5
H1-5-201,Mcap_g33815,41.429,70,40,1,41,110,70,276,1.06e-06,48.5
H1-5-201,Mcap_g33809,41.429,70,40,1,41,110,76,282,1.09e-06,48.5
H1-5-201,Mcap_g54176,41.429,70,40,1,41,110,76,282,1.11e-06,48.5
H1-5-201,Mcap_g4046,41.429,70,40,1,41,110,76,282,1.14e-06,48.5
H1-5-201,Mcap_g17879,41.429,70,40,1,41,110,76,282,1.14e-06,48.5
H1-5-201,Mcap_g33812,41.429,70,40,1,41,110,76,282,1.15e-06,48.5
H1-5-201,Mcap_g33802,41.429,70,40,1,41,110,76,282,1.15e-06,48.5
H1-5-201,Mcap_g19731,41.429,70,40,1,41,110,76,282,1.15e-06,48.5
H1-5-201,Mcap_g33805,41.429,70,40,1,41,110,76,282,1.18e-06,48.5
H1-5-201,Mcap_g16179,41.429,70,40,1,41,110,76,282,1.18e-06,48.5
H1-5-201,Mcap_g19733,41.429,70,40,1,41,110,76,282,1.24e-06,48.5
H1-5-201,Mcap_g19732,41.429,70,40,1,41,110,76,282,1.48e-06,47.8
H1-5-201,Mcap_g33813,41.429,70,40,1,41,110,76,282,1.91e-06,47.8
H1-5-201,Mcap_g54171,41.429,70,40,1,41,110,76,282,3.60e-06,47.0
H1-5-201,Mcap_g17881,40.000,70,41,1,41,110,76,282,4.84e-06,46.6
H1-5-201,Mcap_g16180,40.000,70,41,1,41,110,76,282,5.08e-06,46.6
H1-5-201,Mcap_g33806,40.000,70,41,1,41,110,76,282,5.23e-06,46.6
H1-5-201,Mcap_g33801,40.000,70,41,1,41,110,76,282,5.23e-06,46.6
H1-5-201,Mcap_g16183,40.000,70,41,1,41,110,76,282,5.23e-06,46.6
H1-6-201,Mcap_g3320,41.333,75,38,2,44,115,55,270,9.81e-06,45.8
H1-2-201,Mcap_g66453,49.315,73,35,2,38,109,64,279,2.13e-08,52.8
H1-2-201,Mcap_g16009,49.315,73,35,2,38,109,64,279,2.17e-08,52.8
H1-2-201,Mcap_g46302,46.667,75,38,2,38,111,76,297,2.30e-08,53.1
H1-2-201,Mcap_g33804,41.096,73,42,1,35,107,67,282,3.99e-07,49.3
H1-2-201,Mcap_g17877,41.096,73,42,1,35,107,67,282,4.32e-07,49.3
H1-2-201,Mcap_g33809,41.096,73,42,1,35,107,67,282,4.43e-07,49.3
H1-2-201,Mcap_g54176,41.096,73,42,1,35,107,67,282,4.56e-07,49.3
H1-2-201,Mcap_g33815,41.096,73,42,1,35,107,61,276,4.62e-07,49.3
H1-2-201,Mcap_g33812,41.096,73,42,1,35,107,67,282,4.67e-07,49.3
H1-2-201,Mcap_g33802,41.096,73,42,1,35,107,67,282,4.67e-07,49.3
H1-2-201,Mcap_g19731,41.096,73,42,1,35,107,67,282,4.67e-07,49.3
H1-2-201,Mcap_g33805,41.096,73,42,1,35,107,67,282,4.85e-07,49.3
H1-2-201,Mcap_g16179,41.096,73,42,1,35,107,67,282,4.85e-07,49.3
H1-2-201,Mcap_g4046,41.096,73,42,1,35,107,67,282,4.90e-07,49.3
H1-2-201,Mcap_g17879,41.096,73,42,1,35,107,67,282,4.90e-07,49.3
H1-2-201,Mcap_g19733,41.096,73,42,1,35,107,67,282,5.09e-07,49.3
H1-2-201,Mcap_g19732,41.096,73,42,1,35,107,67,282,5.85e-07,48.9
H1-2-201,Mcap_g33813,41.558,77,43,2,32,107,55,282,6.55e-07,48.9
H1-2-201,Mcap_g54171,41.096,73,42,1,35,107,67,282,1.73e-06,47.8
H1-2-201,Mcap_g17881,39.726,73,43,1,35,107,67,282,2.18e-06,47.4
H1-2-201,Mcap_g16180,39.726,73,43,1,35,107,67,282,2.20e-06,47.4
H1-2-201,Mcap_g33806,40.000,70,41,1,38,107,76,282,4.40e-06,46.6
H1-2-201,Mcap_g33801,40.000,70,41,1,38,107,76,282,4.40e-06,46.6
H1-2-201,Mcap_g16183,40.000,70,41,1,38,107,76,282,4.40e-06,46.6
H1-2-201,Mcap_g33808,39.437,71,42,1,35,105,67,276,7.76e-06,45.8
H1-2-201,Mcap_g54166,39.437,71,42,1,35,105,67,276,8.22e-06,45.8
H1-0-201,Msqu_ENA_GHBR01005020_GHBR01005020.1,33.333,84,53,1,24,104,206,457,1.81e-13,63.9
H1-8-201,Msqu_ENA_GHBR01005020_GHBR01005020.1,35.052,97,57,3,52,146,209,487,7.66e-06,43.9
H1-0-201,Nvec_XM_001622201.2,64.865,74,26,0,25,98,129,350,3.53e-25,99.8
H1-0-201,Nvec_XM_001640303.2,62.500,72,27,0,24,95,94,309,1.04e-24,94.0
H1-0-201,Nvec_XM_032375358.1,61.039,77,30,0,24,100,170,400,2.80e-24,98.6
H1-0-201,Nvec_XM_001640424.2,61.111,72,28,0,24,95,67,282,3.62e-24,92.8
H1-0-201,Nvec_XM_032381660.1,61.111,72,28,0,24,95,405,620,8.95e-24,99.0
H1-0-201,Nvec_XM_032381669.1,59.722,72,29,0,24,95,683,898,1.54e-23,97.4
H1-0-201,Nvec_XM_032365679.1,62.500,72,27,0,24,95,116,331,5.94e-23,93.6
H1-0-201,Nvec_XM_032381662.1,56.944,72,31,0,24,95,98,313,6.13e-23,92.8
H1-0-201,Nvec_XM_001640299.2,62.500,72,27,0,24,95,94,309,6.24e-23,93.6
H1-0-201,Nvec_XM_032365678.1,61.111,72,28,0,24,95,121,336,8.08e-23,92.8
H1-0-201,Nvec_XM_032376957.1,56.944,72,31,0,24,95,156,371,2.32e-22,93.2
H1-0-201,Nvec_XM_032381636.1,55.556,72,32,0,24,95,103,318,2.47e-22,92.0
H1-0-201,Nvec_XM_032382326.1,56.944,72,31,0,24,95,154,369,4.32e-22,93.2
H1-0-201,Nvec_XM_032364288.1,61.333,75,29,0,24,98,392,616,4.58e-22,94.0
H1-0-201,Nvec_XM_032376958.1,60.870,69,27,0,27,95,1,207,2.43e-21,88.6
H1-0-201,Nvec_XM_032363299.1,56.944,72,30,1,24,95,98,310,3.72e-21,88.2
H1-0-201,Nvec_XM_032371990.1,56.944,72,30,1,24,95,31,243,4.12e-21,87.8
H1-0-201,Nvec_XM_032362120.1,48.611,72,37,0,24,95,199,414,3.42e-15,72.8
H1-0-201,Nvec_XM_032377553.1,46.575,73,39,0,25,97,110,328,1.96e-14,71.2
H1-0-201,Nvec_XM_032369852.1,41.892,74,39,3,25,95,109,327,1.58e-07,51.6
H1-1-201,Nvec_XM_032381636.1,46.377,69,35,2,44,111,118,321,4.77e-08,53.1
H1-1-201,Nvec_XM_032371990.1,45.588,68,36,1,44,111,46,246,5.07e-08,52.8
H1-1-201,Nvec_XM_032363299.1,45.588,68,36,1,44,111,113,313,5.98e-08,52.8
H1-1-201,Nvec_XM_032381660.1,47.826,69,34,2,44,111,420,623,1.23e-07,52.8
H1-1-201,Nvec_XM_032381662.1,44.286,70,37,2,43,111,110,316,2.17e-07,50.8
H1-1-201,Nvec_XM_032376957.1,44.928,69,36,2,44,111,171,374,4.75e-07,50.4
H1-1-201,Nvec_XM_032382326.1,44.928,69,36,2,44,111,169,372,5.21e-07,50.4
H1-1-201,Nvec_XM_032376958.1,44.928,69,36,2,44,111,7,210,8.41e-07,49.3
H1-1-201,Nvec_XM_032381669.1,45.588,68,35,2,44,110,698,898,8.64e-07,50.1
H1-1-201,Nvec_XM_032375358.1,45.833,72,37,2,44,114,185,397,7.26e-06,47.0
H1-1-201,Nvec_XM_001622201.2,43.056,72,39,2,44,114,141,353,7.45e-06,46.6
H1-3-201,Nvec_XM_032381660.1,51.389,72,33,2,39,109,411,623,9.02e-10,58.9
H1-3-201,Nvec_XM_032371990.1,46.479,71,37,1,39,109,37,246,2.00e-09,56.6
H1-3-201,Nvec_XM_032381636.1,47.222,72,36,2,39,109,109,321,2.57e-09,57.0
H1-3-201,Nvec_XM_032363299.1,46.479,71,37,1,39,109,104,313,4.04e-09,56.2
H1-3-201,Nvec_XM_032381669.1,49.296,71,34,2,39,108,689,898,4.90e-09,56.6
H1-3-201,Nvec_XM_032381662.1,49.275,69,33,2,42,109,113,316,9.37e-09,55.1
H1-3-201,Nvec_XM_032376957.1,45.833,72,37,2,39,109,162,374,1.62e-08,55.1
H1-3-201,Nvec_XM_032382326.1,45.833,72,37,2,39,109,160,372,1.82e-08,55.1
H1-3-201,Nvec_XM_032376958.1,46.377,69,35,2,42,109,7,210,1.11e-07,52.0
H1-3-201,Nvec_XM_032364288.1,43.056,72,39,2,39,109,398,610,1.37e-07,52.8
H1-3-201,Nvec_XM_001622201.2,43.056,72,39,2,39,109,132,344,7.64e-07,49.7
H1-3-201,Nvec_XM_001640303.2,42.254,71,39,2,39,108,100,309,1.03e-06,47.0
H1-3-201,Nvec_XM_001640299.2,43.056,72,39,2,39,109,100,312,1.26e-06,49.3
H1-3-201,Nvec_XM_032365679.1,43.056,72,39,2,39,109,122,334,1.39e-06,48.9
H1-3-201,Nvec_XM_001640424.2,42.254,71,41,0,39,109,73,285,1.70e-06,46.6
H1-3-201,Nvec_XM_032365678.1,41.667,72,40,2,39,109,127,339,2.35e-06,48.1
H1-4-201,Nvec_XM_032381660.1,51.389,72,33,2,38,108,411,623,4.86e-10,59.7
H1-4-201,Nvec_XM_032371990.1,46.479,71,37,1,38,108,37,246,1.27e-09,57.4
H1-4-201,Nvec_XM_032381636.1,47.222,72,36,2,38,108,109,321,2.07e-09,57.4
H1-4-201,Nvec_XM_032363299.1,46.479,71,37,1,38,108,104,313,2.25e-09,57.0
H1-4-201,Nvec_XM_032381669.1,49.296,71,34,2,38,107,689,898,3.17e-09,57.4
H1-4-201,Nvec_XM_032381662.1,49.275,69,33,2,41,108,113,316,5.88e-09,55.5
H1-4-201,Nvec_XM_032376957.1,45.833,72,37,2,38,108,162,374,1.23e-08,55.5
H1-4-201,Nvec_XM_032382326.1,45.833,72,37,2,38,108,160,372,1.38e-08,55.5
H1-4-201,Nvec_XM_032376958.1,46.377,69,35,2,41,108,7,210,8.36e-08,52.4
H1-4-201,Nvec_XM_032364288.1,43.056,72,39,2,38,108,398,610,9.39e-08,53.1
H1-4-201,Nvec_XM_001622201.2,43.056,72,39,2,38,108,132,344,4.11e-07,50.4
H1-4-201,Nvec_XM_001640303.2,42.254,71,39,2,38,107,100,309,7.24e-07,47.4
H1-4-201,Nvec_XM_001640299.2,43.056,72,39,2,38,108,100,312,8.03e-07,49.7
H1-4-201,Nvec_XM_032365679.1,43.056,72,39,2,38,108,122,334,8.21e-07,49.7
H1-4-201,Nvec_XM_001640424.2,42.254,71,41,0,38,108,73,285,1.24e-06,47.0
H1-4-201,Nvec_XM_032365678.1,41.667,72,40,2,38,108,127,339,1.57e-06,48.5
H1-4-201,Nvec_XM_032375358.1,42.254,71,39,2,38,107,176,385,8.97e-06,47.0
H1-5-201,Nvec_XM_032381636.1,45.833,72,37,2,41,111,109,321,2.08e-09,57.4
H1-5-201,Nvec_XM_032371990.1,45.070,71,38,1,41,111,37,246,2.15e-09,56.6
H1-5-201,Nvec_XM_032381660.1,48.611,72,35,2,41,111,411,623,2.25e-09,58.2
H1-5-201,Nvec_XM_032363299.1,45.070,71,38,1,41,111,104,313,4.14e-09,56.2
H1-5-201,Nvec_XM_032381669.1,46.479,71,36,2,41,110,689,898,1.11e-08,55.8
H1-5-201,Nvec_XM_032376958.1,46.377,69,35,2,44,111,7,210,1.63e-08,54.3
H1-5-201,Nvec_XM_001640303.2,45.070,71,37,2,41,110,100,309,1.70e-08,52.0
H1-5-201,Nvec_XM_001622201.2,45.833,72,37,2,41,111,132,344,1.84e-08,54.7
H1-5-201,Nvec_XM_032376957.1,44.444,72,38,2,41,111,162,374,1.87e-08,54.7
H1-5-201,Nvec_XM_032382326.1,44.444,72,38,2,41,111,160,372,2.10e-08,54.7
H1-5-201,Nvec_XM_032381662.1,46.377,69,35,2,44,111,113,316,2.16e-08,53.9
H1-5-201,Nvec_XM_032364288.1,43.056,72,39,2,41,111,398,610,2.55e-08,55.1
H1-5-201,Nvec_XM_001640299.2,45.833,72,37,2,41,111,100,312,2.68e-08,54.3
H1-5-201,Nvec_XM_032365679.1,45.833,72,37,2,41,111,122,334,3.17e-08,53.9
H1-5-201,Nvec_XM_001640424.2,43.056,72,39,2,41,111,73,285,5.46e-08,50.8
H1-5-201,Nvec_XM_032365678.1,44.444,72,38,2,41,111,127,339,5.80e-08,53.1
H1-5-201,Nvec_XM_032375358.1,42.254,71,39,2,41,110,176,385,1.43e-06,49.3
H1-10-201,Nvec_XM_032381662.1,43.662,71,39,1,47,117,107,316,2.00e-07,51.2
H1-10-201,Nvec_XM_032381660.1,45.205,73,35,2,47,117,414,623,4.34e-07,50.8
H1-10-201,Nvec_XM_032381669.1,43.056,72,36,2,47,116,692,898,1.48e-06,49.3
H1-10-201,Nvec_XM_032375358.1,39.726,73,43,1,47,119,179,394,5.87e-06,47.4
H1-10-201,Nvec_XM_032376958.1,43.662,71,39,1,47,117,1,210,7.00e-06,46.6
H1-2-201,Nvec_XM_032381660.1,50.667,75,35,2,35,108,402,623,3.58e-10,60.1
H1-2-201,Nvec_XM_032381636.1,46.667,75,38,2,35,108,100,321,1.09e-09,57.8
H1-2-201,Nvec_XM_032381669.1,48.649,74,36,2,35,107,680,898,1.83e-09,57.8
H1-2-201,Nvec_XM_032371990.1,46.479,71,37,1,38,108,37,246,2.13e-09,56.6
H1-2-201,Nvec_XM_032381662.1,46.667,75,38,2,35,108,95,316,5.31e-09,55.5
H1-2-201,Nvec_XM_032363299.1,46.479,71,37,1,38,108,104,313,5.87e-09,55.5
H1-2-201,Nvec_XM_032364288.1,43.038,79,43,2,35,112,389,622,7.96e-09,56.2
H1-2-201,Nvec_XM_032376957.1,45.833,72,37,2,38,108,162,374,2.00e-08,54.7
H1-2-201,Nvec_XM_032382326.1,45.833,72,37,2,38,108,160,372,2.23e-08,54.7
H1-2-201,Nvec_XM_032376958.1,46.377,69,35,2,41,108,7,210,8.30e-08,52.0
H1-2-201,Nvec_XM_001622201.2,44.000,75,40,2,38,111,132,353,9.27e-08,52.4
H1-2-201,Nvec_XM_032375358.1,43.902,82,43,3,32,111,155,397,1.81e-07,51.6
H1-2-201,Nvec_XM_001640299.2,43.056,72,39,2,38,108,100,312,8.05e-07,49.7
H1-2-201,Nvec_XM_001640303.2,42.254,71,39,2,38,107,100,309,8.48e-07,47.0
H1-2-201,Nvec_XM_032365679.1,43.056,72,39,2,38,108,122,334,8.97e-07,49.3
H1-2-201,Nvec_XM_001640424.2,42.254,71,41,0,38,108,73,285,1.55e-06,46.6
H1-2-201,Nvec_XM_032365678.1,41.667,72,40,2,38,108,127,339,1.74e-06,48.5
H1-2-201,Nvec_XM_032362120.1,44.595,74,41,0,35,108,196,417,8.31e-06,46.6
H1-0-201,Pbac_AVPN01000650.1,47.945,73,38,0,24,96,4109,3891,2.83e-16,78.2
H1-0-201,Pbac_AVPN01000650.1,47.945,73,38,0,24,96,1782,1564,3.53e-16,77.8
H1-0-201,Pbac_AVPN01000715.1,47.945,73,38,0,24,96,37799,38017,7.29e-16,77.0
H1-0-201,Pbac_AVPN01002802.1,47.222,72,38,0,24,95,1666,1881,4.43e-11,63.2
H1-0-201,Pbac_AVPN01002802.1,47.222,72,38,0,24,95,7092,7307,4.43e-11,63.2
H1-0-201,Pbac_AVPN01001315.1,47.222,72,38,0,24,95,5287,5502,8.89e-11,62.0
H1-0-201,Pbac_AVPN01001315.1,47.222,72,38,0,24,95,3840,4055,9.96e-11,62.0
H1-0-201,Pbac_AVPN01018973.1,53.659,41,19,0,24,64,4533,4655,5.69e-10,49.7
H1-0-201,Pbac_AVPN01018973.1,43.750,32,18,0,65,96,4657,4752,5.69e-10,32.7
H1-0-201,Pbac_AVPN01017011.1,51.020,49,24,0,24,72,423,569,5.90e-10,57.8
H1-0-201,Pdam_Pocillopora_damicornis_28821,62.500,72,27,0,24,95,64,279,6.81e-26,96.3
H1-0-201,Pdam_Pocillopora_damicornis_1036,62.500,72,27,0,24,95,64,279,1.28e-25,96.7
H1-0-201,Pdam_Pocillopora_damicornis_27307,62.500,72,27,0,24,95,64,279,1.38e-25,96.7
H1-0-201,Pdam_Pocillopora_damicornis_28716,56.944,72,31,0,24,95,109,324,3.35e-21,84.0
H1-0-201,Pdam_Pocillopora_damicornis_24605,55.263,76,33,1,24,99,73,297,5.99e-20,82.0
H1-0-201,Pdam_Pocillopora_damicornis_26234,38.272,81,49,1,26,105,163,405,5.82e-09,51.2
H1-0-201,Pdam_Pocillopora_damicornis_25778,46.296,54,27,1,25,76,91,252,1.71e-08,49.3
H1-1-201,Pdam_Pocillopora_damicornis_28821,42.647,68,37,2,45,111,82,282,1.08e-06,45.4
H1-1-201,Pdam_Pocillopora_damicornis_1036,42.647,68,37,2,45,111,82,282,1.25e-06,45.8
H1-1-201,Pdam_Pocillopora_damicornis_27307,42.647,68,37,2,45,111,82,282,1.69e-06,45.4
H1-3-201,Pdam_Pocillopora_damicornis_28821,43.056,72,39,2,39,109,70,282,2.14e-08,50.4
H1-3-201,Pdam_Pocillopora_damicornis_1036,43.056,72,39,2,39,109,70,282,2.56e-08,50.8
H1-3-201,Pdam_Pocillopora_damicornis_27307,43.056,72,39,2,39,109,70,282,9.79e-08,49.3
H1-3-201,Pdam_Pocillopora_damicornis_24605,41.429,70,40,1,39,108,79,285,2.24e-06,45.1
H1-4-201,Pdam_Pocillopora_damicornis_28821,43.056,72,39,2,38,108,70,282,1.88e-08,50.8
H1-4-201,Pdam_Pocillopora_damicornis_1036,43.056,72,39,2,38,108,70,282,2.20e-08,50.8
H1-4-201,Pdam_Pocillopora_damicornis_27307,43.056,72,39,2,38,108,70,282,5.83e-08,49.7
H1-4-201,Pdam_Pocillopora_damicornis_24605,41.429,70,40,1,38,107,79,285,1.54e-06,45.8
H1-8-201,Pdam_Pocillopora_damicornis_26234,40.244,82,45,2,53,134,163,396,1.81e-07,48.1
H1-5-201,Pdam_Pocillopora_damicornis_28821,43.056,72,39,2,41,111,70,282,5.09e-08,49.7
H1-5-201,Pdam_Pocillopora_damicornis_1036,43.056,72,39,2,41,111,70,282,6.27e-08,49.7
H1-5-201,Pdam_Pocillopora_damicornis_27307,43.056,72,39,2,41,111,70,282,1.33e-07,48.9
H1-5-201,Pdam_Pocillopora_damicornis_24605,41.429,70,40,1,41,110,79,285,4.87e-07,47.4
H1-2-201,Pdam_Pocillopora_damicornis_27307,42.857,77,42,2,33,108,55,282,7.21e-09,52.4
H1-2-201,Pdam_Pocillopora_damicornis_28821,43.056,72,39,2,38,108,70,282,1.59e-08,50.8
H1-2-201,Pdam_Pocillopora_damicornis_1036,43.056,72,39,2,38,108,70,282,1.90e-08,50.8
H1-2-201,Pdam_Pocillopora_damicornis_24605,40.244,82,48,1,29,110,52,294,1.23e-07,48.9
H1-0-201,Plut_plut2.m8.11294.m1,61.111,72,28,0,24,95,61,276,5.70e-25,96.7
H1-0-201,Plut_plut2.m8.20152.m1,59.211,76,30,1,24,99,667,891,1.72e-19,85.9
H1-0-201,Plut_plut2.m8.20152.m1,59.211,76,30,1,24,99,2035,2259,1.72e-19,85.9
H1-0-201,Plut_plut2.m8.17324.m1,61.111,72,27,1,24,95,808,1020,3.35e-19,84.7
H1-0-201,Plut_plut2.m8.17326.m1,61.111,72,27,1,24,95,1447,1659,4.21e-19,84.7
H1-0-201,Plut_plut2.m8.14762.m1,61.429,70,26,1,24,93,799,1005,8.07e-19,83.6
H1-0-201,Plut_plut2.m8.5455.m1,51.389,72,35,0,25,96,40,255,9.47e-19,81.3
H1-0-201,Plut_plut2.m8.19590.m1,61.429,70,26,1,24,93,721,927,1.50e-18,82.8
H1-0-201,Plut_plut2.m8.14761.m1,58.333,72,29,1,24,95,700,912,1.84e-18,82.4
H1-0-201,Plut_plut2.m8.6842.m1,60.000,70,27,1,24,93,733,939,4.30e-18,81.3
H1-0-201,Plut_plut2.m8.15682.m1,52.778,72,33,1,24,95,61,273,6.62e-17,76.6
H1-0-201,Plut_jamg1.model.Sc0000484.4,50.704,71,35,0,28,98,73,285,3.71e-16,73.2
H1-0-201,Plut_plut2.m8.27515.m1,46.512,86,42,3,25,106,22,279,2.08e-13,65.9
H1-0-201,Plut_plut2.m8.27516.m1,45.882,85,42,3,25,105,22,276,5.76e-13,64.7
H1-3-201,Plut_plut2.m8.11294.m1,47.222,72,36,2,39,109,67,279,1.30e-08,53.5
H1-3-201,Plut_plut2.m8.15682.m1,45.070,71,38,1,39,109,67,276,1.27e-07,51.2
H1-3-201,Plut_plut2.m8.17324.m1,45.714,70,37,1,39,108,814,1020,9.29e-07,49.3
H1-3-201,Plut_plut2.m8.20152.m1,45.714,70,37,1,39,108,673,879,9.48e-07,49.7
H1-3-201,Plut_plut2.m8.20152.m1,45.714,70,37,1,39,108,2041,2247,9.48e-07,49.7
H1-3-201,Plut_plut2.m8.17326.m1,45.714,70,37,1,39,108,1453,1659,1.04e-06,49.3
H1-3-201,Plut_plut2.m8.5455.m1,45.070,71,37,2,39,108,43,252,4.89e-06,46.6
H1-3-201,Plut_plut2.m8.6842.m1,42.647,68,38,1,39,106,739,939,6.32e-06,46.6
H1-3-201,Plut_plut2.m8.19590.m1,41.176,68,39,1,39,106,727,927,7.24e-06,46.6
H1-4-201,Plut_plut2.m8.11294.m1,47.222,72,36,2,38,108,67,279,1.12e-08,53.5
H1-4-201,Plut_plut2.m8.15682.m1,45.070,71,38,1,38,108,67,276,1.26e-07,51.2
H1-4-201,Plut_plut2.m8.17324.m1,45.714,70,37,1,38,107,814,1020,6.11e-07,49.7
H1-4-201,Plut_plut2.m8.17326.m1,45.714,70,37,1,38,107,1453,1659,7.20e-07,49.7
H1-4-201,Plut_plut2.m8.20152.m1,45.714,70,37,1,38,107,673,879,7.29e-07,49.7
H1-4-201,Plut_plut2.m8.20152.m1,45.714,70,37,1,38,107,2041,2247,7.29e-07,49.7
H1-4-201,Plut_plut2.m8.5455.m1,45.070,71,37,2,38,107,43,252,3.84e-06,47.0
H1-4-201,Plut_plut2.m8.6842.m1,42.647,68,38,1,38,105,739,939,4.17e-06,47.4
H1-4-201,Plut_plut2.m8.19590.m1,41.176,68,39,1,38,105,727,927,5.10e-06,47.0
H1-4-201,Plut_plut2.m8.14762.m1,41.176,68,39,1,38,105,805,1005,8.67e-06,46.2
H1-4-201,Plut_plut2.m8.14761.m1,40.000,70,41,1,38,107,706,912,9.62e-06,46.2
H1-8-201,Plut_plut2.m8.5455.m1,37.662,77,43,2,51,127,37,252,7.20e-06,47.4
H1-5-201,Plut_plut2.m8.11294.m1,45.833,72,37,2,41,111,67,279,6.05e-08,51.6
H1-5-201,Plut_plut2.m8.15682.m1,42.254,71,40,1,41,111,67,276,3.85e-07,50.1
H1-5-201,Plut_plut2.m8.17324.m1,44.286,70,38,1,41,110,814,1020,9.18e-07,49.3
H1-5-201,Plut_plut2.m8.20152.m1,44.286,70,38,1,41,110,673,879,9.96e-07,49.7
H1-5-201,Plut_plut2.m8.20152.m1,44.286,70,38,1,41,110,2041,2247,9.96e-07,49.7
H1-5-201,Plut_plut2.m8.17326.m1,44.286,70,38,1,41,110,1453,1659,9.99e-07,49.3
H1-5-201,Plut_plut2.m8.6842.m1,42.647,68,38,1,41,108,739,939,1.21e-06,48.9
H1-5-201,Plut_plut2.m8.19590.m1,41.176,68,39,1,41,108,727,927,1.34e-06,48.9
H1-5-201,Plut_plut2.m8.5455.m1,45.070,71,37,2,41,110,43,252,1.51e-06,48.1
H1-5-201,Plut_plut2.m8.14762.m1,41.176,68,39,1,41,108,805,1005,2.64e-06,47.8
H1-5-201,Plut_plut2.m8.14761.m1,40.000,70,41,1,41,110,706,912,2.90e-06,47.8
H1-2-201,Plut_plut2.m8.11294.m1,47.222,72,36,2,38,108,67,279,1.03e-08,53.5
H1-2-201,Plut_plut2.m8.15682.m1,45.070,71,38,1,38,108,67,276,1.08e-07,51.2
H1-2-201,Plut_plut2.m8.17324.m1,45.205,73,39,1,35,107,805,1020,7.94e-07,49.3
H1-2-201,Plut_plut2.m8.20152.m1,45.205,73,39,1,38,110,673,888,1.08e-06,49.3
H1-2-201,Plut_plut2.m8.20152.m1,45.205,73,39,1,38,110,2041,2256,1.08e-06,49.3
H1-2-201,Plut_plut2.m8.5455.m1,44.000,75,40,2,34,107,31,252,1.97e-06,47.8
H1-2-201,Plut_plut2.m8.17326.m1,45.714,70,37,1,38,107,1453,1659,2.25e-06,48.1
H1-2-201,Plut_plut2.m8.6842.m1,42.647,68,38,1,38,105,739,939,6.81e-06,46.6
H1-2-201,Plut_plut2.m8.19590.m1,41.176,68,39,1,38,105,727,927,8.81e-06,46.2
H1-0-201,Prus_13325_t,61.111,72,28,0,24,95,61,276,5.71e-25,96.7
H1-0-201,Prus_Prusg4125.t1,61.111,72,28,0,24,95,61,276,5.71e-25,96.7
H1-0-201,Prus_7529_t,61.111,72,27,1,24,95,67,279,1.11e-20,85.1
H1-0-201,Prus_Prusg9055.t1,61.111,72,27,1,24,95,67,279,1.11e-20,85.1
H1-0-201,Prus_7533_t,61.111,72,27,1,24,95,86,298,1.79e-20,84.7
H1-0-201,Prus_Prusg4188.t1,59.722,72,28,1,24,95,58,270,3.33e-20,84.0
H1-0-201,Prus_3980_t,59.722,72,28,1,24,95,147,359,8.56e-20,83.6
H1-0-201,Prus_1656_t,60.000,70,27,1,24,93,58,264,2.30e-19,81.6
H1-0-201,Prus_Prusg12361.t1,60.000,70,27,1,24,93,169,375,5.05e-19,81.6
H1-0-201,Prus_21824_t,51.389,72,35,0,25,96,40,255,1.24e-18,80.9
H1-0-201,Prus_Prusg181.t1,51.389,72,35,0,25,96,40,255,1.24e-18,80.9
H1-0-201,Prus_17463_t,54.054,74,33,1,24,97,61,279,4.70e-18,78.2
H1-0-201,Prus_Prusg3325.t1,54.054,74,33,1,24,97,61,279,4.70e-18,78.2
H1-0-201,Prus_Prusg9059.t1,60.000,65,25,1,31,95,1,192,2.21e-15,70.5
H1-1-201,Prus_17463_t,44.286,70,38,1,45,114,79,285,1.06e-06,47.8
H1-1-201,Prus_Prusg3325.t1,44.286,70,38,1,45,114,79,285,1.06e-06,47.8
H1-3-201,Prus_13325_t,47.222,72,36,2,39,109,67,279,1.34e-08,53.5
H1-3-201,Prus_Prusg4125.t1,47.222,72,36,2,39,109,67,279,1.34e-08,53.5
H1-3-201,Prus_17463_t,46.479,71,37,1,39,109,67,276,7.75e-08,51.2
H1-3-201,Prus_Prusg3325.t1,46.479,71,37,1,39,109,67,276,7.75e-08,51.2
H1-3-201,Prus_7529_t,45.714,70,37,1,39,108,73,279,1.65e-07,50.1
H1-3-201,Prus_Prusg9055.t1,45.714,70,37,1,39,108,73,279,1.65e-07,50.1
H1-3-201,Prus_7533_t,45.714,70,37,1,39,108,92,298,2.01e-07,50.1
H1-3-201,Prus_Prusg4188.t1,41.429,70,40,1,39,108,64,270,5.69e-07,48.5
H1-3-201,Prus_3980_t,41.429,70,40,1,39,108,153,359,9.05e-07,48.5
H1-3-201,Prus_1656_t,42.647,68,38,1,39,106,64,264,1.60e-06,47.4
H1-3-201,Prus_Prusg12361.t1,42.647,68,38,1,39,106,175,375,2.34e-06,47.4
H1-3-201,Prus_21824_t,45.070,71,37,2,39,108,43,252,4.11e-06,46.6
H1-3-201,Prus_Prusg181.t1,45.070,71,37,2,39,108,43,252,4.11e-06,46.6
H1-4-201,Prus_13325_t,47.222,72,36,2,38,108,67,279,1.20e-08,53.5
H1-4-201,Prus_Prusg4125.t1,47.222,72,36,2,38,108,67,279,1.20e-08,53.5
H1-4-201,Prus_17463_t,46.479,71,37,1,38,108,67,276,6.03e-08,51.6
H1-4-201,Prus_Prusg3325.t1,46.479,71,37,1,38,108,67,276,6.03e-08,51.6
H1-4-201,Prus_7529_t,45.714,70,37,1,38,107,73,279,1.48e-07,50.1
H1-4-201,Prus_Prusg9055.t1,45.714,70,37,1,38,107,73,279,1.48e-07,50.1
H1-4-201,Prus_7533_t,45.714,70,37,1,38,107,92,298,1.63e-07,50.4
H1-4-201,Prus_Prusg4188.t1,41.429,70,40,1,38,107,64,270,3.73e-07,49.3
H1-4-201,Prus_3980_t,41.429,70,40,1,38,107,153,359,4.69e-07,49.3
H1-4-201,Prus_1656_t,42.647,68,38,1,38,105,64,264,1.23e-06,47.8
H1-4-201,Prus_Prusg12361.t1,42.647,68,38,1,38,105,175,375,1.49e-06,47.8
H1-4-201,Prus_21824_t,45.070,71,37,2,38,107,43,252,3.23e-06,47.0
H1-4-201,Prus_Prusg181.t1,45.070,71,37,2,38,107,43,252,3.23e-06,47.0
H1-8-201,Prus_21824_t,37.662,77,43,2,51,127,37,252,7.36e-06,47.0
H1-8-201,Prus_Prusg181.t1,37.662,77,43,2,51,127,37,252,7.36e-06,47.0
H1-5-201,Prus_13325_t,45.833,72,37,2,41,111,67,279,6.34e-08,51.6
H1-5-201,Prus_Prusg4125.t1,45.833,72,37,2,41,111,67,279,6.34e-08,51.6
H1-5-201,Prus_Prusg4188.t1,41.429,70,40,1,41,110,64,270,8.51e-08,51.2
H1-5-201,Prus_3980_t,41.429,70,40,1,41,110,153,359,1.11e-07,51.2
H1-5-201,Prus_17463_t,43.662,71,39,1,41,111,67,276,1.63e-07,50.4
H1-5-201,Prus_Prusg3325.t1,43.662,71,39,1,41,111,67,276,1.63e-07,50.4
H1-5-201,Prus_7529_t,44.286,70,38,1,41,110,73,279,1.92e-07,50.1
H1-5-201,Prus_Prusg9055.t1,44.286,70,38,1,41,110,73,279,1.92e-07,50.1
H1-5-201,Prus_7533_t,44.286,70,38,1,41,110,92,298,2.40e-07,50.1
H1-5-201,Prus_1656_t,42.647,68,38,1,41,108,64,264,2.84e-07,49.7
H1-5-201,Prus_Prusg12361.t1,42.647,68,38,1,41,108,175,375,3.13e-07,50.1
H1-5-201,Prus_21824_t,45.070,71,37,2,41,110,43,252,1.48e-06,48.1
H1-5-201,Prus_Prusg181.t1,45.070,71,37,2,41,110,43,252,1.48e-06,48.1
H1-10-201,Prus_17463_t,37.662,77,42,2,47,121,70,288,2.33e-06,47.0
H1-10-201,Prus_Prusg3325.t1,37.662,77,42,2,47,121,70,288,2.33e-06,47.0
H1-6-201,Prus_17463_t,40.845,71,41,1,46,116,79,288,8.73e-06,45.1
H1-6-201,Prus_Prusg3325.t1,40.845,71,41,1,46,116,79,288,8.73e-06,45.1
H1-2-201,Prus_17463_t,46.753,77,40,1,35,111,58,285,1.77e-09,55.5
H1-2-201,Prus_Prusg3325.t1,46.753,77,40,1,35,111,58,285,1.77e-09,55.5
H1-2-201,Prus_13325_t,47.222,72,36,2,38,108,67,279,1.12e-08,53.5
H1-2-201,Prus_Prusg4125.t1,47.222,72,36,2,38,108,67,279,1.12e-08,53.5
H1-2-201,Prus_7529_t,45.714,70,37,1,38,107,73,279,2.14e-07,49.7
H1-2-201,Prus_Prusg9055.t1,45.714,70,37,1,38,107,73,279,2.14e-07,49.7
H1-2-201,Prus_7533_t,45.714,70,37,1,38,107,92,298,2.77e-07,49.7
H1-2-201,Prus_Prusg4188.t1,41.429,70,40,1,38,107,64,270,5.48e-07,48.5
H1-2-201,Prus_3980_t,41.429,70,40,1,38,107,153,359,1.22e-06,47.8
H1-2-201,Prus_1656_t,42.647,68,38,1,38,105,64,264,1.78e-06,47.0
H1-2-201,Prus_21824_t,44.000,75,40,2,34,107,31,252,1.89e-06,47.8
H1-2-201,Prus_Prusg181.t1,44.000,75,40,2,34,107,31,252,1.89e-06,47.8
H1-2-201,Prus_Prusg12361.t1,42.647,68,38,1,38,105,175,375,3.29e-06,46.6
H1-0-201,Pver_TRINITY_DN64333_c0_g1_i1,62.500,72,27,0,24,95,155,370,6.37e-24,96.7
H1-0-201,Pver_TRINITY_DN11776_c0_g1_i5,64.286,70,24,1,24,93,88,294,9.60e-21,89.4
H1-0-201,Pver_TRINITY_DN11776_c0_g2_i1,57.895,76,31,1,24,99,74,298,7.08e-20,86.3
H1-0-201,Pver_TRINITY_DN20485_c0_g1_i1,59.259,54,21,1,42,95,3,161,1.69e-12,62.0
H1-0-201,Pver_TRINITY_DN40769_c0_g1_i1,45.946,74,37,2,25,95,75,296,1.00e-10,60.1
H1-3-201,Pver_TRINITY_DN64333_c0_g1_i1,43.056,72,39,2,39,109,161,373,2.62e-07,50.8
H1-3-201,Pver_TRINITY_DN11776_c0_g1_i5,45.588,68,36,1,39,106,94,294,4.09e-07,50.4
H1-3-201,Pver_TRINITY_DN11776_c0_g2_i1,41.429,70,40,1,39,108,80,286,7.76e-06,46.6
H1-4-201,Pver_TRINITY_DN64333_c0_g1_i1,43.056,72,39,2,38,108,161,373,2.25e-07,51.2
H1-4-201,Pver_TRINITY_DN11776_c0_g1_i5,45.588,68,36,1,38,105,94,294,3.42e-07,50.8
H1-4-201,Pver_TRINITY_DN11776_c0_g2_i1,41.429,70,40,1,38,107,80,286,4.94e-06,47.0
H1-5-201,Pver_TRINITY_DN64333_c0_g1_i1,43.056,72,39,2,41,111,161,373,6.85e-07,49.7
H1-5-201,Pver_TRINITY_DN11776_c0_g1_i5,42.647,68,38,1,41,108,94,294,1.21e-06,49.3
H1-5-201,Pver_TRINITY_DN11776_c0_g2_i1,41.429,70,40,1,41,110,80,286,1.33e-06,48.9
H1-2-201,Pver_TRINITY_DN64333_c0_g1_i1,43.056,72,39,2,38,108,161,373,2.12e-07,50.8
H1-2-201,Pver_TRINITY_DN11776_c0_g1_i5,45.588,68,36,1,38,105,94,294,3.61e-07,50.4
H1-2-201,Pver_TRINITY_DN11776_c0_g2_i1,39.744,78,46,1,33,110,65,295,1.41e-06,48.5
H1-0-201,Spis_Stylophora_pistillata_20466,50.685,73,36,0,25,97,187,405,3.41e-18,79.0
H1-0-201,Spis_Stylophora_pistillata_15184,42.667,75,40,2,24,95,19,243,9.37e-11,57.8
H1-1-201,Spis_Stylophora_pistillata_20466,38.961,77,47,0,45,121,202,432,1.22e-06,47.0
H1-3-201,Spis_Stylophora_pistillata_20466,40.278,72,43,0,37,108,184,399,3.67e-06,45.8
H1-4-201,Spis_Stylophora_pistillata_20466,41.429,70,41,0,38,107,190,399,2.55e-06,46.2
H1-5-201,Spis_Stylophora_pistillata_20466,41.429,70,41,0,41,110,190,399,2.76e-06,46.2
H1-2-201,Spis_Stylophora_pistillata_20466,40.506,79,47,0,35,113,181,417,3.98e-07,48.5
