Prmt1-202,Adig_Acropora_digitifera_2791,66.574,359,115,1,13,371,73,1134,8.51e-174,488
Prmt1-202,Adig_Acropora_digitifera_11729,34.603,315,193,8,53,357,397,1332,2.34e-49,174
Prmt1-202,Adig_Acropora_digitifera_6533,40.212,189,112,1,165,352,1,567,3.42e-47,158
Prmt1-202,Adig_Acropora_digitifera_1645,46.237,93,48,2,51,141,358,636,3.16e-19,84.7
Prmt2-203,Adig_Acropora_digitifera_2791,32.059,340,190,7,114,452,178,1077,4.76e-61,203
Prmt2-203,Adig_Acropora_digitifera_1645,47.753,178,89,2,44,217,145,678,7.29e-52,174
Prmt2-203,Adig_Acropora_digitifera_11729,35.015,337,169,10,113,440,394,1281,1.19e-47,172
Prmt2-203,Adig_Acropora_digitifera_6533,26.860,242,132,6,226,466,1,594,1.41e-21,91.7
Prmt2-203,Adig_Acropora_digitifera_14836,34.921,63,41,0,49,111,2050,2238,3.17e-06,48.9
Prmt3-201,Adig_Acropora_digitifera_2791,52.145,303,144,1,217,519,178,1083,9.94e-100,305
Prmt3-201,Adig_Acropora_digitifera_6533,47.872,188,98,0,329,516,1,564,2.48e-59,194
Prmt3-201,Adig_Acropora_digitifera_11729,34.177,316,192,8,217,521,397,1329,1.91e-43,162
Prmt3-201,Adig_Acropora_digitifera_1645,39.259,135,68,4,188,320,310,678,1.93e-17,80.5
Prmt5-201,Adig_Acropora_digitifera_7022,56.813,477,201,4,19,494,55,1473,0.0,543
Prmt5-201,Adig_Acropora_digitifera_7023,62.238,143,54,0,495,637,7,435,3.40e-57,189
Prmt6-203,Adig_Acropora_digitifera_2791,37.461,323,183,7,36,356,145,1062,1.36e-67,217
Prmt6-203,Adig_Acropora_digitifera_11729,37.700,313,182,7,41,349,370,1281,1.28e-56,194
Prmt6-203,Adig_Acropora_digitifera_1645,48.624,109,54,2,46,152,352,678,4.93e-25,100
Prmt6-203,Adig_Acropora_digitifera_6533,31.343,201,124,6,161,360,1,564,4.87e-23,94.7
Prmt6-203,Adig_Acropora_digitifera_7297,26.380,163,107,4,58,208,157,642,3.92e-09,55.8
Prmt7-201,Adig_Acropora_digitifera_2635,39.907,431,241,6,272,687,154,1437,6.30e-108,335
Prmt7-201,Adig_Acropora_digitifera_7297,46.888,241,124,2,2,241,64,777,1.56e-66,219
Prmt7-201,Adig_Acropora_digitifera_11729,26.000,300,171,12,37,322,433,1221,1.98e-12,69.3
Prmt7-201,Adig_Acropora_digitifera_2791,22.951,244,161,6,8,242,151,828,7.75e-10,60.5
Prmt7-201,Adig_Acropora_digitifera_451,40.741,54,30,1,114,167,19,174,8.51e-06,45.1
Prmt8-201,Adig_Acropora_digitifera_2791,66.667,354,112,1,47,394,73,1134,4.43e-165,466
Prmt8-201,Adig_Acropora_digitifera_6533,39.683,189,113,1,188,375,1,567,4.49e-47,159
Prmt8-201,Adig_Acropora_digitifera_11729,33.628,339,209,10,54,380,328,1332,1.64e-42,155
Prmt8-201,Adig_Acropora_digitifera_1645,45.745,94,49,2,74,165,358,639,3.63e-17,79.0
Prmt9-201,Adig_Acropora_digitifera_451,39.437,142,74,4,222,353,7,426,9.42e-24,97.1
Prmt9-201,Adig_Acropora_digitifera_7297,31.373,204,117,6,142,334,130,705,2.49e-15,75.9
Prmt9-201,Adig_Acropora_digitifera_11729,34.454,119,72,3,156,273,436,777,1.98e-11,66.6
Prmt9-201,Adig_Acropora_digitifera_1645,30.857,175,106,5,83,245,163,678,3.60e-11,63.2
Prmt9-201,Adig_Acropora_digitifera_2791,31.496,127,82,3,153,278,208,576,6.41e-11,64.3
Prmt9-201,Adig_Acropora_digitifera_2635,22.581,279,193,8,151,424,457,1239,4.65e-09,58.5
Prmt1-202,Ahya_Acropora_hyacinthus_11755,31.683,101,69,0,187,287,1,303,9.05e-19,78.2
Prmt2-203,Ahya_Acropora_hyacinthus_11755,25.714,105,72,2,250,354,7,303,5.95e-06,42.4
Prmt3-201,Ahya_Acropora_hyacinthus_11755,40.404,99,59,0,353,451,7,303,3.36e-22,89.0
Prmt5-201,Ahya_Acropora_hyacinthus_8963,62.838,148,55,0,192,339,25,468,1.80e-60,196
Prmt5-201,Ahya_Acropora_hyacinthus_8176,61.062,113,44,0,525,637,7,345,5.46e-43,147
Prmt6-203,Ahya_Acropora_hyacinthus_437,37.975,79,39,4,105,176,1,228,2.07e-07,47.0
Prmt7-201,Ahya_Acropora_hyacinthus_437,37.349,83,49,2,85,167,4,243,2.59e-10,56.2
Prmt8-201,Ahya_Acropora_hyacinthus_11755,28.713,101,72,0,210,310,1,303,6.11e-16,70.5
Prmt9-201,Ahya_Acropora_hyacinthus_437,52.033,123,57,2,197,318,1,366,2.53e-35,127
Prmt9-201,Ahya_Acropora_hyacinthus_1639,36.522,115,62,2,742,845,1,345,7.70e-18,77.8
Prmt1-202,Amil_Acropora_millepora_8209,66.574,359,115,1,13,371,73,1134,1.42e-173,488
Prmt1-202,Amil_Acropora_millepora_10940,46.154,351,186,2,5,352,457,1509,6.39e-95,292
Prmt1-202,Amil_Acropora_millepora_13437,37.975,316,182,8,51,353,358,1302,1.19e-55,188
Prmt1-202,Amil_Acropora_millepora_4747,34.603,315,193,8,53,357,397,1332,3.61e-49,174
Prmt1-202,Amil_Acropora_millepora_9022,35.878,131,79,4,63,189,199,588,7.10e-10,59.3
Prmt2-203,Amil_Acropora_millepora_13437,43.280,439,212,6,44,475,145,1371,1.95e-125,372
Prmt2-203,Amil_Acropora_millepora_8209,32.059,340,190,7,114,452,178,1077,7.95e-61,203
Prmt2-203,Amil_Acropora_millepora_10940,33.156,377,201,9,96,466,541,1536,1.20e-57,198
Prmt2-203,Amil_Acropora_millepora_4747,35.015,337,169,10,113,440,394,1281,1.94e-47,172
Prmt2-203,Amil_Acropora_millepora_9022,31.061,132,84,4,124,250,199,588,5.66e-08,53.9
Prmt2-203,Amil_Acropora_millepora_6331,26.601,203,133,7,157,355,1090,1662,3.77e-06,49.3
Prmt2-203,Amil_Acropora_millepora_226,34.921,63,41,0,49,111,2050,2238,5.03e-06,48.9
Prmt3-201,Amil_Acropora_millepora_10940,46.266,482,242,4,46,516,79,1506,5.38e-146,429
Prmt3-201,Amil_Acropora_millepora_8209,52.145,303,144,1,217,519,178,1083,1.66e-99,305
Prmt3-201,Amil_Acropora_millepora_13437,35.569,343,189,9,188,514,310,1290,4.28e-54,189
Prmt3-201,Amil_Acropora_millepora_4747,34.177,316,192,8,217,521,397,1329,3.66e-43,161
Prmt3-201,Amil_Acropora_millepora_9022,36.364,121,73,4,227,344,199,558,5.07e-08,54.3
Prmt3-201,Amil_Acropora_millepora_17178,27.358,106,55,3,46,129,820,1137,9.03e-06,47.8
Prmt5-201,Amil_Acropora_millepora_6331,58.065,620,255,4,19,637,61,1908,0.0,729
Prmt6-203,Amil_Acropora_millepora_8209,37.461,323,183,7,36,356,145,1062,2.27e-67,217
Prmt6-203,Amil_Acropora_millepora_10940,37.309,327,188,7,37,360,568,1506,5.21e-63,209
Prmt6-203,Amil_Acropora_millepora_13437,37.879,330,183,9,46,364,352,1308,2.04e-60,201
Prmt6-203,Amil_Acropora_millepora_4747,37.700,313,182,7,41,349,370,1281,2.15e-56,194
Prmt6-203,Amil_Acropora_millepora_9022,39.024,123,66,5,60,176,199,558,2.69e-16,78.6
Prmt6-203,Amil_Acropora_millepora_4335,26.994,163,106,4,58,208,154,639,2.11e-09,58.9
Prmt7-201,Amil_Acropora_millepora_4335,40.853,727,380,12,2,687,61,2214,0.0,551
Prmt7-201,Amil_Acropora_millepora_9022,42.308,130,67,3,38,167,208,573,5.97e-22,96.7
Prmt7-201,Amil_Acropora_millepora_4747,26.000,300,171,12,37,322,433,1221,3.25e-12,69.3
Prmt7-201,Amil_Acropora_millepora_8209,22.951,244,161,6,8,242,151,828,1.30e-09,60.5
Prmt7-201,Amil_Acropora_millepora_10940,22.713,317,190,13,23,330,625,1437,7.90e-08,55.1
Prmt7-201,Amil_Acropora_millepora_13437,25.131,191,120,6,12,194,334,861,7.72e-07,52.0
Prmt8-201,Amil_Acropora_millepora_8209,66.667,354,112,1,47,394,73,1134,7.41e-165,466
Prmt8-201,Amil_Acropora_millepora_10940,49.835,303,151,1,74,375,601,1509,3.35e-85,268
Prmt8-201,Amil_Acropora_millepora_13437,37.615,327,190,8,74,387,358,1335,7.14e-56,190
Prmt8-201,Amil_Acropora_millepora_4747,33.628,339,209,10,54,380,328,1332,2.64e-42,156
Prmt8-201,Amil_Acropora_millepora_9022,35.537,121,74,3,86,203,199,558,2.80e-06,48.5
Prmt9-201,Amil_Acropora_millepora_9022,43.564,303,158,5,89,380,7,909,6.08e-75,246
Prmt9-201,Amil_Acropora_millepora_9024,34.450,209,124,4,650,845,169,795,1.07e-33,130
Prmt9-201,Amil_Acropora_millepora_4335,26.776,366,197,16,142,463,127,1143,5.05e-17,85.5
Prmt9-201,Amil_Acropora_millepora_4335,22.939,279,192,8,151,424,1234,2016,2.13e-08,57.8
Prmt9-201,Amil_Acropora_millepora_10940,27.536,345,179,17,153,464,637,1557,9.10e-16,80.9
Prmt9-201,Amil_Acropora_millepora_13437,32.903,155,84,6,153,304,394,807,1.60e-11,67.0
Prmt9-201,Amil_Acropora_millepora_4747,34.454,119,72,3,156,273,436,777,3.31e-11,66.6
Prmt9-201,Amil_Acropora_millepora_8209,31.496,127,82,3,153,278,208,576,1.07e-10,64.3
Prmt1-202,Apal_XM_021040776.2,69.748,238,70,1,18,253,135,848,1.87e-109,323
Prmt1-202,Apal_XM_021039311.2,49.688,320,160,1,39,357,496,1455,6.07e-94,294
Prmt1-202,Apal_XM_021039876.1,55.851,188,83,0,38,225,629,1192,9.04e-59,196
Prmt1-202,Apal_XM_021041817.2,35.737,319,190,9,49,357,934,1875,5.25e-50,181
Prmt1-202,Apal_XM_021060775.2,42.029,138,79,1,221,357,69,482,1.95e-27,111
Prmt1-202,Apal_XM_021054940.2,27.852,298,160,10,63,317,441,1298,7.66e-12,67.4
Prmt2-203,Apal_XM_021039311.2,30.811,370,213,8,90,455,457,1449,1.37e-52,188
Prmt2-203,Apal_XM_021040776.2,39.437,213,121,5,114,325,246,863,6.40e-50,173
Prmt2-203,Apal_XM_021041817.2,35.629,334,171,9,113,440,943,1830,3.04e-49,182
Prmt2-203,Apal_XM_021039876.1,41.209,182,105,2,106,286,650,1192,7.91e-42,154
Prmt2-203,Apal_XM_021054940.2,28.846,156,102,5,98,246,357,818,9.28e-10,62.0
Prmt2-203,Apal_XM_021047417.1,24.793,242,159,7,131,362,985,1671,5.45e-06,49.7
Prmt3-201,Apal_XM_021039311.2,50.000,452,209,4,82,516,82,1437,3.93e-134,404
Prmt3-201,Apal_XM_021039876.1,50.693,361,161,4,46,389,110,1192,2.00e-106,324
Prmt3-201,Apal_XM_021040776.2,54.726,201,91,0,217,417,246,848,1.19e-67,221
Prmt3-201,Apal_XM_021041817.2,36.677,319,182,10,217,522,946,1881,1.23e-42,164
Prmt3-201,Apal_XM_021060775.2,46.875,128,68,0,385,512,69,452,2.02e-28,116
Prmt3-201,Apal_XM_021054940.2,28.082,292,168,12,227,482,441,1298,6.36e-12,68.9
Prmt5-201,Apal_XM_021047417.1,54.502,622,278,4,19,637,34,1893,0.0,730
Prmt5-201,Apal_XM_021041355.2,31.915,188,105,7,310,481,97,639,1.19e-09,62.0
Prmt5-201,Apal_XM_021041355.2,36.047,86,46,2,539,617,1141,1392,3.44e-08,57.4
Prmt5-201,Apal_XM_021041817.2,24.172,302,194,8,329,612,991,1845,3.63e-07,54.3
Prmt6-203,Apal_XM_021039311.2,36.503,326,191,7,44,366,520,1458,2.93e-59,203
Prmt6-203,Apal_XM_021041817.2,38.019,313,181,6,41,349,919,1830,2.90e-57,202
Prmt6-203,Apal_XM_021040776.2,46.196,184,94,3,50,231,246,788,1.26e-49,169
Prmt6-203,Apal_XM_021039876.1,46.154,182,93,3,44,223,656,1192,6.51e-44,157
Prmt6-203,Apal_XM_021054940.2,37.705,122,70,3,60,176,441,803,4.34e-16,80.9
Prmt6-203,Apal_XM_021060775.2,25.503,149,100,4,219,366,69,485,1.44e-08,56.6
Prmt7-201,Apal_XM_021042207.2,32.727,220,124,4,227,426,24,671,1.55e-28,116
Prmt7-201,Apal_XM_021054940.2,29.197,274,162,7,38,289,450,1241,5.78e-24,108
Prmt7-201,Apal_XM_021054940.2,25.078,319,176,15,370,650,417,1298,1.04e-10,65.9
Prmt7-201,Apal_XM_028663257.1,39.098,133,65,4,562,687,70,441,4.10e-20,89.4
Prmt7-201,Apal_XM_021040776.2,26.020,196,122,5,7,197,216,749,6.93e-10,61.6
Prmt7-201,Apal_XM_021041817.2,25.952,289,173,12,37,316,982,1752,3.03e-09,61.2
Prmt7-201,Apal_XM_021039311.2,20.938,320,192,12,23,330,556,1368,2.44e-07,54.7
Prmt7-201,Apal_XM_021039876.1,26.415,159,99,4,23,181,692,1114,9.45e-07,52.4
Prmt8-201,Apal_XM_021040776.2,71.366,227,65,0,50,276,168,848,2.83e-104,310
Prmt8-201,Apal_XM_021039311.2,49.346,306,154,1,76,380,538,1455,5.92e-84,269
Prmt8-201,Apal_XM_021039876.1,56.069,173,76,0,76,248,674,1192,1.58e-48,169
Prmt8-201,Apal_XM_021041817.2,35.329,334,201,9,69,392,925,1911,2.59e-46,171
Prmt8-201,Apal_XM_021060775.2,41.304,138,80,1,244,380,69,482,1.68e-27,112
Prmt8-201,Apal_XM_021054940.2,26.510,298,164,11,86,340,441,1298,3.81e-07,53.1
Prmt9-201,Apal_XM_021054940.2,32.517,858,502,22,25,831,57,2552,3.81e-136,427
Prmt9-201,Apal_XM_021040776.2,26.500,200,128,5,153,349,276,827,6.21e-14,74.3
Prmt9-201,Apal_XM_021039311.2,25.914,301,178,10,153,443,568,1365,8.69e-14,75.9
Prmt9-201,Apal_XM_021041817.2,36.975,119,69,3,156,273,985,1326,2.13e-12,72.0
Prmt9-201,Apal_XM_021039876.1,31.677,161,93,4,153,312,704,1138,3.87e-11,66.6
Prmt1-202,Apoc_chromosome_5.2472_1,65.289,363,116,2,19,371,1795,2883,7.45e-165,486
Prmt1-202,Apoc_chromosome_12.3692_1,51.104,317,151,2,51,363,628,1578,2.90e-99,304
Prmt1-202,Apoc_chromosome_10.872_1,37.143,315,184,7,53,354,247,1188,3.15e-53,182
Prmt1-202,Apoc_chromosome_3.1651_1,33.091,275,158,8,80,354,1,747,1.04e-34,133
Prmt1-202,Apoc_chromosome_10.2457_1,24.595,309,181,10,63,326,403,1308,4.81e-12,68.2
Prmt1-202,Apoc_chromosome_14.6280_1,26.829,164,110,3,50,203,22,513,3.60e-07,52.8
Prmt2-203,Apoc_chromosome_10.872_1,43.537,441,208,6,44,475,28,1254,1.25e-125,372
Prmt2-203,Apoc_chromosome_5.2472_1,32.941,340,187,6,114,452,1927,2826,8.21e-59,209
Prmt2-203,Apoc_chromosome_12.3692_1,32.749,342,190,7,111,451,625,1533,5.80e-54,189
Prmt2-203,Apoc_chromosome_3.1651_1,31.561,301,139,9,141,440,1,705,9.69e-32,127
Prmt2-203,Apoc_chromosome_14.7275_1,28.636,220,132,8,152,362,1060,1671,3.04e-08,56.6
Prmt2-203,Apoc_chromosome_14.6280_1,25.309,162,110,3,110,260,16,501,4.70e-07,52.8
Prmt2-203,Apoc_chromosome_10.2457_1,30.894,123,78,4,124,241,403,765,1.37e-06,51.6
Prmt3-201,Apoc_chromosome_12.3692_1,50.099,503,231,4,44,528,88,1590,1.43e-155,454
Prmt3-201,Apoc_chromosome_5.2472_1,49.383,324,156,2,196,519,1885,2832,1.89e-91,300
Prmt3-201,Apoc_chromosome_10.872_1,39.198,324,184,6,208,519,220,1188,4.62e-55,191
Prmt3-201,Apoc_chromosome_3.1651_1,32.740,281,158,9,244,522,1,756,2.74e-27,115
Prmt3-201,Apoc_chromosome_10.2457_1,25.767,326,181,13,227,503,403,1344,1.06e-10,65.1
Prmt5-201,Apoc_chromosome_14.7275_1,58.481,619,255,2,19,637,43,1893,0.0,748
Prmt5-201,Apoc_chromosome_10.872_1,26.054,261,155,12,359,593,358,1104,6.01e-07,52.8
Prmt6-203,Apoc_chromosome_5.2472_1,37.072,321,186,6,38,356,1891,2811,1.09e-62,216
Prmt6-203,Apoc_chromosome_12.3692_1,37.994,329,185,8,47,372,625,1563,2.68e-62,209
Prmt6-203,Apoc_chromosome_10.872_1,39.091,330,179,7,46,364,235,1191,5.73e-62,205
Prmt6-203,Apoc_chromosome_3.1651_1,37.591,274,131,7,77,349,1,705,1.83e-42,154
Prmt6-203,Apoc_chromosome_10.2457_1,36.170,141,76,6,60,194,403,801,2.23e-16,81.3
Prmt6-203,Apoc_chromosome_14.6280_1,21.875,320,205,12,58,336,55,1002,1.53e-09,60.1
Prmt6-203,Apoc_chromosome_14.7275_1,23.270,318,200,12,45,336,964,1863,4.28e-07,52.4
Prmt7-201,Apoc_chromosome_14.6280_1,42.570,646,334,6,15,629,1,1920,0.0,545
Prmt7-201,Apoc_chromosome_14.6280_1,25.448,279,170,8,412,659,184,999,1.92e-13,74.3
Prmt7-201,Apoc_chromosome_10.2457_1,29.286,280,159,8,38,289,412,1218,2.91e-23,105
Prmt7-201,Apoc_chromosome_3.1651_1,34.532,139,82,4,64,201,25,417,7.14e-11,65.5
Prmt7-201,Apoc_chromosome_12.3692_1,24.695,328,182,12,24,330,613,1464,1.84e-10,64.3
Prmt7-201,Apoc_chromosome_5.2472_1,22.420,281,169,9,8,265,1900,2664,3.33e-10,64.3
Prmt7-201,Apoc_chromosome_10.872_1,23.669,169,115,5,14,181,223,690,1.68e-07,54.7
Prmt8-201,Apoc_chromosome_5.2472_1,70.552,326,96,0,69,394,1906,2883,7.90e-156,464
Prmt8-201,Apoc_chromosome_12.3692_1,51.104,317,151,2,74,386,628,1578,1.85e-93,290
Prmt8-201,Apoc_chromosome_10.872_1,35.873,315,188,7,76,377,247,1188,1.78e-50,175
Prmt8-201,Apoc_chromosome_3.1651_1,32.364,275,160,9,103,377,1,747,1.46e-27,114
Prmt8-201,Apoc_chromosome_10.2457_1,29.299,157,94,4,86,226,403,870,4.59e-06,49.3
Prmt9-201,Apoc_chromosome_10.2457_1,34.629,849,477,20,29,845,31,2439,2.75e-151,464
Prmt9-201,Apoc_chromosome_14.6280_1,23.266,447,247,18,142,546,28,1206,3.51e-16,83.6
Prmt9-201,Apoc_chromosome_12.3692_1,27.425,299,160,12,153,437,664,1431,6.43e-14,75.9
Prmt9-201,Apoc_chromosome_10.872_1,32.031,128,81,3,153,278,277,648,8.40e-12,68.6
Prmt9-201,Apoc_chromosome_5.2472_1,32.283,127,81,3,153,278,1957,2325,9.15e-11,66.2
Prmt9-201,Apoc_chromosome_3.1651_1,33.654,104,64,2,170,273,4,300,9.52e-09,59.3
Prmt1-202,Aque_XM_003384893.3,64.412,340,118,1,35,371,119,1138,6.66e-156,443
Prmt1-202,Aque_XM_019994136.1,64.412,340,118,1,35,371,136,1155,8.86e-156,443
Prmt1-202,Aque_XM_020006718.1,62.397,242,91,0,102,343,1,726,1.61e-103,305
Prmt1-202,Aque_XM_003388629.3,48.355,304,157,0,50,353,578,1489,1.55e-84,266
Prmt1-202,Aque_XM_020003999.1,47.751,289,148,1,18,303,204,1070,2.93e-74,234
Prmt1-202,Aque_XM_020002939.1,39.785,372,176,3,18,353,274,1353,8.23e-71,229
Prmt1-202,Aque_XM_003387985.3,36.503,326,194,8,46,361,476,1444,5.31e-56,194
Prmt1-202,Aque_XM_019999745.1,35.077,325,200,6,38,351,240,1214,3.82e-49,172
Prmt1-202,Aque_XM_019999746.1,35.943,281,169,6,38,307,243,1085,1.54e-44,158
Prmt1-202,Aque_XM_003392072.2,58.824,136,56,0,50,185,97,504,4.37e-41,142
Prmt1-202,Aque_XM_011411150.1,43.846,130,73,0,192,321,3,392,5.88e-31,114
Prmt1-202,Aque_XM_020007560.1,50.833,120,57,2,69,188,10,363,2.68e-29,110
Prmt1-202,Aque_XM_020004850.1,54.737,95,40,1,38,129,333,617,6.83e-23,95.5
Prmt1-202,Aque_XM_020003006.1,38.776,98,60,0,191,288,4,297,1.09e-17,78.2
Prmt1-202,Aque_XM_020000482.1,30.573,157,100,4,56,204,153,620,2.16e-10,62.4
Prmt1-202,Aque_XM_019994695.1,28.105,153,99,3,63,204,293,751,1.56e-07,53.5
Prmt1-202,Aque_XR_002186020.1,35.211,71,46,0,281,351,84,296,3.00e-07,48.9
Prmt1-202,Aque_XR_002187051.1,31.818,110,67,4,228,333,840,1157,1.21e-06,50.4
Prmt1-202,Aque_XR_002187898.1,37.975,79,44,3,254,328,224,457,3.08e-06,48.1
Prmt1-202,Aque_XM_020004179.1,37.975,79,44,3,254,328,285,518,3.50e-06,48.1
Prmt1-202,Aque_XR_002187052.1,30.702,114,67,4,254,363,902,1219,3.63e-06,48.9
Prmt2-203,Aque_XM_019999745.1,42.529,435,212,6,47,475,75,1283,4.06e-111,338
Prmt2-203,Aque_XM_019999746.1,46.686,347,178,3,47,387,78,1115,8.52e-107,323
Prmt2-203,Aque_XM_019994136.1,31.268,355,199,8,107,460,178,1110,1.14e-55,190
Prmt2-203,Aque_XM_003384893.3,31.268,355,199,8,107,460,161,1093,1.35e-55,189
Prmt2-203,Aque_XM_003388629.3,33.151,365,197,9,110,472,575,1534,6.71e-53,186
Prmt2-203,Aque_XM_020003999.1,37.945,253,147,6,110,360,306,1040,1.11e-46,165
Prmt2-203,Aque_XM_020002939.1,32.277,347,176,9,128,472,529,1398,5.26e-45,164
Prmt2-203,Aque_XM_003387985.3,32.493,357,197,9,107,457,476,1432,1.00e-44,166
Prmt2-203,Aque_XM_003392072.2,45.638,149,74,3,104,246,61,504,8.03e-35,128
Prmt2-203,Aque_XM_020006718.1,27.431,288,168,7,163,449,1,744,3.62e-34,129
Prmt2-203,Aque_XM_020007560.1,50.833,120,57,2,130,249,10,363,2.38e-29,111
Prmt2-203,Aque_XM_020004850.1,46.575,73,38,1,110,182,375,590,3.89e-13,68.6
Prmt2-203,Aque_XM_019994695.1,31.126,151,90,6,124,266,293,727,1.88e-10,63.5
Prmt2-203,Aque_XM_020000482.1,24.561,171,114,3,101,261,111,608,5.72e-08,55.5
Prmt3-201,Aque_XM_003388629.3,45.684,475,239,7,48,518,110,1489,4.95e-116,353
Prmt3-201,Aque_XM_003384893.3,50.165,303,150,1,217,519,182,1087,2.92e-97,300
Prmt3-201,Aque_XM_019994136.1,50.165,303,150,1,217,519,199,1104,4.51e-97,299
Prmt3-201,Aque_XM_020002939.1,42.212,443,188,7,113,518,118,1353,2.03e-89,283
Prmt3-201,Aque_XM_020003999.1,48.045,358,170,4,113,468,39,1070,7.40e-88,275
Prmt3-201,Aque_XM_020006718.1,46.914,243,128,1,266,508,1,726,4.68e-66,214
Prmt3-201,Aque_XM_003392072.2,61.589,151,56,1,208,356,79,531,4.76e-53,177
Prmt3-201,Aque_XM_019999745.1,38.535,314,184,4,213,517,276,1217,5.92e-50,179
Prmt3-201,Aque_XM_019999746.1,37.500,272,161,4,213,475,279,1094,4.13e-42,155
Prmt3-201,Aque_XM_003387985.3,32.530,332,206,10,205,523,455,1435,8.22e-40,153
Prmt3-201,Aque_XM_011411150.1,47.727,132,68,1,356,487,3,395,6.24e-33,122
Prmt3-201,Aque_XM_020004850.1,45.355,183,86,3,113,293,105,617,4.07e-27,108
Prmt3-201,Aque_XM_020007560.1,49.558,113,56,1,233,345,10,345,2.71e-23,95.1
Prmt3-201,Aque_XM_020003006.1,42.157,102,59,0,354,455,1,306,7.08e-18,79.7
Prmt3-201,Aque_XR_002186020.1,45.455,66,35,1,447,512,90,284,4.43e-10,57.4
Prmt3-201,Aque_XR_002186018.1,38.889,72,41,1,447,518,1068,1274,4.21e-07,52.8
Prmt3-201,Aque_XR_002184746.1,29.245,106,68,2,413,518,423,719,1.67e-06,50.1
Prmt3-201,Aque_XR_002187052.1,40.278,72,39,2,447,518,998,1201,1.88e-06,50.4
Prmt3-201,Aque_XR_002187051.1,40.278,72,39,2,447,518,1005,1208,1.89e-06,50.4
Prmt3-201,Aque_XM_020000482.1,22.222,297,209,7,220,497,153,1034,5.57e-06,49.3
Prmt5-201,Aque_XM_019995465.1,49.903,513,237,5,19,526,157,1650,1.26e-173,506
Prmt6-203,Aque_XM_003384893.3,36.190,315,185,6,50,362,182,1084,3.45e-62,204
Prmt6-203,Aque_XM_019994136.1,36.190,315,185,6,50,362,199,1101,4.12e-62,204
Prmt6-203,Aque_XM_003387985.3,36.334,311,183,8,41,346,470,1372,1.64e-54,190
Prmt6-203,Aque_XM_003388629.3,34.337,332,194,9,36,361,545,1486,1.10e-53,186
Prmt6-203,Aque_XM_019999745.1,40.125,319,181,7,50,364,288,1226,3.38e-53,184
Prmt6-203,Aque_XM_019999746.1,40.520,269,150,7,50,314,291,1079,1.10e-48,169
Prmt6-203,Aque_XM_020002939.1,32.673,303,170,8,64,361,529,1350,1.44e-45,163
Prmt6-203,Aque_XM_020003999.1,41.451,193,108,3,36,226,276,845,1.86e-44,157
Prmt6-203,Aque_XM_020006718.1,35.156,256,150,6,99,352,1,726,2.63e-42,148
Prmt6-203,Aque_XM_003392072.2,46.939,147,77,1,36,181,64,504,1.13e-41,144
Prmt6-203,Aque_XM_020007560.1,50.427,117,57,1,66,182,10,357,1.72e-33,121
Prmt6-203,Aque_XM_020004850.1,41.758,91,53,0,36,126,345,617,3.42e-18,82.4
Prmt6-203,Aque_XM_019994695.1,33.553,152,89,5,60,199,293,748,3.56e-16,80.5
Prmt6-203,Aque_XM_020000482.1,22.667,300,190,11,62,336,171,1019,9.52e-12,66.6
Prmt7-201,Aque_XM_020000482.1,35.387,698,412,15,3,687,54,2069,9.01e-130,400
Prmt7-201,Aque_XM_011409923.2,33.882,608,360,15,92,687,9,1742,1.35e-101,323
Prmt7-201,Aque_XM_020004950.1,33.634,333,207,9,269,598,81,1046,2.91e-51,181
Prmt7-201,Aque_XM_020005453.1,35.319,235,135,5,459,687,52,723,8.22e-36,136
Prmt7-201,Aque_XM_020005501.1,47.761,134,65,1,1,129,47,448,1.06e-33,127
Prmt7-201,Aque_XM_020004319.1,32.766,235,139,6,459,687,77,742,5.26e-27,111
Prmt7-201,Aque_XM_020005502.1,46.535,101,49,1,1,96,47,349,4.91e-25,93.2
Prmt7-201,Aque_XM_020005502.1,51.429,35,17,0,95,129,363,467,4.91e-25,41.2
Prmt7-201,Aque_XR_002186994.1,50.588,85,42,0,45,129,231,485,1.50e-21,82.8
Prmt7-201,Aque_XR_002186994.1,38.298,47,24,1,3,44,35,175,1.50e-21,39.7
Prmt7-201,Aque_XM_019994695.1,36.310,168,92,3,38,197,302,784,1.67e-19,94.0
Prmt7-201,Aque_XM_019994136.1,23.273,275,162,9,17,268,199,945,2.76e-13,72.4
Prmt7-201,Aque_XM_003384893.3,23.273,275,162,9,17,268,182,928,2.96e-13,72.4
Prmt7-201,Aque_XM_003388629.3,24.691,324,187,13,23,334,605,1441,6.63e-11,65.5
Prmt7-201,Aque_XM_003387985.3,32.215,149,89,4,33,181,521,931,9.02e-11,65.5
Prmt7-201,Aque_XM_020007560.1,38.000,100,55,2,67,166,76,354,1.60e-10,59.3
Prmt7-201,Aque_XM_020002939.1,24.917,301,175,12,41,334,535,1305,1.37e-09,61.2
Prmt7-201,Aque_XM_020003999.1,31.613,155,88,4,23,177,336,746,3.01e-09,59.7
Prmt7-201,Aque_XM_003392072.2,32.857,140,76,4,23,162,124,489,4.35e-09,56.6
Prmt7-201,Aque_XM_019999746.1,26.667,165,106,6,19,181,279,734,5.09e-07,52.8
Prmt7-201,Aque_XM_019999745.1,26.061,165,107,6,19,181,276,731,5.63e-07,52.8
Prmt7-201,Aque_XM_020004850.1,39.080,87,40,3,23,109,405,626,5.14e-06,48.1
Prmt8-201,Aque_XM_003384893.3,64.417,326,116,0,69,394,161,1138,8.43e-150,429
Prmt8-201,Aque_XM_019994136.1,64.417,326,116,0,69,394,178,1155,1.41e-149,428
Prmt8-201,Aque_XM_020006718.1,61.983,242,92,0,125,366,1,726,3.15e-100,298
Prmt8-201,Aque_XM_003388629.3,46.382,304,163,0,73,376,578,1489,8.80e-76,244
Prmt8-201,Aque_XM_020003999.1,48.819,254,130,0,73,326,309,1070,1.81e-65,212
Prmt8-201,Aque_XM_020002939.1,39.763,337,158,2,73,376,379,1353,5.58e-62,207
Prmt8-201,Aque_XM_003387985.3,35.734,361,214,11,46,391,398,1471,3.62e-51,181
Prmt8-201,Aque_XM_019999745.1,34.314,306,191,5,65,360,255,1172,1.11e-44,161
Prmt8-201,Aque_XM_019999746.1,34.058,276,172,5,65,330,258,1085,3.38e-40,147
Prmt8-201,Aque_XM_003392072.2,56.552,145,61,1,73,215,97,531,3.82e-37,133
Prmt8-201,Aque_XM_011411150.1,40.769,130,77,0,215,344,3,392,1.82e-28,108
Prmt8-201,Aque_XM_020007560.1,51.261,119,56,2,92,210,10,360,6.55e-24,95.9
Prmt8-201,Aque_XM_020004850.1,61.644,73,28,0,73,145,378,596,1.95e-18,83.6
Prmt8-201,Aque_XM_020003006.1,39.326,89,54,0,214,302,4,270,4.51e-16,73.9
Prmt9-201,Aque_XM_019994695.1,28.302,795,467,22,70,833,59,2227,6.84e-66,239
Prmt9-201,Aque_XM_020000482.1,34.848,132,79,2,156,280,174,569,2.66e-16,83.6
Prmt9-201,Aque_XM_003384893.3,24.662,296,177,13,153,440,212,985,4.20e-15,78.2
Prmt9-201,Aque_XM_019994136.1,24.662,296,177,13,153,440,229,1002,5.88e-15,77.8
Prmt9-201,Aque_XM_020007560.1,35.000,120,72,3,159,277,10,354,1.47e-12,65.5
Prmt9-201,Aque_XM_003387985.3,31.333,150,84,5,156,304,536,931,2.86e-12,70.5
Prmt9-201,Aque_XM_019999746.1,31.410,156,101,4,125,278,237,692,2.10e-11,67.0
Prmt9-201,Aque_XM_020005501.1,32.479,117,69,3,131,241,107,445,3.04e-11,63.5
Prmt9-201,Aque_XM_019999745.1,31.410,156,101,4,125,278,234,689,3.17e-11,67.0
Prmt9-201,Aque_XM_003392072.2,29.008,131,88,3,156,285,145,525,3.65e-09,57.4
Prmt9-201,Aque_XM_003388629.3,26.190,168,110,4,153,310,617,1108,2.62e-08,57.8
Prmt9-201,Aque_XM_020003999.1,26.190,168,110,4,153,310,348,839,3.81e-08,56.6
Prmt9-201,Aque_XR_002186994.1,40.984,61,36,0,181,241,300,482,4.87e-08,54.7
Prmt9-201,Aque_XM_020006718.1,22.568,257,154,12,191,440,1,657,3.14e-07,52.8
Prmt9-201,Aque_XM_020002939.1,30.769,104,68,2,179,282,598,897,4.00e-07,53.9
Prmt9-201,Aque_XM_020005502.1,35.714,84,44,3,131,208,107,346,2.04e-06,49.7
Prmt1-202,Cgig_G3773.7,71.143,350,91,3,32,371,34,1083,1.47e-176,496
Prmt1-202,Cgig_G3773.5,71.143,350,91,3,32,371,34,1083,1.47e-176,496
Prmt1-202,Cgig_G3773.3,71.143,350,91,3,32,371,34,1083,1.47e-176,496
Prmt1-202,Cgig_G3773.9,74.018,331,83,2,44,371,25,1017,9.42e-176,493
Prmt1-202,Cgig_G3773.4,69.429,350,88,4,32,371,34,1056,5.70e-168,474
Prmt1-202,Cgig_G3773.10,72.143,280,75,2,95,371,1,840,4.35e-140,400
Prmt1-202,Cgig_G3773.11,70.980,255,71,2,120,371,1,765,2.20e-123,357
Prmt1-202,Cgig_G3773.12,73.148,216,57,1,157,371,43,690,8.59e-116,347
Prmt1-202,Cgig_G3773.13,71.981,207,57,1,166,371,1,621,1.88e-112,327
Prmt1-202,Cgig_G3773.6,74.026,231,51,2,32,253,34,726,6.57e-107,324
Prmt1-202,Cgig_G3773.6,64.000,125,42,2,250,371,1183,1557,6.08e-50,176
Prmt1-202,Cgig_G3773.14,70.968,186,53,1,187,371,4,561,4.33e-98,290
Prmt1-202,Cgig_G18760.2,46.628,341,176,3,15,354,586,1593,7.14e-93,289
Prmt1-202,Cgig_G3773.15,69.048,168,51,1,205,371,1,504,2.56e-85,257
Prmt1-202,Cgig_G3773.16,68.212,151,47,1,222,371,1,453,1.84e-74,229
Prmt1-202,Cgig_G4929.5,39.130,322,174,4,53,353,25,987,8.59e-67,218
Prmt1-202,Cgig_G4929.4,39.130,322,174,4,53,353,25,987,8.59e-67,218
Prmt1-202,Cgig_G4929.3,39.130,322,174,4,53,353,25,987,8.59e-67,218
Prmt1-202,Cgig_G4929.1,39.130,322,174,4,53,353,25,987,8.59e-67,218
Prmt1-202,Cgig_G30457.5,40.065,307,171,6,53,351,115,1020,1.45e-62,205
Prmt1-202,Cgig_G30457.2,40.065,307,171,6,53,351,115,1020,1.45e-62,205
Prmt1-202,Cgig_G30457.1,40.065,307,171,6,53,351,115,1020,1.45e-62,205
Prmt1-202,Cgig_G30457.4,39.935,308,170,7,53,351,127,1032,2.23e-62,205
Prmt1-202,Cgig_G18760.1,43.049,223,126,1,133,354,1,669,1.60e-52,175
Prmt1-202,Cgig_G2003.9,33.728,338,201,8,46,369,328,1314,1.18e-49,176
Prmt1-202,Cgig_G2003.8,33.728,338,201,8,46,369,328,1314,1.18e-49,176
Prmt1-202,Cgig_G2003.6,33.728,338,201,8,46,369,328,1314,1.18e-49,176
Prmt1-202,Cgig_G2003.3,33.728,338,201,8,46,369,328,1314,1.18e-49,176
Prmt1-202,Cgig_G2003.2,33.728,338,201,8,46,369,328,1314,1.18e-49,176
Prmt1-202,Cgig_G3773.1,67.797,118,31,1,32,142,34,387,3.22e-47,161
Prmt1-202,Cgig_G3773.1,62.921,89,32,1,284,371,445,711,4.34e-36,132
Prmt1-202,Cgig_G4929.6,27.604,192,117,4,183,353,1,573,5.71e-23,98.2
Prmt1-202,Cgig_G3773.17,59.091,66,26,1,307,371,1,198,5.06e-22,89.7
Prmt1-202,Cgig_G26257.3,27.016,248,151,8,92,317,487,1206,1.08e-12,70.9
Prmt1-202,Cgig_G26257.1,27.016,248,151,8,92,317,487,1206,1.08e-12,70.9
Prmt1-202,Cgig_G20777.3,21.538,325,190,11,53,331,67,984,8.97e-09,58.5
Prmt1-202,Cgig_G20777.2,21.538,325,190,11,53,331,67,984,8.97e-09,58.5
Prmt1-202,Cgig_G20777.1,21.538,325,190,11,53,331,67,984,8.97e-09,58.5
Prmt1-202,Cgig_G20777.4,21.538,325,190,11,53,331,130,1047,9.92e-09,58.5
Prmt2-203,Cgig_G4929.5,36.676,349,192,5,108,451,7,981,2.42e-65,217
Prmt2-203,Cgig_G4929.4,36.676,349,192,5,108,451,7,981,2.42e-65,217
Prmt2-203,Cgig_G4929.3,36.676,349,192,5,108,451,7,981,2.42e-65,217
Prmt2-203,Cgig_G4929.1,36.676,349,192,5,108,451,7,981,2.42e-65,217
Prmt2-203,Cgig_G30457.5,33.983,359,193,7,101,455,76,1032,8.85e-63,209
Prmt2-203,Cgig_G30457.2,33.983,359,193,7,101,455,76,1032,8.85e-63,209
Prmt2-203,Cgig_G30457.1,33.983,359,193,7,101,455,76,1032,8.85e-63,209
Prmt2-203,Cgig_G30457.4,33.983,359,193,7,101,455,88,1044,1.75e-62,208
Prmt2-203,Cgig_G3773.9,31.714,350,195,8,106,451,28,957,1.37e-60,202
Prmt2-203,Cgig_G3773.7,31.714,350,195,8,106,451,94,1023,1.74e-60,203
Prmt2-203,Cgig_G3773.5,31.714,350,195,8,106,451,94,1023,1.74e-60,203
Prmt2-203,Cgig_G3773.3,31.714,350,195,8,106,451,94,1023,1.74e-60,203
Prmt2-203,Cgig_G18760.2,32.754,345,190,7,110,452,673,1587,1.62e-56,197
Prmt2-203,Cgig_G3773.4,31.429,350,187,9,106,451,94,996,4.36e-56,191
Prmt2-203,Cgig_G3773.6,37.500,216,126,3,106,318,94,723,4.23e-48,174
Prmt2-203,Cgig_G2003.9,35.277,343,178,9,104,440,319,1233,4.94e-48,175
Prmt2-203,Cgig_G2003.8,35.277,343,178,9,104,440,319,1233,4.94e-48,175
Prmt2-203,Cgig_G2003.6,35.277,343,178,9,104,440,319,1233,4.94e-48,175
Prmt2-203,Cgig_G2003.3,35.277,343,178,9,104,440,319,1233,4.94e-48,175
Prmt2-203,Cgig_G2003.2,35.277,343,178,9,104,440,319,1233,4.94e-48,175
Prmt2-203,Cgig_G3773.10,30.000,300,166,8,156,451,1,780,3.31e-45,160
Prmt2-203,Cgig_G3773.11,28.467,274,153,7,182,451,1,705,1.27e-36,136
Prmt2-203,Cgig_G18760.1,30.000,260,141,6,195,452,1,663,1.23e-34,130
Prmt2-203,Cgig_G3773.12,29.719,249,132,7,207,451,1,630,6.23e-30,123
Prmt2-203,Cgig_G3773.13,26.667,225,125,6,228,451,4,561,4.23e-23,98.2
Prmt2-203,Cgig_G3773.1,38.655,119,69,2,106,221,94,447,1.25e-22,97.8
Prmt2-203,Cgig_G4929.6,27.962,211,125,3,245,451,4,567,1.30e-20,92.8
Prmt2-203,Cgig_G26257.3,27.092,251,164,9,124,359,403,1143,1.21e-14,78.2
Prmt2-203,Cgig_G26257.1,27.092,251,164,9,124,359,403,1143,1.21e-14,78.2
Prmt2-203,Cgig_G3773.14,24.272,206,116,6,247,451,1,501,8.80e-14,71.2
Prmt2-203,Cgig_G20777.3,28.235,170,109,6,110,267,49,555,4.14e-12,70.1
Prmt2-203,Cgig_G20777.2,28.235,170,109,6,110,267,49,555,4.14e-12,70.1
Prmt2-203,Cgig_G20777.1,28.235,170,109,6,110,267,49,555,4.14e-12,70.1
Prmt2-203,Cgig_G20777.4,29.032,155,98,5,124,267,157,618,4.40e-12,70.1
Prmt2-203,Cgig_G3773.15,24.444,180,96,6,273,451,22,444,7.50e-11,62.4
Prmt2-203,Cgig_G22383.4,27.103,214,138,6,149,355,1099,1707,3.36e-08,57.4
Prmt2-203,Cgig_G22383.1,27.103,214,138,6,149,355,1099,1707,3.36e-08,57.4
Prmt2-203,Cgig_G22383.5,27.103,214,138,6,149,355,1033,1641,3.73e-08,57.4
Prmt2-203,Cgig_G22383.2,27.103,214,138,6,149,355,1033,1641,3.73e-08,57.4
Prmt3-201,Cgig_G18760.2,51.575,508,219,4,48,528,97,1620,1.95e-170,494
Prmt3-201,Cgig_G3773.7,48.693,306,153,3,217,519,118,1032,7.97e-93,288
Prmt3-201,Cgig_G3773.5,48.693,306,153,3,217,519,118,1032,7.97e-93,288
Prmt3-201,Cgig_G3773.3,48.693,306,153,3,217,519,118,1032,7.97e-93,288
Prmt3-201,Cgig_G3773.9,48.693,306,153,3,217,519,52,966,8.53e-93,288
Prmt3-201,Cgig_G18760.1,55.172,232,104,0,297,528,1,696,4.92e-91,279
Prmt3-201,Cgig_G3773.4,48.039,306,146,4,217,519,118,1005,2.17e-87,274
Prmt3-201,Cgig_G3773.10,45.833,264,139,3,259,519,1,789,3.74e-70,227
Prmt3-201,Cgig_G4929.5,38.978,313,172,3,217,510,25,963,5.82e-64,215
Prmt3-201,Cgig_G4929.4,38.978,313,172,3,217,510,25,963,5.82e-64,215
Prmt3-201,Cgig_G4929.3,38.978,313,172,3,217,510,25,963,5.82e-64,215
Prmt3-201,Cgig_G4929.1,38.978,313,172,3,217,510,25,963,5.82e-64,215
Prmt3-201,Cgig_G3773.11,42.678,239,133,3,284,519,1,714,3.35e-63,208
Prmt3-201,Cgig_G3773.6,53.695,203,92,1,217,417,118,726,9.97e-63,215
Prmt3-201,Cgig_G3773.6,38.095,105,63,2,416,519,1195,1506,1.92e-14,77.4
Prmt3-201,Cgig_G3773.12,44.393,214,115,3,309,519,1,639,2.33e-55,195
Prmt3-201,Cgig_G30457.5,35.976,328,195,7,198,516,55,1020,3.41e-51,180
Prmt3-201,Cgig_G30457.2,35.976,328,195,7,198,516,55,1020,3.41e-51,180
Prmt3-201,Cgig_G30457.1,35.976,328,195,7,198,516,55,1020,3.41e-51,180
Prmt3-201,Cgig_G30457.4,35.976,328,195,7,198,516,67,1032,3.65e-51,180
Prmt3-201,Cgig_G3773.13,41.361,191,110,2,330,519,1,570,8.32e-47,163
Prmt3-201,Cgig_G2003.9,33.123,317,196,9,217,522,349,1284,2.25e-40,155
Prmt3-201,Cgig_G2003.8,33.123,317,196,9,217,522,349,1284,2.25e-40,155
Prmt3-201,Cgig_G2003.6,33.123,317,196,9,217,522,349,1284,2.25e-40,155
Prmt3-201,Cgig_G2003.3,33.123,317,196,9,217,522,349,1284,2.25e-40,155
Prmt3-201,Cgig_G2003.2,33.123,317,196,9,217,522,349,1284,2.25e-40,155
Prmt3-201,Cgig_G3773.14,40.237,169,99,2,352,519,7,510,2.00e-38,140
Prmt3-201,Cgig_G3773.15,41.781,146,83,2,375,519,19,453,4.44e-33,125
Prmt3-201,Cgig_G3773.1,59.091,110,43,1,217,324,118,447,1.55e-29,117
Prmt3-201,Cgig_G3773.1,42.857,70,38,2,451,519,454,660,7.15e-10,60.8
Prmt3-201,Cgig_G3773.16,39.259,135,80,2,386,519,1,402,9.14e-26,104
Prmt3-201,Cgig_G4929.6,25.137,183,118,3,347,510,1,549,2.03e-14,75.1
Prmt3-201,Cgig_G20777.4,22.254,355,221,11,183,497,31,1050,2.59e-07,55.1
Prmt3-201,Cgig_G26257.3,23.323,313,212,13,227,520,403,1314,1.03e-06,53.1
Prmt3-201,Cgig_G26257.1,23.323,313,212,13,227,520,403,1314,1.03e-06,53.1
Prmt5-201,Cgig_G22383.5,58.748,623,251,3,19,637,25,1887,0.0,777
Prmt5-201,Cgig_G22383.2,58.748,623,251,3,19,637,25,1887,0.0,777
Prmt5-201,Cgig_G22383.4,56.744,645,251,4,19,637,25,1953,0.0,764
Prmt5-201,Cgig_G22383.1,56.744,645,251,4,19,637,25,1953,0.0,764
Prmt5-201,Cgig_G30457.5,23.137,255,171,8,359,598,226,960,8.37e-06,50.1
Prmt5-201,Cgig_G30457.2,23.137,255,171,8,359,598,226,960,8.37e-06,50.1
Prmt5-201,Cgig_G30457.1,23.137,255,171,8,359,598,226,960,8.37e-06,50.1
Prmt6-203,Cgig_G30457.4,45.946,333,171,3,46,378,115,1086,8.29e-109,324
Prmt6-203,Cgig_G30457.5,45.946,333,171,3,46,378,103,1074,1.52e-108,323
Prmt6-203,Cgig_G30457.2,45.946,333,171,3,46,378,103,1074,1.52e-108,323
Prmt6-203,Cgig_G30457.1,45.946,333,171,3,46,378,103,1074,1.52e-108,323
Prmt6-203,Cgig_G4929.5,37.963,324,179,6,50,358,25,975,1.14e-66,218
Prmt6-203,Cgig_G4929.4,37.963,324,179,6,50,358,25,975,1.14e-66,218
Prmt6-203,Cgig_G4929.3,37.963,324,179,6,50,358,25,975,1.14e-66,218
Prmt6-203,Cgig_G4929.1,37.963,324,179,6,50,358,25,975,1.14e-66,218
Prmt6-203,Cgig_G3773.9,36.709,316,181,7,50,360,52,957,6.41e-63,206
Prmt6-203,Cgig_G3773.7,36.709,316,181,7,50,360,118,1023,7.99e-63,206
Prmt6-203,Cgig_G3773.5,36.709,316,181,7,50,360,118,1023,7.99e-63,206
Prmt6-203,Cgig_G3773.3,36.709,316,181,7,50,360,118,1023,7.99e-63,206
Prmt6-203,Cgig_G3773.4,37.658,316,169,8,50,360,118,996,1.03e-61,203
Prmt6-203,Cgig_G18760.2,36.478,318,187,6,45,360,670,1584,2.96e-59,201
Prmt6-203,Cgig_G2003.9,36.774,310,183,8,41,346,322,1224,1.95e-54,189
Prmt6-203,Cgig_G2003.8,36.774,310,183,8,41,346,322,1224,1.95e-54,189
Prmt6-203,Cgig_G2003.6,36.774,310,183,8,41,346,322,1224,1.95e-54,189
Prmt6-203,Cgig_G2003.3,36.774,310,183,8,41,346,322,1224,1.95e-54,189
Prmt6-203,Cgig_G2003.2,36.774,310,183,8,41,346,322,1224,1.95e-54,189
Prmt6-203,Cgig_G3773.6,47.283,184,90,3,50,229,118,660,4.58e-48,171
Prmt6-203,Cgig_G3773.10,35.401,274,158,7,92,360,1,780,5.91e-48,165
Prmt6-203,Cgig_G3773.11,32.932,249,148,7,117,360,1,705,1.15e-36,134
Prmt6-203,Cgig_G18760.1,31.200,250,152,7,130,377,1,696,6.10e-31,119
Prmt6-203,Cgig_G3773.12,34.081,223,128,7,143,360,4,630,7.51e-31,124
Prmt6-203,Cgig_G3773.1,44.340,106,59,0,50,155,118,435,1.20e-24,102
Prmt6-203,Cgig_G3773.13,30.846,201,123,6,162,360,1,561,7.67e-24,99.4
Prmt6-203,Cgig_G26257.3,27.986,293,196,8,60,344,403,1260,2.48e-19,91.3
Prmt6-203,Cgig_G26257.1,27.986,293,196,8,60,344,403,1260,2.48e-19,91.3
Prmt6-203,Cgig_G20777.3,28.249,177,115,4,43,207,43,573,7.17e-15,77.8
Prmt6-203,Cgig_G20777.2,28.249,177,115,4,43,207,43,573,7.17e-15,77.8
Prmt6-203,Cgig_G20777.1,28.249,177,115,4,43,207,43,573,7.17e-15,77.8
Prmt6-203,Cgig_G20777.4,28.249,177,115,4,43,207,106,636,7.91e-15,77.4
Prmt6-203,Cgig_G3773.14,27.624,181,115,6,182,360,1,501,2.93e-14,72.0
Prmt6-203,Cgig_G4929.6,24.227,194,126,5,179,358,1,561,1.53e-13,71.6
Prmt6-203,Cgig_G3773.15,24.375,160,106,5,202,360,7,444,1.22e-08,55.5
Prmt7-201,Cgig_G20777.3,40.407,688,397,6,4,686,1,2040,0.0,545
Prmt7-201,Cgig_G20777.2,40.407,688,397,6,4,686,1,2040,0.0,545
Prmt7-201,Cgig_G20777.1,40.407,688,397,6,4,686,1,2040,0.0,545
Prmt7-201,Cgig_G20777.4,40.407,688,397,6,4,686,64,2103,0.0,544
Prmt7-201,Cgig_G26257.3,35.000,160,96,3,38,196,412,870,6.62e-18,89.7
Prmt7-201,Cgig_G26257.1,35.000,160,96,3,38,196,412,870,6.62e-18,89.7
Prmt7-201,Cgig_G30457.4,31.169,154,89,4,34,181,136,564,1.77e-11,67.8
Prmt7-201,Cgig_G30457.5,29.480,173,101,5,34,196,124,609,1.86e-11,67.8
Prmt7-201,Cgig_G30457.2,29.480,173,101,5,34,196,124,609,1.86e-11,67.8
Prmt7-201,Cgig_G30457.1,29.480,173,101,5,34,196,124,609,1.86e-11,67.8
Prmt7-201,Cgig_G4929.5,30.233,172,102,5,33,197,31,513,5.96e-11,66.6
Prmt7-201,Cgig_G4929.4,30.233,172,102,5,33,197,31,513,5.96e-11,66.6
Prmt7-201,Cgig_G4929.3,30.233,172,102,5,33,197,31,513,5.96e-11,66.6
Prmt7-201,Cgig_G4929.1,30.233,172,102,5,33,197,31,513,5.96e-11,66.6
Prmt7-201,Cgig_G3773.9,30.539,167,100,5,23,189,70,522,4.50e-10,63.2
Prmt7-201,Cgig_G3773.7,30.539,167,100,5,23,189,136,588,5.55e-10,63.2
Prmt7-201,Cgig_G3773.5,30.539,167,100,5,23,189,136,588,5.55e-10,63.2
Prmt7-201,Cgig_G3773.3,30.539,167,100,5,23,189,136,588,5.55e-10,63.2
Prmt7-201,Cgig_G3773.4,30.539,167,100,5,23,189,136,588,6.04e-10,63.2
Prmt7-201,Cgig_G3773.6,30.539,167,100,5,23,189,136,588,1.08e-09,63.2
Prmt7-201,Cgig_G2003.9,29.310,174,102,5,1,166,259,741,2.33e-09,62.0
Prmt7-201,Cgig_G2003.8,29.310,174,102,5,1,166,259,741,2.33e-09,62.0
Prmt7-201,Cgig_G2003.6,29.310,174,102,5,1,166,259,741,2.33e-09,62.0
Prmt7-201,Cgig_G2003.3,29.310,174,102,5,1,166,259,741,2.33e-09,62.0
Prmt7-201,Cgig_G2003.2,29.310,174,102,5,1,166,259,741,2.33e-09,62.0
Prmt7-201,Cgig_G18760.2,25.309,324,202,12,13,330,646,1515,6.87e-09,60.5
Prmt7-201,Cgig_G3773.1,32.031,128,71,5,23,150,136,471,3.33e-07,53.5
Prmt7-201,Cgig_G3773.10,31.933,119,77,3,71,189,1,345,5.45e-07,53.1
Prmt8-201,Cgig_G3773.7,70.487,349,99,3,50,394,37,1083,1.32e-169,479
Prmt8-201,Cgig_G3773.5,70.487,349,99,3,50,394,37,1083,1.32e-169,479
Prmt8-201,Cgig_G3773.3,70.487,349,99,3,50,394,37,1083,1.32e-169,479
Prmt8-201,Cgig_G3773.9,73.636,330,84,2,68,394,28,1017,4.47e-169,477
Prmt8-201,Cgig_G3773.4,68.481,349,97,4,50,394,37,1056,1.82e-160,456
Prmt8-201,Cgig_G3773.10,71.429,280,77,2,118,394,1,840,5.43e-134,386
Prmt8-201,Cgig_G3773.11,70.196,255,73,2,143,394,1,765,5.34e-123,357
Prmt8-201,Cgig_G3773.12,72.685,216,58,1,180,394,43,690,9.62e-115,345
Prmt8-201,Cgig_G3773.13,71.498,207,58,1,189,394,1,621,1.27e-111,326
Prmt8-201,Cgig_G3773.6,73.478,230,58,2,50,276,37,726,4.04e-102,313
Prmt8-201,Cgig_G3773.6,63.200,125,43,2,273,394,1183,1557,6.56e-48,171
Prmt8-201,Cgig_G3773.14,69.519,187,56,1,209,394,1,561,1.12e-96,287
Prmt8-201,Cgig_G18760.2,46.809,329,170,3,51,377,616,1593,3.58e-85,270
Prmt8-201,Cgig_G3773.15,67.857,168,53,1,228,394,1,504,4.70e-83,252
Prmt8-201,Cgig_G3773.16,66.887,151,49,1,245,394,1,453,3.63e-72,223
Prmt8-201,Cgig_G4929.5,36.646,322,182,4,76,376,25,987,1.71e-60,202
Prmt8-201,Cgig_G4929.4,36.646,322,182,4,76,376,25,987,1.71e-60,202
Prmt8-201,Cgig_G4929.3,36.646,322,182,4,76,376,25,987,1.71e-60,202
Prmt8-201,Cgig_G4929.1,36.646,322,182,4,76,376,25,987,1.71e-60,202
Prmt8-201,Cgig_G30457.5,38.636,308,174,7,76,374,115,1020,1.54e-56,190
Prmt8-201,Cgig_G30457.2,38.636,308,174,7,76,374,115,1020,1.54e-56,190
Prmt8-201,Cgig_G30457.1,38.636,308,174,7,76,374,115,1020,1.54e-56,190
Prmt8-201,Cgig_G30457.4,38.636,308,174,7,76,374,127,1032,2.67e-56,190
Prmt8-201,Cgig_G18760.1,42.601,223,127,1,156,377,1,669,5.03e-52,174
Prmt8-201,Cgig_G2003.9,33.233,331,198,8,76,392,349,1314,1.79e-43,160
Prmt8-201,Cgig_G2003.8,33.233,331,198,8,76,392,349,1314,1.79e-43,160
Prmt8-201,Cgig_G2003.6,33.233,331,198,8,76,392,349,1314,1.79e-43,160
Prmt8-201,Cgig_G2003.3,33.233,331,198,8,76,392,349,1314,1.79e-43,160
Prmt8-201,Cgig_G2003.2,33.233,331,198,8,76,392,349,1314,1.79e-43,160
Prmt8-201,Cgig_G3773.1,67.241,116,37,1,50,164,37,384,2.92e-41,147
Prmt8-201,Cgig_G3773.1,64.045,89,31,1,307,394,445,711,7.54e-36,132
Prmt8-201,Cgig_G3773.17,60.606,66,25,1,330,394,1,198,3.41e-22,90.5
Prmt8-201,Cgig_G4929.6,23.560,191,126,3,206,376,1,573,1.73e-19,89.0
Prmt8-201,Cgig_G26257.3,31.429,175,112,5,65,232,334,855,6.07e-10,62.8
Prmt8-201,Cgig_G26257.1,31.429,175,112,5,65,232,334,855,6.07e-10,62.8
Prmt9-201,Cgig_G26257.3,32.177,836,471,19,28,844,28,2304,3.60e-116,372
Prmt9-201,Cgig_G26257.1,32.177,836,471,19,28,844,28,2304,3.60e-116,372
Prmt9-201,Cgig_G20777.3,30.909,330,179,14,156,463,103,1011,5.93e-26,115
Prmt9-201,Cgig_G20777.2,30.909,330,179,14,156,463,103,1011,5.93e-26,115
Prmt9-201,Cgig_G20777.1,30.909,330,179,14,156,463,103,1011,5.93e-26,115
Prmt9-201,Cgig_G20777.4,30.909,330,179,14,156,463,166,1074,8.04e-26,115
Prmt9-201,Cgig_G26257.2,31.795,195,123,4,659,844,214,795,1.86e-21,96.7
Prmt9-201,Cgig_G4929.5,32.680,153,86,4,153,304,55,465,1.55e-14,78.2
Prmt9-201,Cgig_G4929.4,32.680,153,86,4,153,304,55,465,1.55e-14,78.2
Prmt9-201,Cgig_G4929.3,32.680,153,86,4,153,304,55,465,1.55e-14,78.2
Prmt9-201,Cgig_G4929.1,32.680,153,86,4,153,304,55,465,1.55e-14,78.2
Prmt9-201,Cgig_G3773.4,28.502,207,131,6,153,356,148,726,3.03e-14,76.6
Prmt9-201,Cgig_G3773.9,24.918,305,186,12,156,453,91,897,2.19e-13,73.9
Prmt9-201,Cgig_G30457.5,26.014,296,170,11,153,437,145,918,2.61e-13,73.9
Prmt9-201,Cgig_G30457.2,26.014,296,170,11,153,437,145,918,2.61e-13,73.9
Prmt9-201,Cgig_G30457.1,26.014,296,170,11,153,437,145,918,2.61e-13,73.9
Prmt9-201,Cgig_G30457.4,26.014,296,170,11,153,437,157,930,2.72e-13,73.9
Prmt9-201,Cgig_G3773.7,25.000,308,188,12,153,453,148,963,3.30e-13,73.6
Prmt9-201,Cgig_G3773.5,25.000,308,188,12,153,453,148,963,3.30e-13,73.6
Prmt9-201,Cgig_G3773.3,25.000,308,188,12,153,453,148,963,3.30e-13,73.6
Prmt9-201,Cgig_G3773.6,35.433,127,79,3,153,278,148,522,1.73e-12,72.4
Prmt9-201,Cgig_G18760.2,25.424,295,177,11,153,440,715,1491,2.13e-12,72.0
Prmt9-201,Cgig_G2003.9,36.975,119,69,3,156,273,388,729,5.09e-12,70.9
Prmt9-201,Cgig_G2003.8,36.975,119,69,3,156,273,388,729,5.09e-12,70.9
Prmt9-201,Cgig_G2003.6,36.975,119,69,3,156,273,388,729,5.09e-12,70.9
Prmt9-201,Cgig_G2003.3,36.975,119,69,3,156,273,388,729,5.09e-12,70.9
Prmt9-201,Cgig_G2003.2,36.975,119,69,3,156,273,388,729,5.09e-12,70.9
Prmt9-201,Cgig_G3773.1,38.235,102,60,3,153,253,148,447,2.91e-10,62.8
Prmt9-201,Cgig_G3773.10,23.913,276,168,11,184,453,1,720,3.82e-09,60.1
Prmt1-202,Emue_Em0003g381a.t1,67.327,303,98,1,43,344,73,981,8.63e-150,426
Prmt1-202,Emue_Em0003g385a.t1,67.327,303,98,1,43,344,73,981,8.63e-150,426
Prmt1-202,Emue_Em0003g348a.t1,68.321,262,82,1,43,303,73,858,7.60e-127,370
Prmt1-202,Emue_Em0011g1189a.t1,34.343,297,140,7,50,344,175,906,1.45e-36,139
Prmt1-202,Emue_Em0011g88a.t1,32.056,287,170,7,90,369,352,1158,1.61e-31,125
Prmt1-202,Emue_Em0011g105a.t1,30.357,280,144,5,90,369,352,1038,8.34e-26,108
Prmt1-202,Emue_Em0005g1439a.t1,28.108,185,114,3,63,228,418,972,8.62e-11,64.3
Prmt1-202,Emue_Em0005g369a.t1,34.109,129,81,2,63,187,367,753,6.02e-10,60.8
Prmt2-203,Emue_Em0003g381a.t1,32.047,337,187,8,106,440,79,969,3.63e-53,182
Prmt2-203,Emue_Em0003g385a.t1,32.047,337,187,8,106,440,79,969,3.63e-53,182
Prmt2-203,Emue_Em0003g348a.t1,35.156,256,157,6,106,359,79,825,6.19e-47,167
Prmt2-203,Emue_Em0011g88a.t1,30.619,307,159,9,136,440,313,1077,8.98e-30,122
Prmt2-203,Emue_Em0011g1189a.t1,28.671,286,142,7,194,471,307,1002,5.14e-27,114
Prmt2-203,Emue_Em0011g105a.t1,27.245,323,143,9,136,457,313,1008,7.59e-23,101
Prmt2-203,Emue_Em0005g1439a.t1,25.197,127,89,3,120,241,406,783,5.68e-06,49.7
Prmt3-201,Emue_Em0003g381a.t1,48.805,293,148,2,217,508,103,978,8.71e-92,284
Prmt3-201,Emue_Em0003g385a.t1,48.805,293,148,2,217,508,103,978,8.71e-92,284
Prmt3-201,Emue_Em0003g348a.t1,49.219,256,128,2,217,471,103,867,1.19e-76,246
Prmt3-201,Emue_Em0011g1189a.t1,38.667,300,127,7,211,508,169,903,1.03e-50,182
Prmt3-201,Emue_Em0011g88a.t1,32.384,281,174,7,240,518,316,1116,1.38e-27,116
Prmt3-201,Emue_Em0011g105a.t1,30.662,287,147,8,240,526,316,1020,1.13e-23,104
Prmt3-201,Emue_Em0005g369a.t1,34.646,127,79,2,227,349,367,747,8.83e-07,52.0
Prmt5-201,Emue_Em0028g45a.t1,51.696,619,284,6,22,637,1255,3075,0.0,643
Prmt5-201,Emue_Em0028g34a.t1,52.437,595,268,6,46,637,1,1749,0.0,628
Prmt5-201,Emue_Em0011g88a.t1,25.153,326,212,10,307,624,220,1125,3.96e-14,75.9
Prmt5-201,Emue_Em0011g105a.t1,33.588,131,82,1,353,483,334,711,2.85e-11,66.6
Prmt6-203,Emue_Em0003g381a.t1,36.637,333,185,8,36,356,34,990,5.66e-65,210
Prmt6-203,Emue_Em0003g385a.t1,36.637,333,185,8,36,356,34,990,5.66e-65,210
Prmt6-203,Emue_Em0003g348a.t1,45.192,208,99,5,36,231,34,648,2.12e-51,176
Prmt6-203,Emue_Em0011g88a.t1,35.273,275,155,6,87,360,352,1110,4.51e-40,149
Prmt6-203,Emue_Em0011g105a.t1,53.390,118,54,1,87,204,352,702,1.09e-30,122
Prmt6-203,Emue_Em0011g1189a.t1,29.110,292,135,11,45,331,169,843,6.03e-21,94.7
Prmt6-203,Emue_Em0005g369a.t1,35.556,135,76,5,60,189,367,753,9.07e-12,66.6
Prmt6-203,Emue_Em0005g1439a.t1,34.074,135,78,5,60,189,418,804,1.96e-11,66.2
Prmt6-203,Emue_Em0028g34a.t1,25.806,310,175,14,56,340,793,1632,3.33e-10,62.0
Prmt6-203,Emue_Em0028g45a.t1,25.806,310,175,14,56,340,2119,2958,4.16e-10,62.0
Prmt7-201,Emue_Em0005g1439a.t1,28.763,299,165,11,38,300,427,1287,2.98e-20,96.3
Prmt7-201,Emue_Em0005g369a.t1,37.692,130,75,2,38,167,376,747,5.49e-16,81.6
Prmt7-201,Emue_Em0003g381a.t1,27.376,263,154,11,16,254,82,831,3.79e-11,65.5
Prmt7-201,Emue_Em0003g385a.t1,27.376,263,154,11,16,254,82,831,3.79e-11,65.5
Prmt7-201,Emue_Em0003g348a.t1,30.857,175,106,6,16,188,82,567,4.83e-11,65.9
Prmt7-201,Emue_Em0011g88a.t1,39.000,100,54,2,67,166,355,633,4.28e-10,63.2
Prmt7-201,Emue_Em0011g105a.t1,39.000,100,54,2,67,166,355,633,4.77e-10,63.2
Prmt8-201,Emue_Em0003g381a.t1,66.667,300,99,1,68,366,79,978,4.21e-144,412
Prmt8-201,Emue_Em0003g385a.t1,66.667,300,99,1,68,366,79,978,4.21e-144,412
Prmt8-201,Emue_Em0003g348a.t1,68.077,260,82,1,68,326,79,858,2.12e-121,357
Prmt8-201,Emue_Em0011g1189a.t1,34.915,295,137,7,74,366,178,903,1.40e-34,134
Prmt8-201,Emue_Em0011g88a.t1,32.707,266,154,7,113,370,352,1098,1.87e-28,117
Prmt8-201,Emue_Em0011g105a.t1,45.690,116,61,2,113,228,352,693,3.31e-18,86.7
Prmt9-201,Emue_Em0005g1439a.t1,31.306,888,512,25,25,845,25,2595,4.10e-106,347
Prmt9-201,Emue_Em0005g369a.t1,37.828,267,145,6,25,285,25,780,5.00e-43,162
Prmt9-201,Emue_Em0005g369a.t1,38.462,78,46,1,394,471,805,1032,4.44e-10,63.5
Prmt9-201,Emue_Em0003g381a.t1,25.085,295,178,10,153,440,133,909,1.55e-15,79.3
Prmt9-201,Emue_Em0003g385a.t1,25.085,295,178,10,153,440,133,909,1.55e-15,79.3
Prmt9-201,Emue_Em0003g348a.t1,24.183,306,189,9,156,458,142,939,7.47e-14,74.7
Prmt9-201,Emue_Em0011g105a.t1,38.384,99,56,2,179,277,352,633,2.16e-10,64.7
Prmt9-201,Emue_Em0011g88a.t1,38.384,99,56,2,179,277,352,633,2.44e-10,64.7
Prmt9-201,Emue_Em0005g375a.t1,25.974,154,101,5,394,547,637,1059,7.24e-08,55.8
Prmt1-202,Gasp_gasp1.m3.6273.m1,67.049,349,111,2,23,371,157,1191,2.51e-167,478
Prmt1-202,Gasp_gasp1.m3.2260.m1,50.158,317,154,2,51,363,628,1578,9.01e-89,291
Prmt1-202,Gasp_gasp1.m3.5532.m1,36.190,315,187,6,53,354,235,1176,5.27e-53,181
Prmt1-202,Gasp_gasp1.m3.5528.m1,35.556,315,189,6,53,354,235,1176,9.92e-53,180
Prmt1-202,Gasp_gasp1.m3.7263.m1,32.113,355,195,10,37,354,465,1502,2.42e-39,149
Prmt1-202,Gasp_gasp1.m3.4158.m1,26.351,296,170,12,63,317,403,1269,6.76e-12,67.4
Prmt1-202,Gasp_gasp1.m3.3881.m1,21.069,318,185,11,65,331,206,1114,1.54e-06,50.4
Prmt2-203,Gasp_gasp1.m3.5532.m1,44.318,440,207,6,44,475,16,1245,3.21e-124,368
Prmt2-203,Gasp_gasp1.m3.5528.m1,43.636,440,210,5,44,475,16,1245,2.49e-123,366
Prmt2-203,Gasp_gasp1.m3.6273.m1,32.153,339,187,8,114,451,241,1131,1.95e-55,193
Prmt2-203,Gasp_gasp1.m3.2260.m1,35.185,324,170,7,111,433,625,1479,1.37e-52,191
Prmt2-203,Gasp_gasp1.m3.7263.m1,31.579,361,176,10,113,440,492,1460,4.80e-38,147
Prmt2-203,Gasp_gasp1.m3.4158.m1,29.577,142,87,6,124,260,403,804,5.06e-07,52.8
Prmt2-203,Gasp_gasp1.m3.12468.m1,25.926,216,143,8,152,362,859,1470,5.91e-07,52.4
Prmt2-203,Gasp_gasp1.m3.3881.m1,22.840,162,114,3,110,260,116,601,9.31e-07,52.0
Prmt3-201,Gasp_gasp1.m3.2260.m1,49.495,495,236,2,48,528,106,1590,4.24e-145,449
Prmt3-201,Gasp_gasp1.m3.6273.m1,48.171,328,160,3,196,523,199,1152,2.53e-91,289
Prmt3-201,Gasp_gasp1.m3.5528.m1,36.420,324,189,6,210,519,214,1176,6.48e-54,187
Prmt3-201,Gasp_gasp1.m3.5532.m1,36.111,324,190,6,210,519,214,1176,2.41e-52,183
Prmt3-201,Gasp_gasp1.m3.7263.m1,31.915,329,181,9,217,507,495,1466,1.16e-34,139
Prmt3-201,Gasp_gasp1.m3.4158.m1,24.013,304,168,7,227,482,403,1269,7.86e-12,68.6
Prmt5-201,Gasp_gasp1.m3.12468.m1,54.333,600,238,3,38,637,1,1692,0.0,660
Prmt5-201,Gasp_gasp1.m3.5532.m1,26.415,265,159,13,359,598,346,1107,4.29e-08,56.2
Prmt6-203,Gasp_gasp1.m3.6273.m1,36.810,326,188,7,38,361,205,1134,9.21e-63,209
Prmt6-203,Gasp_gasp1.m3.5528.m1,37.538,325,191,8,46,364,223,1179,1.70e-62,206
Prmt6-203,Gasp_gasp1.m3.5532.m1,36.615,325,194,8,46,364,223,1179,8.13e-59,196
Prmt6-203,Gasp_gasp1.m3.2260.m1,36.086,327,192,7,37,360,595,1533,4.96e-57,201
Prmt6-203,Gasp_gasp1.m3.7263.m1,34.118,340,184,8,41,349,468,1460,6.50e-48,173
Prmt6-203,Gasp_gasp1.m3.4158.m1,39.130,138,70,6,60,191,403,792,1.11e-16,82.0
Prmt6-203,Gasp_gasp1.m3.3881.m1,22.642,318,197,13,58,332,155,1090,1.83e-09,60.1
Prmt6-203,Gasp_gasp1.m3.12468.m1,24.528,318,196,12,45,336,763,1662,1.09e-06,50.8
Prmt7-201,Gasp_gasp1.m3.3881.m1,43.317,404,191,6,3,379,65,1243,1.75e-99,326
Prmt7-201,Gasp_gasp1.m3.3881.m1,41.333,300,160,4,403,687,1574,2470,1.01e-66,236
Prmt7-201,Gasp_gasp1.m3.3881.m1,24.281,313,192,10,382,656,173,1090,1.96e-11,67.8
Prmt7-201,Gasp_gasp1.m3.4158.m1,28.873,284,153,9,38,289,412,1212,1.03e-22,103
Prmt7-201,Gasp_gasp1.m3.6273.m1,22.311,251,156,7,37,265,271,972,3.67e-09,60.1
Prmt7-201,Gasp_gasp1.m3.5532.m1,19.355,341,238,11,16,353,217,1137,9.81e-08,55.5
Prmt7-201,Gasp_gasp1.m3.2260.m1,21.176,340,207,12,6,330,583,1464,1.85e-07,55.1
Prmt7-201,Gasp_gasp1.m3.5528.m1,22.034,177,124,4,16,191,217,708,2.52e-06,50.8
Prmt7-201,Gasp_gasp1.m3.7263.m1,26.172,256,142,11,76,317,717,1385,3.45e-06,50.8
Prmt8-201,Gasp_gasp1.m3.6273.m1,66.859,347,111,2,50,394,157,1191,5.50e-157,452
Prmt8-201,Gasp_gasp1.m3.2260.m1,49.842,317,155,2,74,386,628,1578,6.29e-84,278
Prmt8-201,Gasp_gasp1.m3.5528.m1,35.736,333,199,7,76,394,235,1230,3.20e-52,179
Prmt8-201,Gasp_gasp1.m3.5532.m1,36.858,331,190,7,76,393,235,1209,1.87e-51,177
Prmt8-201,Gasp_gasp1.m3.7263.m1,30.423,378,218,12,54,392,426,1541,1.20e-33,133
Prmt8-201,Gasp_gasp1.m3.4158.m1,30.573,157,92,4,86,226,403,870,2.26e-06,50.1
Prmt9-201,Gasp_gasp1.m3.4158.m1,34.834,844,485,20,29,845,31,2448,1.40e-153,471
Prmt9-201,Gasp_gasp1.m3.3881.m1,25.000,364,205,14,142,463,128,1141,1.29e-15,82.0
Prmt9-201,Gasp_gasp1.m3.5532.m1,26.599,297,176,13,153,437,265,1065,2.75e-15,79.3
Prmt9-201,Gasp_gasp1.m3.5528.m1,26.263,297,177,13,153,437,265,1065,2.05e-14,76.6
Prmt9-201,Gasp_gasp1.m3.2260.m1,26.190,294,176,10,153,440,664,1440,9.80e-13,72.8
Prmt9-201,Gasp_gasp1.m3.6273.m1,31.452,124,80,3,156,278,274,633,1.06e-10,65.5
Prmt9-201,Gasp_gasp1.m3.7263.m1,30.128,156,79,8,133,284,594,983,5.73e-06,50.4
Prmt1-202,Gfas_gfas1.m1.18620.m1,62.735,373,118,2,13,371,103,1200,2.98e-162,469
Prmt1-202,Gfas_gfas1.m1.21417.m1,36.977,311,182,6,53,350,316,1245,1.38e-50,175
Prmt1-202,Gfas_gfas1.m1.6574.m1,35.759,316,190,8,49,354,537,1475,7.89e-50,180
Prmt1-202,Gfas_gfas1.m1.16699.m1,43.348,233,76,2,45,221,556,1254,1.59e-44,159
Prmt1-202,Gfas_gfas1.m1.16695.m1,38.095,105,64,1,250,353,277,591,2.51e-18,84.0
Prmt1-202,Gfas_gfas1.m1.7244.m1,26.871,294,171,10,63,317,403,1269,1.30e-11,66.2
Prmt1-202,Gfas_gfas1.m1.6416.m1,31.034,145,85,3,65,203,1257,1664,2.55e-07,53.1
Prmt2-203,Gfas_gfas1.m1.21417.m1,45.742,411,187,4,44,448,97,1239,6.33e-125,371
Prmt2-203,Gfas_gfas1.m1.18620.m1,31.073,354,189,8,114,452,202,1143,4.42e-54,192
Prmt2-203,Gfas_gfas1.m1.6574.m1,35.312,337,168,10,113,440,546,1433,2.52e-47,176
Prmt2-203,Gfas_gfas1.m1.16699.m1,40.476,168,80,3,106,254,556,1056,1.43e-31,125
Prmt2-203,Gfas_gfas1.m1.7244.m1,32.520,123,76,4,124,241,403,765,1.38e-07,54.3
Prmt2-203,Gfas_gfas1.m1.11011.m1,37.500,56,33,1,47,100,208,375,2.33e-06,47.0
Prmt3-201,Gfas_gfas1.m1.16699.m1,43.890,401,149,6,46,385,97,1254,1.66e-90,284
Prmt3-201,Gfas_gfas1.m1.18620.m1,45.087,346,166,4,196,525,160,1173,3.61e-87,282
Prmt3-201,Gfas_gfas1.m1.21417.m1,34.877,324,186,7,210,515,295,1245,9.84e-47,169
Prmt3-201,Gfas_gfas1.m1.6574.m1,35.423,319,186,10,217,522,549,1484,1.16e-42,163
Prmt3-201,Gfas_gfas1.m1.16695.m1,44.860,107,58,1,418,523,289,609,4.62e-24,102
Prmt3-201,Gfas_gfas1.m1.7244.m1,25.676,296,173,9,227,482,403,1269,6.09e-09,58.9
Prmt5-201,Gfas_gfas1.m1.15117.m1,52.903,620,229,5,19,637,94,1767,0.0,650
Prmt6-203,Gfas_gfas1.m1.18620.m1,37.459,307,176,6,61,365,277,1155,3.18e-61,208
Prmt6-203,Gfas_gfas1.m1.21417.m1,38.700,323,176,8,46,357,304,1239,2.86e-59,198
Prmt6-203,Gfas_gfas1.m1.6574.m1,37.700,313,182,7,41,349,522,1433,1.08e-55,197
Prmt6-203,Gfas_gfas1.m1.16699.m1,46.296,162,68,2,47,189,571,1056,1.25e-38,143
Prmt6-203,Gfas_gfas1.m1.7244.m1,26.332,319,177,14,60,340,403,1299,9.11e-17,82.4
Prmt6-203,Gfas_gfas1.m1.6416.m1,31.496,127,79,3,89,208,1311,1688,2.04e-10,62.8
Prmt6-203,Gfas_gfas1.m1.16695.m1,36.620,71,44,1,290,360,376,585,5.73e-08,53.5
Prmt7-201,Gfas_gfas1.m1.6416.m1,40.476,378,197,4,45,400,1242,2357,3.48e-82,285
Prmt7-201,Gfas_gfas1.m1.6416.m1,30.693,202,99,5,522,687,5112,5702,1.14e-17,88.2
Prmt7-201,Gfas_gfas1.m1.6416.m1,53.061,49,23,0,472,520,4295,4441,1.21e-10,65.5
Prmt7-201,Gfas_gfas1.m1.6416.m1,60.465,43,17,0,2,44,77,205,5.65e-09,60.1
Prmt7-201,Gfas_gfas1.m1.6416.m1,25.000,292,153,10,413,659,1338,2150,7.88e-07,53.1
Prmt7-201,Gfas_gfas1.m1.7244.m1,29.825,285,149,10,38,289,412,1212,1.38e-23,106
Prmt7-201,Gfas_gfas1.m1.6574.m1,26.599,297,175,13,37,323,585,1376,2.55e-12,70.9
Prmt7-201,Gfas_gfas1.m1.21417.m1,23.193,332,202,10,12,328,286,1167,7.66e-11,65.1
Prmt7-201,Gfas_gfas1.m1.18620.m1,20.727,275,173,8,13,265,226,981,6.05e-09,59.3
Prmt8-201,Gfas_gfas1.m1.18620.m1,66.765,340,99,1,69,394,181,1200,1.26e-153,449
Prmt8-201,Gfas_gfas1.m1.21417.m1,39.228,311,175,7,76,373,316,1245,5.00e-52,180
Prmt8-201,Gfas_gfas1.m1.6574.m1,34.328,335,206,9,54,377,480,1475,2.20e-44,164
Prmt8-201,Gfas_gfas1.m1.16699.m1,44.053,227,71,2,74,244,574,1254,3.54e-39,145
Prmt8-201,Gfas_gfas1.m1.16695.m1,40.000,105,62,1,273,376,277,591,2.68e-18,84.3
Prmt8-201,Gfas_gfas1.m1.7244.m1,28.571,182,108,6,65,226,334,873,2.24e-07,53.1
Prmt9-201,Gfas_gfas1.m1.7244.m1,34.687,862,477,24,29,845,31,2493,7.14e-152,466
Prmt9-201,Gfas_gfas1.m1.6416.m1,25.610,328,165,13,181,463,1311,2192,1.04e-14,79.0
Prmt9-201,Gfas_gfas1.m1.21417.m1,35.484,124,72,4,153,273,346,702,1.32e-12,70.9
Prmt9-201,Gfas_gfas1.m1.16699.m1,32.174,115,74,2,164,278,700,1032,7.93e-11,65.5
Prmt9-201,Gfas_gfas1.m1.18620.m1,29.677,155,92,5,156,309,283,699,1.87e-10,64.7
Prmt9-201,Gfas_gfas1.m1.6574.m1,33.613,119,73,3,156,273,588,929,2.87e-10,64.3
Prmt1-202,Hsal_ENA_GHBP01004172_GHBP01004172.1,46.559,247,130,2,114,358,56,796,3.02e-66,211
Prmt1-202,Hsal_ENA_GHBP01001610_GHBP01001610.1,33.333,207,114,8,157,347,430,1026,1.98e-36,95.9
Prmt1-202,Hsal_ENA_GHBP01001610_GHBP01001610.1,37.864,103,55,1,49,142,56,364,1.98e-36,73.6
Prmt2-203,Hsal_ENA_GHBP01001610_GHBP01001610.1,41.732,127,63,3,95,211,8,385,3.23e-35,84.7
Prmt2-203,Hsal_ENA_GHBP01001610_GHBP01001610.1,27.386,241,130,9,217,451,427,1032,3.23e-35,81.3
Prmt2-203,Hsal_ENA_GHBP01004172_GHBP01004172.1,27.338,278,163,6,176,452,56,775,2.40e-34,129
Prmt2-203,Hsal_ENA_GHBP01006239_GHBP01006239.1,40.816,49,28,1,49,96,314,460,2.02e-06,48.1
Prmt3-201,Hsal_ENA_GHBP01004172_GHBP01004172.1,38.655,238,144,2,282,518,68,778,1.94e-52,179
Prmt3-201,Hsal_ENA_GHBP01001610_GHBP01001610.1,28.218,202,124,7,320,507,427,1011,1.52e-31,85.5
Prmt3-201,Hsal_ENA_GHBP01001610_GHBP01001610.1,42.593,108,53,1,217,315,68,391,1.52e-31,68.2
Prmt5-201,Hsal_ENA_GHBP01006609_GHBP01006609.1,47.664,107,45,3,361,457,139,456,2.90e-32,94.0
Prmt5-201,Hsal_ENA_GHBP01006609_GHBP01006609.1,34.667,75,46,2,461,534,492,710,2.90e-32,50.1
Prmt5-201,Hsal_ENA_GHBP01006609_GHBP01006609.1,54.545,22,10,0,320,341,2,67,2.90e-32,32.7
Prmt5-201,Hsal_ENA_GHBP01025332_GHBP01025332.1,47.000,100,53,0,538,637,6,305,2.52e-29,111
Prmt5-201,Hsal_ENA_GHBP01009407_GHBP01009407.1,30.328,122,83,2,195,315,227,589,1.28e-08,54.7
Prmt6-203,Hsal_ENA_GHBP01001610_GHBP01001610.1,31.604,212,127,9,144,349,406,1005,9.09e-41,94.0
Prmt6-203,Hsal_ENA_GHBP01001610_GHBP01001610.1,39.316,117,62,1,41,148,41,391,9.09e-41,90.5
Prmt6-203,Hsal_ENA_GHBP01004172_GHBP01004172.1,31.559,263,165,6,110,370,53,802,6.91e-36,131
Prmt8-201,Hsal_ENA_GHBP01004172_GHBP01004172.1,48.583,247,125,2,137,381,56,796,6.80e-71,223
Prmt8-201,Hsal_ENA_GHBP01001610_GHBP01001610.1,35.644,202,106,8,180,365,430,1011,7.24e-36,100
Prmt8-201,Hsal_ENA_GHBP01001610_GHBP01001610.1,39.048,105,55,1,69,164,47,361,7.24e-36,67.4
Prmt1-202,Kiwa_ENA_GBGI01000329_GBGI01000329.1,52.857,280,131,1,93,371,1388,549,6.74e-94,288
Prmt1-202,Kiwa_ENA_GBGI01006412_GBGI01006412.1,33.766,308,180,6,53,344,914,15,4.77e-45,161
Prmt1-202,Kiwa_ENA_GBGI01006410_GBGI01006410.1,44.526,137,75,1,53,189,925,518,2.44e-35,105
Prmt1-202,Kiwa_ENA_GBGI01006410_GBGI01006410.1,25.294,170,104,5,191,344,503,15,2.44e-35,61.6
Prmt1-202,Kiwa_ENA_GBGI01006409_GBGI01006409.1,33.088,272,158,6,89,344,806,15,4.30e-35,133
Prmt1-202,Kiwa_ENA_GBGI01006411_GBGI01006411.1,34.979,243,134,6,89,315,773,69,2.29e-33,129
Prmt1-202,Kiwa_ENA_GBGI01006413_GBGI01006413.1,46.535,101,53,1,89,189,817,518,7.94e-27,77.0
Prmt1-202,Kiwa_ENA_GBGI01006413_GBGI01006413.1,25.294,170,104,5,191,344,503,15,7.94e-27,61.6
Prmt2-203,Kiwa_ENA_GBGI01000329_GBGI01000329.1,30.693,303,164,8,154,452,1388,606,7.56e-45,162
Prmt2-203,Kiwa_ENA_GBGI01006412_GBGI01006412.1,32.239,335,182,10,113,440,917,27,1.43e-39,149
Prmt2-203,Kiwa_ENA_GBGI01006410_GBGI01006410.1,41.727,139,78,3,113,250,928,518,7.52e-32,108
Prmt2-203,Kiwa_ENA_GBGI01006410_GBGI01006410.1,25.641,195,103,7,252,440,503,27,7.52e-32,47.8
Prmt2-203,Kiwa_ENA_GBGI01006409_GBGI01006409.1,32.215,298,157,10,150,440,806,27,2.10e-31,125
Prmt2-203,Kiwa_ENA_GBGI01006411_GBGI01006411.1,36.864,236,134,9,150,378,773,90,1.04e-30,123
Prmt2-203,Kiwa_ENA_GBGI01006413_GBGI01006413.1,45.098,102,53,3,150,250,817,518,3.11e-25,85.9
Prmt2-203,Kiwa_ENA_GBGI01006413_GBGI01006413.1,25.641,195,103,7,252,440,503,27,3.11e-25,47.8
Prmt3-201,Kiwa_ENA_GBGI01000329_GBGI01000329.1,41.667,264,152,2,257,519,1388,600,1.22e-58,201
Prmt3-201,Kiwa_ENA_GBGI01006412_GBGI01006412.1,35.762,302,179,9,217,507,914,21,3.04e-36,140
Prmt3-201,Kiwa_ENA_GBGI01006410_GBGI01006410.1,48.201,139,69,3,217,354,925,515,5.38e-29,99.0
Prmt3-201,Kiwa_ENA_GBGI01006410_GBGI01006410.1,27.338,139,92,5,376,507,431,21,5.38e-29,47.8
Prmt3-201,Kiwa_ENA_GBGI01006409_GBGI01006409.1,35.338,266,157,9,253,507,806,21,3.61e-27,114
Prmt3-201,Kiwa_ENA_GBGI01006411_GBGI01006411.1,36.555,238,136,9,253,479,773,72,7.76e-25,107
Prmt3-201,Kiwa_ENA_GBGI01006413_GBGI01006413.1,51.456,103,47,3,253,354,817,515,6.56e-21,71.6
Prmt3-201,Kiwa_ENA_GBGI01006413_GBGI01006413.1,27.338,139,92,5,376,507,431,21,6.56e-21,47.8
Prmt5-201,Kiwa_ENA_GBGI01007048_GBGI01007048.1,39.610,616,328,12,35,637,1934,180,1.25e-146,440
Prmt5-201,Kiwa_ENA_GBGI01007047_GBGI01007047.1,39.577,614,327,12,35,635,1893,145,2.06e-146,439
Prmt5-201,Kiwa_ENA_GBGI01007049_GBGI01007049.1,50.000,368,179,4,272,637,1274,180,1.01e-117,359
Prmt5-201,Kiwa_ENA_GBGI01007049_GBGI01007049.1,24.303,251,153,7,35,274,1923,1249,1.01e-117,84.3
Prmt5-201,Kiwa_ENA_GBGI01007050_GBGI01007050.1,49.728,368,180,4,272,637,1233,139,3.04e-117,357
Prmt5-201,Kiwa_ENA_GBGI01007050_GBGI01007050.1,24.303,251,153,7,35,274,1882,1208,3.04e-117,84.3
Prmt5-201,Kiwa_ENA_GBGI01007051_GBGI01007051.1,50.239,209,101,2,430,637,800,180,1.38e-61,216
Prmt5-201,Kiwa_ENA_GBGI01007051_GBGI01007051.1,45.912,159,84,2,272,429,1246,773,4.88e-50,133
Prmt5-201,Kiwa_ENA_GBGI01007051_GBGI01007051.1,24.303,251,153,7,35,274,1895,1221,4.88e-50,84.3
Prmt6-203,Kiwa_ENA_GBGI01000329_GBGI01000329.1,36.691,278,153,7,90,361,1388,606,1.64e-52,180
Prmt6-203,Kiwa_ENA_GBGI01006412_GBGI01006412.1,33.651,315,193,10,41,349,941,27,2.70e-50,175
Prmt6-203,Kiwa_ENA_GBGI01006409_GBGI01006409.1,31.046,306,188,11,57,349,914,27,2.51e-40,148
Prmt6-203,Kiwa_ENA_GBGI01006410_GBGI01006410.1,43.836,146,80,2,41,185,952,518,3.65e-39,125
Prmt6-203,Kiwa_ENA_GBGI01006410_GBGI01006410.1,25.000,168,112,8,187,349,503,27,3.65e-39,55.1
Prmt6-203,Kiwa_ENA_GBGI01006411_GBGI01006411.1,36.066,244,140,10,87,324,770,69,4.83e-39,144
Prmt6-203,Kiwa_ENA_GBGI01006413_GBGI01006413.1,49.000,100,49,2,87,185,814,518,3.12e-31,98.6
Prmt6-203,Kiwa_ENA_GBGI01006413_GBGI01006413.1,25.000,168,112,8,187,349,503,27,3.12e-31,55.1
Prmt7-201,Kiwa_ENA_GBGI01006412_GBGI01006412.1,29.814,161,98,6,22,181,917,477,2.96e-12,69.3
Prmt7-201,Kiwa_ENA_GBGI01006410_GBGI01006410.1,34.351,131,74,4,37,166,889,530,9.95e-12,67.4
Prmt7-201,Kiwa_ENA_GBGI01006409_GBGI01006409.1,33.621,116,68,4,67,181,800,477,1.74e-08,57.0
Prmt7-201,Kiwa_ENA_GBGI01006411_GBGI01006411.1,31.496,127,78,4,67,192,767,411,2.36e-08,56.6
Prmt7-201,Kiwa_ENA_GBGI01006413_GBGI01006413.1,35.644,101,57,3,67,166,811,530,6.60e-08,55.5
Prmt7-201,Kiwa_ENA_GBGI01000329_GBGI01000329.1,26.490,151,97,5,69,213,1388,960,6.02e-07,52.4
Prmt8-201,Kiwa_ENA_GBGI01000329_GBGI01000329.1,52.143,280,133,1,116,394,1388,549,2.16e-86,269
Prmt8-201,Kiwa_ENA_GBGI01006412_GBGI01006412.1,31.965,341,202,9,47,365,1019,21,1.50e-36,138
Prmt8-201,Kiwa_ENA_GBGI01006410_GBGI01006410.1,37.791,172,100,2,47,212,1030,518,1.45e-28,88.6
Prmt8-201,Kiwa_ENA_GBGI01006410_GBGI01006410.1,24.852,169,104,6,214,366,503,18,1.45e-28,55.8
Prmt8-201,Kiwa_ENA_GBGI01006409_GBGI01006409.1,31.803,305,177,10,85,366,908,18,3.33e-27,112
Prmt8-201,Kiwa_ENA_GBGI01006411_GBGI01006411.1,33.213,277,154,10,85,338,875,69,1.67e-25,107
Prmt8-201,Kiwa_ENA_GBGI01006413_GBGI01006413.1,39.259,135,74,3,85,212,919,518,1.23e-20,62.0
Prmt8-201,Kiwa_ENA_GBGI01006413_GBGI01006413.1,24.852,169,104,6,214,366,503,18,1.23e-20,55.8
Prmt9-201,Kiwa_ENA_GBGI01006412_GBGI01006412.1,24.746,295,170,13,156,435,875,102,4.42e-12,68.9
Prmt9-201,Kiwa_ENA_GBGI01006410_GBGI01006410.1,34.677,124,74,4,156,277,886,530,1.78e-10,63.9
Prmt9-201,Kiwa_ENA_GBGI01006409_GBGI01006409.1,24.354,271,154,12,179,435,803,102,7.43e-10,62.0
Prmt9-201,Kiwa_ENA_GBGI01006411_GBGI01006411.1,24.354,271,154,12,179,435,770,69,8.54e-10,61.6
Prmt9-201,Kiwa_ENA_GBGI01000329_GBGI01000329.1,37.113,97,57,2,182,278,1388,1110,1.46e-09,60.8
Prmt9-201,Kiwa_ENA_GBGI01006413_GBGI01006413.1,36.000,100,58,3,179,277,814,530,5.21e-08,55.8
Prmt1-202,Mcap_g48639,62.834,374,117,4,20,371,43,1164,2.23e-164,466
Prmt1-202,Mcap_g39658,49.502,301,151,1,53,352,631,1533,1.09e-93,290
Prmt1-202,Mcap_g20387,52.466,223,106,0,53,275,439,1107,1.83e-73,233
Prmt1-202,Mcap_g52531,36.278,317,186,7,51,353,280,1224,2.93e-51,177
Prmt1-202,Mcap_g48542,35.556,315,190,8,53,357,400,1335,1.11e-49,176
Prmt1-202,Mcap_g12943,36.194,268,158,8,100,357,7,801,9.72e-35,132
Prmt1-202,Mcap_g12062,38.384,99,60,1,255,352,4,300,2.37e-16,75.5
Prmt1-202,Mcap_g55540,23.333,300,175,10,63,317,403,1272,3.99e-08,56.2
Prmt2-203,Mcap_g52531,45.057,435,202,5,48,475,79,1293,1.84e-127,377
Prmt2-203,Mcap_g48639,30.966,352,190,9,114,452,172,1107,2.14e-56,192
Prmt2-203,Mcap_g39658,32.394,355,193,9,114,466,631,1560,2.15e-52,185
Prmt2-203,Mcap_g48542,35.312,337,168,10,113,440,397,1284,3.35e-47,172
Prmt2-203,Mcap_g20387,39.091,220,127,4,114,332,439,1080,2.85e-45,163
Prmt2-203,Mcap_g12943,33.916,286,145,9,161,440,7,750,2.14e-33,131
Prmt2-203,Mcap_adi2mcaRNA21700_R0,23.810,147,102,2,124,260,160,600,3.43e-06,50.4
Prmt2-203,Mcap_g35180,29.762,84,52,1,44,127,2035,2265,6.74e-06,49.7
Prmt2-203,Mcap_adi2mcaRNA30490_R0,27.434,226,145,9,137,355,994,1635,9.04e-06,49.3
Prmt3-201,Mcap_g39658,50.716,489,228,4,46,523,94,1554,2.98e-143,423
Prmt3-201,Mcap_g20387,51.724,377,170,3,80,446,4,1128,4.75e-105,320
Prmt3-201,Mcap_g48639,48.214,336,154,4,196,519,130,1113,9.04e-94,291
Prmt3-201,Mcap_g52531,35.866,329,187,7,204,516,256,1218,2.70e-49,176
Prmt3-201,Mcap_g48542,35.855,304,175,10,217,507,400,1290,9.20e-42,159
Prmt3-201,Mcap_g12943,34.496,258,149,10,263,507,4,756,5.49e-28,117
Prmt3-201,Mcap_g12062,48.889,90,46,0,427,516,28,297,1.75e-23,96.3
Prmt3-201,Mcap_g55540,23.100,329,182,11,227,503,403,1332,3.02e-09,60.5
Prmt5-201,Mcap_adi2mcaRNA30490_R0,57.327,621,259,5,19,637,31,1881,0.0,726
Prmt5-201,Mcap_adi2mcaRNA30490_R1,49.462,279,136,4,38,315,1,825,1.88e-87,275
Prmt6-203,Mcap_g48639,38.384,297,167,6,62,356,244,1092,1.00e-62,206
Prmt6-203,Mcap_g52531,38.438,333,177,9,46,364,274,1230,5.95e-60,200
Prmt6-203,Mcap_g39658,36.741,313,183,6,50,360,631,1530,1.62e-59,201
Prmt6-203,Mcap_g48542,37.061,313,184,7,41,349,373,1284,1.19e-55,192
Prmt6-203,Mcap_g20387,47.486,179,89,3,50,226,439,966,3.99e-46,162
Prmt6-203,Mcap_g12943,38.039,255,145,7,97,347,7,744,1.21e-42,154
Prmt6-203,Mcap_g55540,36.496,137,73,5,60,190,403,789,1.77e-16,82.0
Prmt6-203,Mcap_adi2mcaRNA30490_R0,24.214,318,198,10,45,336,949,1851,5.38e-08,55.5
Prmt6-203,Mcap_adi2mcaRNA21700_R0,26.543,162,107,5,58,208,154,636,2.47e-07,53.5
Prmt6-203,Mcap_g12062,33.803,71,46,1,290,360,88,297,5.51e-07,48.9
Prmt7-201,Mcap_adi2mcaRNA21700_R0,39.411,543,278,8,2,520,61,1608,1.22e-132,405
Prmt7-201,Mcap_adi2mcaRNA21700_R0,32.353,102,63,2,592,687,1573,1878,1.09e-07,56.2
Prmt7-201,Mcap_g55540,27.832,309,177,11,38,313,412,1299,1.35e-22,103
Prmt7-201,Mcap_g55540,24.437,311,190,12,371,650,382,1272,4.73e-11,67.0
Prmt7-201,Mcap_g48542,26.333,300,170,13,37,322,436,1224,2.05e-11,68.2
Prmt7-201,Mcap_g48639,24.413,213,140,6,37,239,244,849,2.11e-09,60.8
Prmt7-201,Mcap_g39658,23.734,316,188,12,23,330,649,1461,1.11e-08,59.3
Prmt7-201,Mcap_g12943,26.820,261,144,12,76,322,7,690,2.09e-07,54.7
Prmt7-201,Mcap_g52531,26.000,200,120,7,16,202,268,822,2.46e-07,54.7
Prmt7-201,Mcap_g20387,26.263,198,120,8,23,214,457,990,4.12e-07,53.5
Prmt8-201,Mcap_g48639,66.864,338,100,2,69,394,151,1164,3.70e-155,443
Prmt8-201,Mcap_g39658,48.505,301,154,1,76,375,631,1533,8.85e-84,265
Prmt8-201,Mcap_g20387,50.442,226,112,0,76,301,439,1116,3.33e-63,207
Prmt8-201,Mcap_g52531,38.170,317,180,7,74,376,280,1224,4.41e-51,177
Prmt8-201,Mcap_g48542,34.808,339,205,10,54,380,331,1335,6.42e-44,161
Prmt8-201,Mcap_g12943,33.704,270,164,9,122,380,4,801,2.41e-28,115
Prmt8-201,Mcap_g12062,37.374,99,61,1,278,375,4,300,1.76e-15,73.2
Prmt9-201,Mcap_g55540,32.940,847,497,18,26,845,22,2430,2.75e-146,452
Prmt9-201,Mcap_adi2mcaRNA21700_R0,24.826,431,246,14,138,545,115,1242,4.56e-18,89.7
Prmt9-201,Mcap_g52531,30.288,208,126,6,83,278,85,687,7.57e-13,72.4
Prmt9-201,Mcap_g48542,33.613,119,73,3,156,273,439,780,2.72e-10,64.7
Prmt9-201,Mcap_g48639,30.645,124,81,3,156,278,247,606,2.79e-10,63.9
Prmt9-201,Mcap_g20387,32.283,127,81,3,153,278,469,837,3.11e-09,60.8
Prmt9-201,Mcap_g39658,26.441,295,172,11,153,439,661,1434,4.17e-09,60.8
Prmt1-202,Msqu_ENA_GHBR01000994_GHBR01000994.1,46.753,308,163,1,45,351,78,1001,2.58e-95,287
Prmt1-202,Msqu_ENA_GHBR01000576_GHBR01000576.1,31.563,339,198,9,25,347,238,1200,3.51e-47,164
Prmt1-202,Msqu_ENA_GHBR01010747_GHBR01010747.1,53.846,39,18,0,79,117,309,193,1.38e-07,47.4
Prmt2-203,Msqu_ENA_GHBR01000994_GHBR01000994.1,30.904,343,197,7,110,451,90,1001,1.96e-54,184
Prmt2-203,Msqu_ENA_GHBR01000576_GHBR01000576.1,33.234,334,181,8,112,440,289,1179,6.28e-49,171
Prmt2-203,Msqu_ENA_GHBR01010747_GHBR01010747.1,38.182,55,32,2,179,232,167,6,7.83e-12,44.7
Prmt2-203,Msqu_ENA_GHBR01010747_GHBR01010747.1,53.846,39,17,1,141,179,306,193,7.83e-12,41.6
Prmt3-201,Msqu_ENA_GHBR01000994_GHBR01000994.1,42.056,321,181,3,196,512,30,989,2.86e-79,251
Prmt3-201,Msqu_ENA_GHBR01000576_GHBR01000576.1,31.875,320,206,6,217,527,295,1245,2.88e-40,149
Prmt3-201,Msqu_ENA_GHBR01010747_GHBR01010747.1,52.727,55,25,1,282,336,164,3,4.49e-16,57.8
Prmt3-201,Msqu_ENA_GHBR01010747_GHBR01010747.1,69.231,26,8,0,244,269,306,229,4.49e-16,42.7
Prmt5-201,Msqu_ENA_GHBR01003194_GHBR01003194.1,45.887,231,110,5,419,637,2,685,1.56e-57,192
Prmt5-201,Msqu_ENA_GHBR01006378_GHBR01006378.1,39.474,76,37,2,336,405,244,462,1.31e-16,52.8
Prmt5-201,Msqu_ENA_GHBR01006378_GHBR01006378.1,38.235,68,40,1,273,340,36,233,1.31e-16,50.1
Prmt5-201,Msqu_ENA_GHBR01000576_GHBR01000576.1,23.099,355,223,10,313,635,250,1260,1.98e-08,54.7
Prmt5-201,Msqu_ENA_GHBR01010181_GHBR01010181.1,39.286,56,34,0,361,416,251,84,2.60e-06,44.7
Prmt6-203,Msqu_ENA_GHBR01000994_GHBR01000994.1,37.580,314,181,6,47,358,93,995,2.89e-66,213
Prmt6-203,Msqu_ENA_GHBR01000576_GHBR01000576.1,33.913,345,206,10,41,378,268,1257,4.47e-57,190
Prmt6-203,Msqu_ENA_GHBR01010747_GHBR01010747.1,56.818,44,19,0,76,119,309,178,2.82e-14,48.1
Prmt6-203,Msqu_ENA_GHBR01010747_GHBR01010747.1,42.857,56,30,2,114,168,167,3,2.82e-14,45.8
Prmt7-201,Msqu_ENA_GHBR01000576_GHBR01000576.1,25.781,256,154,9,5,238,226,951,6.47e-12,65.9
Prmt7-201,Msqu_ENA_GHBR01000994_GHBR01000994.1,30.645,186,108,9,19,197,90,605,1.67e-11,64.3
Prmt8-201,Msqu_ENA_GHBR01000994_GHBR01000994.1,47.115,312,164,1,64,374,66,1001,3.36e-94,285
Prmt8-201,Msqu_ENA_GHBR01000576_GHBR01000576.1,35.220,318,181,8,69,370,274,1200,1.01e-46,163
Prmt9-201,Msqu_ENA_GHBR01000576_GHBR01000576.1,27.052,329,189,16,137,453,283,1152,2.91e-15,77.0
Prmt9-201,Msqu_ENA_GHBR01000994_GHBR01000994.1,24.333,300,180,12,156,444,141,932,1.33e-12,68.2
Prmt9-201,Msqu_ENA_GHBR01010747_GHBR01010747.1,74.074,27,7,0,179,205,276,196,4.41e-06,44.3
Prmt1-202,Nvec_XM_001639624.2,72.647,340,93,0,32,371,215,1234,9.26e-173,500
Prmt1-202,Nvec_XM_032367617.1,50.327,306,151,1,53,357,670,1587,1.44e-90,287
Prmt1-202,Nvec_XM_001641974.2,50.327,306,151,1,53,357,732,1649,2.23e-90,287
Prmt1-202,Nvec_XM_032387258.1,33.728,338,210,9,28,354,568,1572,7.11e-52,186
Prmt1-202,Nvec_XR_004295718.1,36.152,343,199,9,30,353,320,1345,4.29e-48,171
Prmt1-202,Nvec_XM_001620427.2,38.298,141,86,1,218,357,19,441,1.07e-25,103
Prmt1-202,Nvec_XM_001630731.2,25.166,302,170,12,63,317,481,1359,4.70e-10,62.8
Prmt1-202,Nvec_XM_032369543.1,27.500,160,106,4,50,199,282,761,2.06e-06,51.2
Prmt2-203,Nvec_XR_004295718.1,45.434,438,195,5,48,475,209,1420,1.09e-129,387
Prmt2-203,Nvec_XM_001639624.2,33.038,339,186,7,114,451,278,1174,6.82e-60,210
Prmt2-203,Nvec_XM_032367617.1,32.948,346,192,6,110,454,658,1578,4.64e-59,207
Prmt2-203,Nvec_XM_001641974.2,32.948,346,192,6,110,454,720,1640,6.12e-59,207
Prmt2-203,Nvec_XM_032387258.1,34.835,333,175,8,113,440,643,1530,6.78e-47,175
Prmt2-203,Nvec_XM_001630731.2,32.558,129,80,4,124,247,481,861,1.71e-08,58.5
Prmt2-203,Nvec_XM_032369543.1,23.161,367,200,13,101,428,282,1253,1.05e-07,55.8
Prmt3-201,Nvec_XM_032367617.1,51.134,485,223,3,48,518,121,1575,2.38e-149,445
Prmt3-201,Nvec_XM_001641974.2,51.134,485,223,3,48,518,183,1637,4.67e-149,445
Prmt3-201,Nvec_XM_001639624.2,49.324,296,149,1,217,512,278,1162,1.96e-86,283
Prmt3-201,Nvec_XR_004295718.1,43.849,317,164,6,213,516,392,1339,1.04e-62,214
Prmt3-201,Nvec_XM_032387258.1,32.716,324,202,8,210,522,625,1581,4.68e-43,165
Prmt3-201,Nvec_XM_001620427.2,47.407,135,71,0,382,516,19,423,1.17e-33,127
Prmt3-201,Nvec_XM_032369543.1,24.036,337,197,12,211,496,276,1262,3.11e-06,51.2
Prmt5-201,Nvec_XM_032382877.1,55.698,623,269,5,19,637,100,1959,0.0,719
Prmt5-201,Nvec_XM_032382878.1,56.716,536,226,4,106,637,117,1718,0.0,625
Prmt5-201,Nvec_XR_004295718.1,27.037,270,162,11,359,601,515,1300,1.67e-10,65.1
Prmt5-201,Nvec_XM_032371945.1,28.351,194,115,6,310,485,316,879,8.73e-10,63.2
Prmt5-201,Nvec_XM_032371946.1,28.351,194,115,6,310,485,316,879,9.11e-10,63.2
Prmt6-203,Nvec_XR_004295718.1,38.279,337,185,9,40,364,374,1351,2.09e-65,217
Prmt6-203,Nvec_XM_001639624.2,36.646,322,188,6,37,356,239,1162,3.07e-62,213
Prmt6-203,Nvec_XM_032367617.1,34.940,332,192,7,38,358,607,1563,3.06e-58,202
Prmt6-203,Nvec_XM_001641974.2,34.940,332,192,7,38,358,669,1625,3.99e-58,202
Prmt6-203,Nvec_XM_032387258.1,38.413,315,171,9,41,346,619,1521,5.63e-56,197
Prmt6-203,Nvec_XM_001630731.2,34.884,129,78,3,60,183,481,864,2.12e-13,73.2
Prmt6-203,Nvec_XM_032369543.1,22.674,344,199,15,46,341,297,1271,2.32e-10,63.5
Prmt6-203,Nvec_XM_001620427.2,25.714,140,94,3,219,358,28,417,1.04e-09,58.9
Prmt6-203,Nvec_XM_032382878.1,25.263,285,171,12,45,316,789,1556,9.10e-07,52.0
Prmt7-201,Nvec_XM_032369543.1,38.268,716,400,8,2,687,222,2333,3.69e-173,516
Prmt7-201,Nvec_XM_032378571.1,40.690,145,78,1,471,607,29,463,9.90e-36,133
Prmt7-201,Nvec_XM_001630731.2,31.317,281,150,11,38,287,490,1296,2.26e-22,104
Prmt7-201,Nvec_XM_001630731.2,27.914,326,193,14,356,650,415,1359,1.23e-15,82.4
Prmt7-201,Nvec_XM_032387258.1,26.190,336,199,14,16,336,616,1521,2.35e-12,71.6
Prmt7-201,Nvec_XM_001639624.2,23.322,283,174,10,6,265,227,1015,1.77e-11,68.9
Prmt7-201,Nvec_XR_004295718.1,31.507,146,85,5,14,158,380,775,1.66e-09,62.0
Prmt7-201,Nvec_XM_001641974.2,20.896,335,215,12,7,330,675,1562,2.49e-08,58.5
Prmt7-201,Nvec_XM_032367617.1,20.896,335,215,12,7,330,613,1500,2.68e-08,58.5
Prmt8-201,Nvec_XM_001639624.2,74.233,326,84,0,69,394,257,1234,1.15e-162,475
Prmt8-201,Nvec_XM_032367617.1,46.847,333,171,3,50,380,601,1587,9.82e-84,270
Prmt8-201,Nvec_XM_001641974.2,46.847,333,171,3,50,380,663,1649,1.48e-83,270
Prmt8-201,Nvec_XR_004295718.1,38.170,317,181,6,74,376,398,1345,2.28e-48,172
Prmt8-201,Nvec_XM_032387258.1,34.483,319,196,8,69,377,625,1572,2.82e-46,171
Prmt8-201,Nvec_XM_001620427.2,35.461,141,90,1,241,380,19,441,9.28e-25,101
Prmt9-201,Nvec_XM_001630731.2,33.643,862,488,23,27,846,103,2562,6.30e-138,442
Prmt9-201,Nvec_XM_032369543.1,23.843,432,231,17,156,546,330,1454,1.06e-16,86.3
Prmt9-201,Nvec_XM_032369543.1,23.345,287,194,8,151,431,1380,2180,4.30e-07,55.1
Prmt9-201,Nvec_XM_001639624.2,25.240,313,180,14,153,454,308,1117,1.62e-13,75.9
Prmt9-201,Nvec_XM_032367617.1,24.315,292,184,11,153,440,700,1476,1.29e-11,69.7
Prmt9-201,Nvec_XM_001641974.2,24.315,292,184,11,153,440,762,1538,1.32e-11,69.7
Prmt9-201,Nvec_XM_032387258.1,32.773,119,74,3,156,273,685,1026,9.60e-11,67.0
Prmt9-201,Nvec_XR_004295718.1,31.818,154,86,6,153,304,434,844,2.48e-10,65.1
Prmt1-202,Pbac_AVPN01000755.1,53.960,202,67,1,196,371,2779,2174,8.42e-69,236
Prmt1-202,Pbac_AVPN01000755.1,37.912,182,50,3,22,142,5177,4638,2.24e-22,101
Prmt1-202,Pbac_AVPN01001282.1,39.865,296,176,2,51,345,13042,12158,2.21e-65,226
Prmt1-202,Pbac_AVPN01002694.1,55.634,142,61,1,230,371,8570,8989,4.69e-48,176
Prmt1-202,Pbac_AVPN01002694.1,68.627,51,16,0,196,246,8335,8487,1.31e-16,83.6
Prmt1-202,Pbac_AVPN01002694.1,76.744,43,10,0,157,199,8015,8143,1.64e-14,77.4
Prmt1-202,Pbac_AVPN01002694.1,61.111,54,21,0,89,142,7671,7832,2.69e-11,67.4
Prmt1-202,Pbac_AVPN01002694.1,80.645,31,6,0,61,91,7405,7497,3.77e-08,57.4
Prmt1-202,Pbac_AVPN01007523.1,44.538,119,64,2,51,168,2812,3165,7.06e-22,99.4
Prmt1-202,Pbac_AVPN01021848.1,61.111,54,21,0,89,142,4146,4307,2.41e-11,67.4
Prmt1-202,Pbac_AVPN01021848.1,80.645,31,6,0,61,91,3880,3972,3.43e-08,57.4
Prmt2-203,Pbac_AVPN01001282.1,31.928,332,187,4,114,445,13036,12158,2.31e-43,166
Prmt2-203,Pbac_AVPN01007523.1,41.379,116,68,0,114,229,2818,3165,1.40e-21,100
Prmt2-203,Pbac_AVPN01002694.1,63.265,49,17,1,207,254,7979,8125,8.32e-12,70.1
Prmt2-203,Pbac_AVPN01002694.1,39.706,68,40,1,138,205,7635,7835,1.80e-07,56.2
Prmt2-203,Pbac_AVPN01000755.1,38.462,78,47,1,128,205,4865,4635,3.07e-08,58.5
Prmt2-203,Pbac_AVPN01021848.1,39.706,68,40,1,138,205,4110,4310,1.63e-07,56.2
Prmt3-201,Pbac_AVPN01001282.1,37.398,492,264,10,44,528,13453,12089,6.76e-78,269
Prmt3-201,Pbac_AVPN01007523.1,37.415,294,140,9,44,332,2401,3165,4.77e-34,139
Prmt3-201,Pbac_AVPN01000755.1,31.461,178,95,2,361,512,2776,2246,2.57e-21,100
Prmt3-201,Pbac_AVPN01000755.1,36.806,144,40,1,216,308,5063,4632,3.20e-12,71.6
Prmt3-201,Pbac_AVPN01002694.1,37.500,104,64,1,409,512,8609,8917,2.75e-20,79.7
Prmt3-201,Pbac_AVPN01002694.1,36.000,50,32,0,361,410,8338,8487,2.75e-20,40.0
Prmt3-201,Pbac_AVPN01002694.1,70.588,51,15,0,308,358,7976,8128,1.41e-14,79.3
Prmt3-201,Pbac_AVPN01002694.1,53.968,63,27,1,247,309,7659,7841,3.79e-06,52.0
Prmt3-201,Pbac_AVPN01021848.1,53.968,63,27,1,247,309,4134,4316,3.46e-06,52.0
Prmt5-201,Pbac_AVPN01000919.1,49.441,358,135,4,325,637,6662,7732,4.39e-100,337
Prmt5-201,Pbac_AVPN01000919.1,27.660,188,111,3,77,263,5570,6061,9.64e-15,80.5
Prmt5-201,Pbac_AVPN01000919.1,53.030,66,30,1,263,328,6279,6473,2.96e-10,65.9
Prmt5-201,Pbac_AVPN01017992.1,50.000,68,33,1,325,391,150,353,1.32e-13,70.1
Prmt6-203,Pbac_AVPN01001282.1,39.881,336,182,8,41,374,13063,12110,1.11e-63,222
Prmt6-203,Pbac_AVPN01007523.1,48.800,125,63,1,41,164,2791,3165,3.79e-30,124
Prmt6-203,Pbac_AVPN01002694.1,60.714,56,21,1,141,195,7976,8143,1.73e-11,68.2
Prmt6-203,Pbac_AVPN01002694.1,52.727,55,26,0,87,141,7674,7838,1.12e-09,62.4
Prmt6-203,Pbac_AVPN01002694.1,30.303,99,64,2,258,356,8636,8917,2.03e-07,55.1
Prmt6-203,Pbac_AVPN01002017.1,32.787,122,33,1,87,159,12003,12368,5.03e-11,66.6
Prmt6-203,Pbac_AVPN01000755.1,30.556,144,49,1,49,141,5063,4632,5.58e-11,66.6
Prmt6-203,Pbac_AVPN01000755.1,25.000,200,105,8,187,356,2800,2246,9.83e-09,59.3
Prmt6-203,Pbac_AVPN01021848.1,52.727,55,26,0,87,141,4149,4313,1.01e-09,62.4
Prmt6-203,Pbac_AVPN01003464.1,29.730,148,90,5,63,204,8056,8475,1.51e-06,52.4
Prmt7-201,Pbac_AVPN01000524.1,29.921,254,155,8,72,324,46551,47246,3.38e-17,88.6
Prmt7-201,Pbac_AVPN01001809.1,29.572,257,155,9,72,324,10989,11693,1.98e-15,82.8
Prmt7-201,Pbac_AVPN01003464.1,34.194,155,79,5,38,187,8056,8466,1.99e-07,56.6
Prmt7-201,Pbac_AVPN01003464.1,34.711,121,66,4,38,158,4416,4739,3.87e-07,55.8
Prmt7-201,Pbac_AVPN01021848.1,50.943,53,25,1,67,119,4152,4307,6.16e-07,55.1
Prmt7-201,Pbac_AVPN01002694.1,50.943,53,25,1,67,119,7677,7832,6.81e-07,55.1
Prmt7-201,Pbac_AVPN01000755.1,50.000,54,26,1,67,120,4793,4635,1.35e-06,54.3
Prmt8-201,Pbac_AVPN01000755.1,51.485,202,72,1,219,394,2779,2174,2.30e-65,228
Prmt8-201,Pbac_AVPN01000755.1,39.716,141,34,1,76,165,5060,4638,1.06e-16,84.3
Prmt8-201,Pbac_AVPN01001282.1,41.216,296,172,2,74,368,13042,12158,7.45e-64,223
Prmt8-201,Pbac_AVPN01002694.1,53.521,142,64,1,253,394,8570,8989,1.71e-45,170
Prmt8-201,Pbac_AVPN01002694.1,62.745,51,19,0,219,269,8335,8487,2.24e-15,80.5
Prmt8-201,Pbac_AVPN01002694.1,69.767,43,13,0,180,222,8015,8143,1.42e-12,71.6
Prmt8-201,Pbac_AVPN01002694.1,57.407,54,23,0,112,165,7671,7832,3.18e-08,57.8
Prmt8-201,Pbac_AVPN01002694.1,74.194,31,8,0,84,114,7405,7497,5.43e-07,53.9
Prmt8-201,Pbac_AVPN01007523.1,45.378,119,63,2,74,191,2812,3165,1.86e-19,92.4
Prmt8-201,Pbac_AVPN01021848.1,57.407,54,23,0,112,165,4146,4307,2.88e-08,57.8
Prmt8-201,Pbac_AVPN01021848.1,74.194,31,8,0,84,114,3880,3972,4.96e-07,53.9
Prmt9-201,Pbac_AVPN01003464.1,30.031,323,173,15,149,466,8035,8859,1.64e-20,100
Prmt9-201,Pbac_AVPN01003464.1,28.571,322,177,12,149,466,4395,5213,2.36e-18,92.8
Prmt9-201,Pbac_AVPN01001282.1,27.835,291,166,16,153,436,13006,12245,8.94e-08,58.5
Prmt9-201,Pbac_AVPN01001809.1,29.630,135,80,4,185,318,10989,11351,1.02e-06,55.1
Prmt9-201,Pbac_AVPN01000524.1,36.170,94,57,2,185,277,46551,46826,1.10e-06,54.7
Prmt9-201,Pbac_AVPN01021848.1,47.273,55,28,1,178,232,4146,4307,8.48e-06,51.6
Prmt9-201,Pbac_AVPN01002694.1,47.273,55,28,1,178,232,7671,7832,9.32e-06,51.6
Prmt1-202,Pdam_Pocillopora_damicornis_3922,67.582,182,59,0,190,371,1,546,4.50e-95,280
Prmt1-202,Pdam_Pocillopora_damicornis_7906,38.333,180,107,2,185,360,67,606,9.44e-43,146
Prmt1-202,Pdam_Pocillopora_damicornis_13024,70.192,104,31,0,93,196,16,327,4.68e-37,128
Prmt2-203,Pdam_Pocillopora_damicornis_13024,48.571,105,52,2,154,257,16,327,5.56e-31,114
Prmt2-203,Pdam_Pocillopora_damicornis_3922,22.277,202,118,5,251,452,1,489,1.57e-13,67.4
Prmt2-203,Pdam_Pocillopora_damicornis_4054,38.983,59,35,1,49,107,190,363,1.04e-06,46.2
Prmt2-203,Pdam_Pocillopora_damicornis_16945,35.088,57,36,1,44,99,211,381,1.68e-06,46.2
Prmt3-201,Pdam_Pocillopora_damicornis_7906,45.355,183,93,1,353,528,79,627,1.13e-50,171
Prmt3-201,Pdam_Pocillopora_damicornis_3922,38.506,174,106,1,355,528,4,522,2.18e-37,134
Prmt3-201,Pdam_Pocillopora_damicornis_13024,66.667,102,34,0,257,358,16,321,7.46e-33,120
Prmt5-201,Pdam_Pocillopora_damicornis_10822,58.730,126,52,0,512,637,1,378,6.40e-48,162
Prmt6-203,Pdam_Pocillopora_damicornis_13024,54.128,109,49,1,85,192,1,327,1.33e-35,125
Prmt6-203,Pdam_Pocillopora_damicornis_3922,26.136,176,115,5,186,360,1,486,2.26e-13,66.6
Prmt6-203,Pdam_Pocillopora_damicornis_7906,25.000,216,141,7,159,372,4,594,1.05e-12,65.1
Prmt7-201,Pdam_Pocillopora_damicornis_25696,39.130,115,70,0,442,556,4,348,3.12e-28,108
Prmt7-201,Pdam_Pocillopora_damicornis_13024,33.708,89,51,3,69,156,16,261,9.21e-07,46.6
Prmt8-201,Pdam_Pocillopora_damicornis_3922,65.385,182,63,0,213,394,1,546,1.19e-91,272
Prmt8-201,Pdam_Pocillopora_damicornis_7906,36.634,202,122,3,188,383,1,606,3.86e-42,145
Prmt8-201,Pdam_Pocillopora_damicornis_13024,75.962,104,25,0,116,219,16,327,1.78e-36,127
Prmt9-201,Pdam_Pocillopora_damicornis_13024,35.052,97,59,2,182,278,16,294,1.41e-10,57.8
Prmt1-202,Plut_plut2.m8.17583.m1,69.481,308,94,0,64,371,58,981,8.13e-151,442
Prmt1-202,Plut_plut2.m8.23276.m1,49.524,315,155,2,53,363,634,1578,7.77e-95,293
Prmt1-202,Plut_plut2.m8.23272.m1,52.655,226,104,1,53,278,273,941,1.50e-69,225
Prmt1-202,Plut_plut2.m8.23272.m1,35.616,73,47,0,222,294,960,1178,4.51e-09,58.2
Prmt1-202,Plut_plut2.m8.25350.m1,36.392,316,188,8,49,354,492,1430,2.78e-52,184
Prmt1-202,Plut_plut2.m8.11157.m1,37.898,314,181,6,53,353,295,1233,4.28e-52,179
Prmt1-202,Plut_plut2.m8.16834.m1,25.987,304,179,12,53,317,364,1254,5.06e-11,64.7
Prmt1-202,Plut_jamg1.model.Sc0000407.22,43.939,66,34,1,301,363,7,204,9.85e-11,57.8
Prmt2-203,Plut_plut2.m8.11157.m1,44.131,426,201,5,57,475,115,1302,1.16e-122,365
Prmt2-203,Plut_plut2.m8.23276.m1,32.123,358,196,8,110,465,622,1560,8.36e-55,192
Prmt2-203,Plut_plut2.m8.17583.m1,31.402,328,184,7,126,452,61,924,8.30e-53,189
Prmt2-203,Plut_plut2.m8.25350.m1,35.329,334,172,9,113,440,501,1388,1.25e-48,177
Prmt2-203,Plut_plut2.m8.23272.m1,40.179,224,124,5,110,332,261,905,1.30e-41,154
Prmt2-203,Plut_plut2.m8.18139.m1,21.658,374,207,15,101,431,143,1135,8.96e-09,58.5
Prmt2-203,Plut_plut2.m8.16834.m1,27.778,144,94,5,106,241,340,765,2.12e-07,53.9
Prmt3-201,Plut_plut2.m8.23276.m1,50.902,499,226,5,46,528,103,1590,5.31e-152,446
Prmt3-201,Plut_plut2.m8.23272.m1,53.896,308,130,3,158,465,102,989,1.01e-87,278
Prmt3-201,Plut_plut2.m8.23272.m1,41.026,78,46,0,386,463,960,1193,3.38e-12,68.9
Prmt3-201,Plut_plut2.m8.17583.m1,49.502,301,151,1,228,528,58,957,8.00e-85,277
Prmt3-201,Plut_plut2.m8.11157.m1,36.137,321,192,6,210,518,274,1233,1.97e-49,176
Prmt3-201,Plut_plut2.m8.25350.m1,35.430,302,179,8,217,507,504,1394,1.20e-42,161
Prmt3-201,Plut_jamg1.model.Sc0000407.22,44.444,72,33,1,464,528,1,216,5.30e-11,58.9
Prmt3-201,Plut_plut2.m8.16834.m1,25.753,299,164,11,227,482,403,1254,3.46e-10,63.2
Prmt5-201,Plut_plut2.m8.14498.m1,56.250,624,242,5,19,637,39,1832,0.0,702
Prmt5-201,Plut_plut2.m8.25350.m1,23.529,306,191,8,329,612,549,1403,7.89e-08,55.8
Prmt6-203,Plut_plut2.m8.11157.m1,40.000,330,176,7,46,364,283,1239,9.97e-63,207
Prmt6-203,Plut_plut2.m8.23276.m1,38.535,314,178,8,47,358,625,1527,5.10e-61,206
Prmt6-203,Plut_plut2.m8.17583.m1,38.742,302,169,6,57,356,46,909,8.04e-61,208
Prmt6-203,Plut_plut2.m8.25350.m1,37.380,313,183,7,41,349,477,1388,2.04e-56,195
Prmt6-203,Plut_plut2.m8.23272.m1,47.253,182,88,4,47,226,264,791,3.39e-46,164
Prmt6-203,Plut_plut2.m8.16834.m1,38.211,123,68,4,60,176,403,765,2.19e-16,81.3
Prmt6-203,Plut_plut2.m8.18139.m1,23.263,331,203,13,46,335,158,1120,6.93e-11,64.3
Prmt6-203,Plut_jamg1.model.Sc0000407.22,36.066,61,39,0,310,370,7,189,3.32e-07,47.8
Prmt7-201,Plut_plut2.m8.18139.m1,40.828,725,383,8,2,687,83,2236,0.0,566
Prmt7-201,Plut_plut2.m8.16834.m1,30.769,273,157,9,38,289,412,1197,3.55e-25,112
Prmt7-201,Plut_plut2.m8.16834.m1,28.042,189,120,5,356,532,337,891,2.29e-09,61.2
Prmt7-201,Plut_plut2.m8.25350.m1,26.140,329,188,14,9,317,432,1313,5.71e-13,72.8
Prmt7-201,Plut_plut2.m8.23276.m1,25.000,320,189,12,25,330,616,1464,2.98e-09,60.5
Prmt7-201,Plut_plut2.m8.11157.m1,27.835,194,114,5,1,181,196,738,1.11e-08,58.5
Prmt7-201,Plut_plut2.m8.17583.m1,24.074,216,143,6,37,242,61,675,2.37e-08,57.8
Prmt7-201,Plut_plut2.m8.23272.m1,31.387,137,74,5,23,158,291,644,1.99e-06,51.2
Prmt8-201,Plut_plut2.m8.17583.m1,69.381,307,94,0,88,394,61,981,4.93e-144,426
Prmt8-201,Plut_plut2.m8.23276.m1,49.206,315,156,2,76,386,634,1578,4.96e-88,277
Prmt8-201,Plut_plut2.m8.23272.m1,51.327,226,107,1,76,301,273,941,4.36e-61,204
Prmt8-201,Plut_plut2.m8.11157.m1,34.940,332,202,7,76,394,295,1287,3.62e-49,172
Prmt8-201,Plut_plut2.m8.25350.m1,35.241,332,201,9,57,377,444,1430,3.97e-46,167
Prmt8-201,Plut_jamg1.model.Sc0000407.22,41.176,68,37,1,322,386,1,204,6.30e-11,58.5
Prmt8-201,Plut_plut2.m8.16834.m1,29.944,177,107,6,65,226,334,858,1.60e-06,50.8
Prmt9-201,Plut_plut2.m8.16834.m1,34.778,854,478,21,29,844,31,2469,2.16e-153,470
Prmt9-201,Plut_plut2.m8.18139.m1,26.781,351,187,16,156,463,191,1162,2.98e-17,87.4
Prmt9-201,Plut_plut2.m8.23276.m1,29.592,294,160,13,153,437,664,1431,4.46e-13,73.2
Prmt9-201,Plut_plut2.m8.17583.m1,27.919,197,123,6,156,349,64,606,4.29e-12,70.5
Prmt9-201,Plut_plut2.m8.25350.m1,34.454,119,72,3,156,273,543,884,9.18e-12,69.3
Prmt9-201,Plut_plut2.m8.11157.m1,25.538,325,184,16,153,458,325,1182,1.08e-11,68.6
Prmt9-201,Plut_plut2.m8.23272.m1,33.858,127,79,3,153,278,303,671,1.92e-10,64.7
Prmt1-202,Prus_Prusg14074.t1,38.225,293,167,6,53,332,295,1170,7.12e-50,173
Prmt1-202,Prus_Prusg13583.t1,35.294,119,76,1,177,294,19,375,5.21e-22,92.0
Prmt1-202,Prus_Prusg14019.t1,25.987,304,179,12,53,317,364,1254,6.58e-12,67.4
Prmt1-202,Prus_Prusg15600.t1,85.417,48,7,0,138,185,433,576,2.93e-10,62.4
Prmt2-203,Prus_Prusg14074.t1,44.330,388,180,4,57,438,115,1188,1.94e-111,336
Prmt2-203,Prus_Prusg15600.t1,55.102,49,21,1,200,247,433,579,5.34e-11,65.5
Prmt2-203,Prus_Prusg14019.t1,28.472,144,93,5,106,241,340,765,7.49e-08,55.5
Prmt2-203,Prus_36635_t,26.442,208,137,7,152,355,1078,1665,2.14e-06,50.8
Prmt3-201,Prus_Prusg14074.t1,34.967,306,186,6,210,503,274,1188,1.36e-45,165
Prmt3-201,Prus_Prusg13583.t1,45.238,126,69,0,351,476,52,429,2.85e-30,116
Prmt3-201,Prus_Prusg15600.t1,75.000,48,12,0,302,349,433,576,2.20e-15,79.7
Prmt3-201,Prus_Prusg14019.t1,24.611,321,180,12,227,504,403,1308,1.52e-10,64.3
Prmt5-201,Prus_36635_t,56.535,635,252,5,19,637,31,1911,0.0,726
Prmt5-201,Prus_Prusg9045.t1,67.368,190,62,0,399,588,10,579,1.92e-86,270
Prmt5-201,Prus_Prusg14074.t1,30.709,127,82,4,359,483,406,774,4.62e-06,50.1
Prmt6-203,Prus_Prusg14074.t1,40.850,306,159,7,46,340,283,1167,2.78e-58,195
Prmt6-203,Prus_Prusg14019.t1,38.211,123,68,4,60,176,403,765,2.70e-16,81.3
Prmt6-203,Prus_Prusg15600.t1,60.417,48,18,1,136,182,436,579,3.34e-11,65.5
Prmt7-201,Prus_26540_t,37.358,265,141,2,81,323,1,786,4.28e-49,181
Prmt7-201,Prus_26540_t,40.323,124,66,2,522,637,805,1176,8.55e-24,106
Prmt7-201,Prus_Prusg14019.t1,31.982,222,130,5,38,249,412,1044,2.21e-24,109
Prmt7-201,Prus_Prusg14019.t1,27.322,183,118,4,356,527,337,873,2.37e-09,61.2
Prmt7-201,Prus_Prusg14074.t1,27.835,194,114,5,1,181,196,738,9.63e-09,58.5
Prmt8-201,Prus_Prusg14074.t1,37.543,293,169,7,76,355,295,1170,2.61e-46,164
Prmt8-201,Prus_Prusg13583.t1,31.250,128,84,2,196,322,19,393,1.51e-18,82.8
Prmt8-201,Prus_Prusg15600.t1,85.714,49,7,0,161,209,433,579,4.96e-11,65.1
Prmt8-201,Prus_Prusg14019.t1,30.508,177,106,6,65,226,334,858,4.70e-07,52.4
Prmt9-201,Prus_Prusg14019.t1,35.218,849,479,20,29,845,31,2460,1.04e-153,471
Prmt9-201,Prus_Prusg14074.t1,34.109,129,77,4,153,278,325,696,1.73e-11,67.8
Prmt1-202,Pver_TRINITY_DN22374_c0_g1_i1,68.208,346,107,1,29,371,136,1173,2.35e-168,489
Prmt1-202,Pver_TRINITY_DN17632_c0_g1_i1,49.852,337,165,2,28,360,576,1586,2.05e-101,310
Prmt1-202,Pver_TRINITY_DN30508_c0_g1_i2,37.846,325,183,8,53,359,282,1253,1.73e-55,188
Prmt1-202,Pver_TRINITY_DN14461_c0_g2_i1,35.110,319,194,8,46,354,474,1421,4.99e-50,181
Prmt1-202,Pver_TRINITY_DN20071_c0_g3_i1,28.846,156,95,4,63,203,540,1004,1.25e-08,57.4
Prmt2-203,Pver_TRINITY_DN30508_c0_g1_i2,41.892,444,211,7,44,475,63,1289,3.53e-118,354
Prmt2-203,Pver_TRINITY_DN22374_c0_g1_i1,33.235,340,186,7,114,452,217,1116,2.95e-59,208
Prmt2-203,Pver_TRINITY_DN17632_c0_g1_i1,35.061,328,173,7,107,433,630,1496,1.88e-56,196
Prmt2-203,Pver_TRINITY_DN14461_c0_g2_i1,34.957,349,177,10,113,452,492,1415,1.50e-47,177
Prmt2-203,Pver_TRINITY_DN21443_c0_g1_i2,25.792,221,144,7,141,355,1075,1695,3.78e-07,53.5
Prmt2-203,Pver_TRINITY_DN20071_c0_g3_i1,30.894,123,78,4,124,241,540,902,3.44e-06,50.4
Prmt2-203,Pver_TRINITY_DN8590_c0_g4_i1,22.840,162,113,4,111,260,145,630,3.95e-06,50.4
Prmt3-201,Pver_TRINITY_DN17632_c0_g1_i1,50.823,486,219,3,48,519,120,1559,2.95e-154,451
Prmt3-201,Pver_TRINITY_DN22374_c0_g1_i1,52.145,303,144,1,217,519,217,1122,3.42e-95,306
Prmt3-201,Pver_TRINITY_DN30508_c0_g1_i2,36.556,331,194,7,201,519,243,1223,1.37e-51,182
Prmt3-201,Pver_TRINITY_DN14461_c0_g2_i1,35.168,327,192,9,217,528,495,1460,4.70e-43,165
Prmt3-201,Pver_TRINITY_DN20071_c0_g3_i1,25.478,314,171,11,227,495,540,1427,1.27e-09,61.6
Prmt5-201,Pver_TRINITY_DN21443_c0_g1_i2,58.511,564,226,3,77,637,265,1941,0.0,675
Prmt5-201,Pver_TRINITY_DN21443_c0_g1_i2,49.153,59,29,1,19,77,45,218,3.38e-10,63.9
Prmt5-201,Pver_TRINITY_DN30508_c0_g1_i2,25.735,272,152,13,359,598,393,1154,5.76e-09,59.3
Prmt6-203,Pver_TRINITY_DN22374_c0_g1_i1,36.697,327,188,7,36,360,184,1113,6.53e-64,218
Prmt6-203,Pver_TRINITY_DN17632_c0_g1_i1,37.690,329,184,7,47,372,642,1574,8.51e-62,207
Prmt6-203,Pver_TRINITY_DN30508_c0_g1_i2,35.673,342,202,8,38,370,246,1244,2.59e-59,199
Prmt6-203,Pver_TRINITY_DN14461_c0_g2_i1,38.019,313,181,7,41,349,468,1379,1.81e-55,197
Prmt6-203,Pver_TRINITY_DN20071_c0_g3_i1,34.694,147,84,5,60,200,540,962,2.88e-15,78.2
Prmt6-203,Pver_TRINITY_DN8590_c0_g4_i1,22.985,335,211,13,50,341,154,1146,2.17e-11,66.6
Prmt6-203,Pver_TRINITY_DN21443_c0_g1_i2,23.585,318,199,12,45,336,1012,1911,5.63e-07,52.4
Prmt7-201,Pver_TRINITY_DN8590_c0_g4_i1,41.079,723,383,8,2,687,91,2241,0.0,567
Prmt7-201,Pver_TRINITY_DN20071_c0_g3_i1,30.986,284,147,9,38,289,549,1349,5.46e-23,105
Prmt7-201,Pver_TRINITY_DN20071_c0_g3_i1,24.299,321,207,11,356,650,474,1406,3.36e-14,77.4
Prmt7-201,Pver_TRINITY_DN14461_c0_g2_i1,26.780,295,165,13,37,317,531,1304,6.46e-12,70.1
Prmt7-201,Pver_TRINITY_DN17632_c0_g1_i1,23.512,336,206,14,6,330,594,1481,2.15e-09,61.2
Prmt7-201,Pver_TRINITY_DN22374_c0_g1_i1,23.554,242,156,7,8,239,190,858,2.51e-09,61.2
Prmt7-201,Pver_TRINITY_DN30508_c0_g1_i2,23.438,320,203,11,22,327,255,1130,2.99e-09,60.5
Prmt8-201,Pver_TRINITY_DN22374_c0_g1_i1,71.472,326,93,0,69,394,196,1173,1.03e-161,473
Prmt8-201,Pver_TRINITY_DN17632_c0_g1_i1,51.592,314,148,2,74,383,645,1586,1.17e-93,291
Prmt8-201,Pver_TRINITY_DN30508_c0_g1_i2,38.344,326,180,10,76,382,282,1253,2.16e-53,184
Prmt8-201,Pver_TRINITY_DN14461_c0_g2_i1,35.088,342,194,11,54,377,426,1421,1.60e-43,162
Prmt9-201,Pver_TRINITY_DN20071_c0_g3_i1,33.294,853,492,21,26,845,159,2585,1.13e-145,453
Prmt9-201,Pver_TRINITY_DN8590_c0_g4_i1,24.581,358,222,13,138,463,145,1170,2.28e-15,81.6
Prmt9-201,Pver_TRINITY_DN17632_c0_g1_i1,26.599,297,165,12,153,437,681,1448,7.50e-13,72.8
Prmt9-201,Pver_TRINITY_DN30508_c0_g1_i2,32.515,163,89,7,153,312,312,746,1.85e-11,67.8
Prmt9-201,Pver_TRINITY_DN22374_c0_g1_i1,33.071,127,80,3,153,278,247,615,5.53e-11,67.0
Prmt9-201,Pver_TRINITY_DN14461_c0_g2_i1,33.613,119,73,3,156,273,534,875,2.02e-10,65.5
Prmt1-202,Spis_Stylophora_pistillata_10148,68.627,306,96,0,66,371,1,918,4.62e-155,437
Prmt1-202,Spis_Stylophora_pistillata_21532,48.071,337,171,2,28,360,541,1551,5.38e-99,303
Prmt1-202,Spis_Stylophora_pistillata_18045,38.413,315,180,7,53,354,292,1233,1.33e-57,192
Prmt1-202,Spis_Stylophora_pistillata_17866,34.810,316,193,8,49,354,388,1326,2.57e-50,177
Prmt1-202,Spis_Stylophora_pistillata_7326,28.662,157,95,4,63,203,403,870,1.40e-09,59.3
Prmt2-203,Spis_Stylophora_pistillata_18045,41.667,444,212,7,44,475,73,1299,5.00e-118,352
Prmt2-203,Spis_Stylophora_pistillata_10148,31.804,327,182,7,127,452,1,861,1.89e-56,189
Prmt2-203,Spis_Stylophora_pistillata_21532,35.061,328,173,7,107,433,595,1461,4.79e-56,194
Prmt2-203,Spis_Stylophora_pistillata_17866,34.104,346,184,9,113,452,397,1320,1.23e-48,175
Prmt2-203,Spis_Stylophora_pistillata_5608,27.143,210,133,7,152,355,1036,1623,2.31e-08,55.8
Prmt2-203,Spis_Stylophora_pistillata_7326,33.333,123,75,4,124,241,403,765,1.58e-07,53.5
Prmt2-203,Spis_Stylophora_pistillata_11946,35.714,56,34,1,47,100,220,387,2.15e-06,46.6
Prmt3-201,Spis_Stylophora_pistillata_21532,49.798,496,234,4,48,528,85,1572,9.62e-153,446
Prmt3-201,Spis_Stylophora_pistillata_10148,49.498,299,150,1,230,528,1,894,7.25e-90,277
Prmt3-201,Spis_Stylophora_pistillata_18045,38.272,324,184,7,208,519,274,1233,3.11e-55,191
Prmt3-201,Spis_Stylophora_pistillata_17866,34.862,327,193,9,217,528,400,1365,1.16e-44,166
Prmt3-201,Spis_Stylophora_pistillata_7326,25.786,318,187,10,227,505,403,1326,4.94e-10,61.6
Prmt5-201,Spis_Stylophora_pistillata_5608,58.039,622,252,4,19,637,22,1869,0.0,738
Prmt5-201,Spis_Stylophora_pistillata_18045,26.692,266,153,13,359,596,403,1158,1.56e-08,56.6
Prmt6-203,Spis_Stylophora_pistillata_21532,38.924,316,178,6,47,360,607,1515,9.09e-63,209
Prmt6-203,Spis_Stylophora_pistillata_18045,36.310,336,192,9,46,370,280,1254,9.70e-62,204
Prmt6-203,Spis_Stylophora_pistillata_10148,37.500,296,169,6,63,356,1,846,1.58e-60,197
Prmt6-203,Spis_Stylophora_pistillata_17866,38.387,310,178,7,41,346,373,1275,6.02e-57,195
Prmt6-203,Spis_Stylophora_pistillata_7326,36.913,149,79,7,60,200,403,828,6.13e-16,79.0
Prmt6-203,Spis_Stylophora_pistillata_12563,21.231,325,211,12,58,341,157,1119,4.82e-09,57.4
Prmt6-203,Spis_Stylophora_pistillata_5608,24.088,274,175,9,89,336,1039,1839,1.85e-07,52.4
Prmt7-201,Spis_Stylophora_pistillata_12563,40.331,724,387,9,2,687,64,2214,0.0,558
Prmt7-201,Spis_Stylophora_pistillata_7326,29.348,276,163,8,38,289,412,1215,5.95e-22,100
Prmt7-201,Spis_Stylophora_pistillata_7326,23.053,321,212,10,356,650,337,1272,5.62e-13,72.0
Prmt7-201,Spis_Stylophora_pistillata_17866,26.936,297,174,14,37,322,436,1230,2.17e-12,69.7
Prmt7-201,Spis_Stylophora_pistillata_18045,23.988,321,202,11,22,328,265,1143,1.06e-11,67.0
Prmt7-201,Spis_Stylophora_pistillata_21532,23.899,318,185,13,23,330,634,1446,1.28e-09,60.8
Prmt7-201,Spis_Stylophora_pistillata_10148,24.645,211,140,6,38,239,1,603,1.70e-09,59.3
Prmt8-201,Spis_Stylophora_pistillata_10148,69.608,306,93,0,89,394,1,918,3.12e-151,429
Prmt8-201,Spis_Stylophora_pistillata_21532,49.682,314,154,2,74,383,610,1551,1.30e-90,282
Prmt8-201,Spis_Stylophora_pistillata_18045,38.095,315,181,7,76,377,292,1233,1.40e-54,186
Prmt8-201,Spis_Stylophora_pistillata_17866,34.524,336,204,10,54,377,331,1326,1.88e-44,162
Prmt8-201,Spis_Stylophora_pistillata_7326,27.624,181,110,6,65,226,334,870,2.05e-06,49.3
Prmt9-201,Spis_Stylophora_pistillata_7326,32.824,850,501,19,26,844,22,2454,1.27e-141,439
Prmt9-201,Spis_Stylophora_pistillata_12563,24.225,355,219,14,142,463,130,1143,1.59e-13,73.9
Prmt9-201,Spis_Stylophora_pistillata_21532,27.491,291,170,10,153,437,646,1413,1.96e-13,73.2
Prmt9-201,Spis_Stylophora_pistillata_18045,30.409,171,100,6,153,321,322,783,6.69e-12,68.2
Prmt9-201,Spis_Stylophora_pistillata_10148,32.258,124,79,3,156,278,1,360,3.94e-11,64.7
Prmt9-201,Spis_Stylophora_pistillata_17866,33.333,132,76,5,156,284,439,807,5.11e-11,65.9
