Sumo1-201,Adig_Acropora_digitifera_11897,38.095,84,51,1,8,90,877,1128,3.49e-10,54.3
Sumo2-207,Adig_Acropora_digitifera_11897,42.500,80,45,1,8,86,889,1128,9.58e-15,66.6
Sumo3-204,Adig_Acropora_digitifera_11897,42.500,80,44,2,11,88,889,1128,4.20e-13,62.8
Senp1-204,Adig_Acropora_digitifera_12931,48.899,227,114,1,440,666,1375,2049,2.79e-78,262
Senp1-204,Adig_Acropora_digitifera_11783,32.520,123,67,3,472,580,2119,2481,7.97e-12,67.8
Senp2-201,Adig_Acropora_digitifera_12931,42.982,228,128,1,361,588,1372,2049,4.56e-66,227
Senp2-201,Adig_Acropora_digitifera_11783,31.731,104,57,2,394,483,2119,2430,1.22e-10,63.5
Senp3-201,Adig_Acropora_digitifera_12931,38.164,207,118,3,365,566,1441,2046,7.69e-42,159
Senp3-201,Adig_Acropora_digitifera_11783,33.333,102,50,3,382,465,2125,2430,2.24e-09,59.3
Senp5-201,Adig_Acropora_digitifera_12931,39.267,191,111,2,563,748,1477,2049,1.03e-39,155
Senp5-201,Adig_Acropora_digitifera_11783,26.606,109,62,3,566,656,2134,2460,7.29e-07,52.0
Senp6-203,Adig_Acropora_digitifera_11783,60.432,139,53,1,670,808,2050,2460,3.29e-40,160
Senp6-203,Adig_Acropora_digitifera_11783,55.556,108,45,3,996,1101,2671,2991,4.73e-28,121
Senp6-203,Adig_Acropora_digitifera_12931,32.203,118,62,3,685,800,1441,1746,2.53e-08,57.4
Senp7-203,Adig_Acropora_digitifera_11783,47.500,320,147,6,732,1034,2074,3021,1.79e-73,262
Senp7-203,Adig_Acropora_digitifera_12931,34.454,119,59,3,739,855,1441,1746,3.34e-07,53.5
Senp1-204,Ahya_Acropora_hyacinthus_7708,32.000,100,51,3,472,554,109,408,1.68e-09,54.3
Senp2-201,Ahya_Acropora_hyacinthus_7708,30.851,94,51,2,394,473,109,390,1.22e-08,51.6
Senp3-201,Ahya_Acropora_hyacinthus_7708,33.333,99,47,4,382,462,115,408,4.72e-09,52.8
Senp5-201,Ahya_Acropora_hyacinthus_7708,28.125,96,50,4,566,643,124,408,6.92e-06,43.9
Senp6-203,Ahya_Acropora_hyacinthus_7708,59.836,122,47,1,668,789,34,393,4.66e-36,130
Senp7-203,Ahya_Acropora_hyacinthus_7708,59.292,113,43,2,732,844,64,393,1.53e-33,123
Sumo1-201,Amil_Acropora_millepora_17859,38.095,84,51,1,8,90,847,1098,6.04e-10,54.3
Sumo2-207,Amil_Acropora_millepora_17859,42.500,80,45,1,8,86,859,1098,1.51e-14,67.0
Sumo3-204,Amil_Acropora_millepora_17859,42.500,80,44,2,11,88,859,1098,7.26e-13,62.8
Senp1-204,Amil_Acropora_millepora_9103,48.899,227,114,1,440,666,1366,2040,6.63e-78,261
Senp1-204,Amil_Acropora_millepora_30531,27.225,191,122,5,487,661,25,594,1.37e-15,75.5
Senp1-204,Amil_Acropora_millepora_28184,30.081,123,85,1,539,660,91,459,2.42e-15,75.1
Senp1-204,Amil_Acropora_millepora_5242,33.962,106,56,2,472,563,2119,2436,4.60e-11,65.9
Senp1-204,Amil_Acropora_millepora_15803,27.700,213,108,8,460,629,655,1284,1.49e-08,57.4
Senp1-204,Amil_Acropora_millepora_33579,28.440,109,65,3,555,663,64,351,5.89e-08,51.6
Senp2-201,Amil_Acropora_millepora_9103,42.982,228,128,1,361,588,1363,2040,1.35e-65,226
Senp2-201,Amil_Acropora_millepora_30531,29.167,192,117,5,409,583,25,594,2.08e-18,83.6
Senp2-201,Amil_Acropora_millepora_28184,32.520,123,82,1,461,582,91,459,2.25e-15,74.7
Senp2-201,Amil_Acropora_millepora_5242,31.731,104,57,2,394,483,2119,2430,1.99e-10,63.5
Senp2-201,Amil_Acropora_millepora_15803,23.923,209,122,7,393,565,706,1329,1.13e-08,57.4
Senp3-201,Amil_Acropora_millepora_9103,38.164,207,118,3,365,566,1432,2037,2.36e-41,158
Senp3-201,Amil_Acropora_millepora_30531,23.858,197,128,4,387,561,1,591,4.90e-14,70.9
Senp3-201,Amil_Acropora_millepora_5242,33.333,102,50,3,382,465,2125,2430,3.88e-09,59.3
Senp3-201,Amil_Acropora_millepora_28184,23.333,120,86,3,443,557,91,447,8.32e-09,55.5
Senp3-201,Amil_Acropora_millepora_15803,29.897,194,94,8,381,533,715,1293,2.91e-07,52.8
Senp5-201,Amil_Acropora_millepora_9103,39.267,191,111,2,563,748,1468,2040,3.86e-39,154
Senp5-201,Amil_Acropora_millepora_30531,24.870,193,115,6,576,742,25,591,6.17e-13,68.2
Senp5-201,Amil_Acropora_millepora_28184,25.410,122,87,2,630,747,109,474,2.97e-07,51.6
Senp5-201,Amil_Acropora_millepora_15803,29.630,189,92,6,567,714,727,1293,1.30e-06,51.2
Senp5-201,Amil_Acropora_millepora_5242,28.283,99,53,3,566,646,2134,2430,3.30e-06,50.4
Senp6-203,Amil_Acropora_millepora_5242,60.145,138,53,1,668,805,2044,2451,1.95e-39,158
Senp6-203,Amil_Acropora_millepora_5241,55.357,112,47,3,992,1101,187,519,4.52e-32,123
Senp6-203,Amil_Acropora_millepora_15803,38.261,115,69,2,681,794,673,1014,2.61e-18,89.4
Senp6-203,Amil_Acropora_millepora_15803,31.532,111,67,3,999,1101,1081,1410,7.11e-08,56.2
Senp6-203,Amil_Acropora_millepora_9103,32.203,118,62,3,685,800,1432,1737,6.81e-08,56.6
Senp7-203,Amil_Acropora_millepora_5242,62.903,124,43,2,732,855,2074,2436,2.46e-37,151
Senp7-203,Amil_Acropora_millepora_5241,53.719,121,48,3,919,1037,199,543,3.43e-33,126
Senp7-203,Amil_Acropora_millepora_15803,35.714,126,77,3,726,849,643,1014,4.78e-13,72.4
Senp7-203,Amil_Acropora_millepora_15803,29.839,124,78,3,919,1034,1072,1440,5.78e-10,62.8
Senp7-203,Amil_Acropora_millepora_9103,34.454,119,59,3,739,855,1432,1737,4.55e-07,53.5
Senp8-206,Amil_Acropora_millepora_29156,48.571,210,104,3,17,225,19,639,2.71e-65,201
Sumo2-207,Apal_XM_021057505.2,35.526,76,48,1,12,86,901,1128,4.11e-09,52.4
Sumo3-204,Apal_XM_021057505.2,36.364,77,48,1,13,88,898,1128,2.55e-09,53.9
Senp1-204,Apal_XM_021061604.1,53.158,190,87,1,442,631,1244,1807,1.89e-68,236
Senp1-204,Apal_XM_028661887.1,32.995,197,120,5,479,666,7,588,4.54e-26,107
Senp1-204,Apal_XR_002334491.2,27.948,229,109,5,491,666,58,735,1.47e-19,90.9
Senp1-204,Apal_XM_021044331.2,33.557,149,94,4,518,665,4020,4454,1.29e-18,91.7
Senp1-204,Apal_XM_021044331.2,40.964,83,48,1,461,542,3746,3994,3.38e-09,61.2
Senp1-204,Apal_XM_021054939.2,24.555,281,114,13,472,663,2085,2900,1.16e-11,68.9
Senp1-204,Apal_XM_028663641.1,25.728,206,128,8,473,666,1571,2149,1.87e-11,68.2
Senp1-204,Apal_XM_028660533.1,27.128,188,113,8,487,666,1489,2004,4.74e-08,57.0
Senp1-204,Apal_XM_028660479.1,26.267,217,115,9,474,665,373,963,3.28e-07,53.9
Senp1-204,Apal_XM_028659091.1,25.000,172,107,6,487,653,2095,2559,4.20e-07,54.3
Senp1-204,Apal_XR_003695651.1,38.462,52,32,0,615,666,226,381,5.73e-07,53.1
Senp1-204,Apal_XM_028659090.1,25.625,160,98,5,487,642,2095,2523,2.08e-06,52.0
Senp1-204,Apal_XM_021056356.2,27.184,103,63,4,479,575,66,356,4.86e-06,47.4
Senp2-201,Apal_XM_021061604.1,47.668,193,98,2,367,558,1253,1825,1.56e-56,201
Senp2-201,Apal_XM_021044331.2,36.296,135,78,6,456,587,4065,4454,1.73e-28,86.3
Senp2-201,Apal_XM_021044331.2,40.845,71,41,1,394,463,3779,3991,1.73e-28,60.1
Senp2-201,Apal_XM_028661887.1,29.442,197,127,4,401,588,7,588,2.08e-24,102
Senp2-201,Apal_XR_002334491.2,28.384,229,108,4,413,588,58,735,1.07e-18,87.8
Senp2-201,Apal_XM_028663641.1,29.612,206,118,9,396,588,1574,2149,7.12e-16,82.0
Senp2-201,Apal_XM_021054939.2,28.226,124,57,5,394,494,2085,2429,6.55e-10,63.2
Senp2-201,Apal_XM_028660533.1,25.581,215,137,7,387,588,1390,2004,3.81e-09,60.5
Senp2-201,Apal_XM_028661885.1,30.392,102,68,2,483,583,1,300,1.58e-08,57.4
Senp2-201,Apal_XM_028660479.1,24.638,207,145,7,385,587,364,963,1.92e-08,57.4
Senp2-201,Apal_XM_021041952.2,39.241,79,45,2,510,588,59,286,6.19e-07,50.4
Senp2-201,Apal_XR_003695651.1,40.385,52,31,0,537,588,226,381,9.71e-07,52.0
Senp3-201,Apal_XM_021061604.1,37.705,183,103,4,365,541,1304,1837,6.05e-32,131
Senp3-201,Apal_XM_021044331.2,31.250,128,85,3,438,563,4065,4445,1.45e-18,70.5
Senp3-201,Apal_XM_021044331.2,36.765,68,35,3,381,442,3785,3982,1.45e-18,42.4
Senp3-201,Apal_XM_028661887.1,29.082,196,110,6,387,561,7,570,3.45e-18,84.3
Senp3-201,Apal_XR_002334491.2,35.593,118,76,0,444,561,364,717,9.84e-16,79.0
Senp3-201,Apal_XM_021054939.2,30.769,104,49,2,382,462,2091,2402,3.20e-09,60.8
Senp3-201,Apal_XM_028657375.1,24.365,197,131,6,375,565,895,1449,5.58e-06,50.1
Senp5-201,Apal_XM_021061604.1,40.252,159,87,3,567,720,1352,1819,1.76e-30,128
Senp5-201,Apal_XM_028661887.1,30.928,194,121,3,568,748,7,588,3.82e-18,84.7
Senp5-201,Apal_XM_021044331.2,31.746,126,85,1,619,743,4065,4442,5.81e-18,65.9
Senp5-201,Apal_XM_021044331.2,44.615,65,27,4,566,623,3794,3982,5.81e-18,45.4
Senp5-201,Apal_XR_002334491.2,36.441,118,75,0,625,742,364,717,1.23e-14,76.3
Senp5-201,Apal_XM_021054939.2,24.783,230,95,6,567,718,2103,2792,2.61e-09,61.6
Senp5-201,Apal_XM_028663641.1,26.087,207,132,7,557,749,1556,2155,1.42e-07,55.8
Senp5-201,Apal_XM_021041952.2,36.111,72,46,0,671,742,53,268,3.11e-06,48.5
Senp6-203,Apal_XM_021054939.2,42.991,214,113,4,680,890,2046,2669,7.63e-38,155
Senp6-203,Apal_XM_021054939.2,46.903,113,58,1,991,1101,2556,2894,5.30e-25,113
Senp6-203,Apal_XM_021061604.1,31.496,127,67,3,691,813,1328,1660,1.66e-09,62.8
Senp6-203,Apal_XM_028661480.1,32.990,97,54,3,996,1085,27,305,3.57e-07,53.1
Senp6-203,Apal_XM_021053081.2,48.148,54,28,0,695,748,607,768,7.78e-07,52.8
Senp7-203,Apal_XM_021054939.2,46.309,298,144,5,734,1027,2046,2903,1.73e-64,239
Senp7-203,Apal_XM_021053081.2,41.379,58,34,0,749,806,607,780,3.08e-09,60.1
Senp7-203,Apal_XM_028661480.1,29.358,109,66,4,919,1020,27,341,6.82e-08,55.1
Senp8-206,Apal_XM_021049400.2,46.602,103,48,3,15,116,71,361,2.18e-22,91.3
Senp8-206,Apal_XM_028661589.1,35.971,139,87,2,87,224,19,432,4.67e-21,91.3
Sumo1-201,Apoc_chromosome_9.193_1,64.583,96,34,0,3,98,37,324,1.63e-34,114
Sumo1-201,Apoc_chromosome_4.751_1,41.429,70,40,1,22,90,955,1164,1.17e-09,53.9
Sumo2-207,Apoc_chromosome_9.193_1,59.494,79,32,0,15,93,85,321,2.78e-25,91.3
Sumo2-207,Apoc_chromosome_4.751_1,47.143,70,36,1,18,86,955,1164,1.56e-13,64.7
Sumo3-204,Apoc_chromosome_9.193_1,56.842,95,36,1,1,95,52,321,1.00e-27,98.2
Sumo3-204,Apoc_chromosome_4.751_1,45.946,74,39,1,16,88,943,1164,6.12e-14,66.6
Senp1-204,Apoc_chromosome_9.985_1,53.304,227,104,1,440,666,1405,2079,3.36e-83,277
Senp1-204,Apoc_chromosome_2.99_1,27.523,218,155,2,448,662,811,1464,2.29e-26,114
Senp1-204,Apoc_chromosome_14.1353_1,29.670,182,117,7,487,661,901,1434,9.65e-17,84.7
Senp1-204,Apoc_chromosome_8.251_1,29.268,205,120,10,474,666,2200,2775,4.79e-14,76.6
Senp1-204,Apoc_chromosome_12.1603_1,27.222,180,115,6,491,664,1621,2130,1.15e-13,75.1
Senp1-204,Apoc_chromosome_14.2601_1,25.943,212,125,7,453,638,1030,1647,8.70e-13,72.0
Senp1-204,Apoc_chromosome_10.2906_1,32.710,107,57,2,472,563,2122,2442,1.67e-10,65.1
Senp1-204,Apoc_chromosome_5.1215_1,21.702,235,172,6,439,662,4597,5298,9.86e-10,62.8
Senp1-204,Apoc_chromosome_8.780_1,22.439,205,141,6,463,664,3499,4068,3.78e-08,57.8
Senp1-204,Apoc_chromosome_14.4201_1,44.737,38,21,0,537,574,343,456,1.05e-06,44.3
Senp1-204,Apoc_chromosome_14.4201_1,52.632,19,9,0,615,633,495,551,1.05e-06,28.1
Senp1-204,Apoc_chromosome_14.1464_1,23.899,159,100,5,488,633,1741,2193,5.78e-06,50.4
Senp2-201,Apoc_chromosome_9.985_1,46.491,228,120,1,361,588,1402,2079,4.63e-68,234
Senp2-201,Apoc_chromosome_2.99_1,26.728,217,156,2,371,584,814,1464,4.95e-25,109
Senp2-201,Apoc_chromosome_8.251_1,32.020,203,117,10,396,588,2200,2775,3.96e-16,82.8
Senp2-201,Apoc_chromosome_14.1353_1,29.282,181,119,5,409,583,901,1434,1.20e-13,74.7
Senp2-201,Apoc_chromosome_14.2601_1,26.190,210,120,8,394,582,1132,1719,3.48e-13,72.8
Senp2-201,Apoc_chromosome_14.1464_1,27.097,155,106,3,410,558,1741,2202,4.62e-12,69.7
Senp2-201,Apoc_chromosome_5.1215_1,22.358,246,180,6,349,584,4564,5298,6.31e-12,69.7
Senp2-201,Apoc_chromosome_10.2906_1,31.429,105,57,2,394,483,2122,2436,5.56e-10,63.2
Senp2-201,Apoc_chromosome_12.1603_1,26.554,177,112,7,414,583,1624,2121,1.10e-08,58.5
Senp3-201,Apoc_chromosome_9.985_1,40.000,210,113,4,365,566,1462,2076,5.22e-44,167
Senp3-201,Apoc_chromosome_2.99_1,32.500,160,96,5,413,563,994,1464,2.96e-17,85.5
Senp3-201,Apoc_chromosome_12.1603_1,30.519,154,93,6,419,565,1690,2130,1.74e-10,64.3
Senp3-201,Apoc_chromosome_14.1353_1,28.191,188,109,8,395,564,901,1440,8.74e-10,62.0
Senp3-201,Apoc_chromosome_2.974_1,29.577,142,81,6,387,509,988,1413,3.57e-09,59.7
Senp3-201,Apoc_chromosome_14.2601_1,26.108,203,118,8,365,542,1090,1677,4.95e-09,59.7
Senp3-201,Apoc_chromosome_10.2906_1,30.769,104,53,3,381,465,2125,2436,2.24e-08,57.8
Senp3-201,Apoc_chromosome_8.780_1,21.827,197,145,4,365,559,3481,4050,3.64e-06,50.8
Senp3-201,Apoc_chromosome_8.251_1,24.896,241,154,9,332,561,2086,2760,9.77e-06,49.3
Senp5-201,Apoc_chromosome_9.985_1,42.408,191,105,2,563,748,1507,2079,4.18e-42,164
Senp5-201,Apoc_chromosome_2.99_1,30.806,211,126,7,538,735,826,1437,2.77e-18,89.4
Senp5-201,Apoc_chromosome_14.1353_1,29.630,189,105,8,576,745,901,1440,5.72e-13,73.2
Senp5-201,Apoc_chromosome_12.1603_1,32.680,153,91,5,600,746,1690,2130,1.99e-12,71.2
Senp5-201,Apoc_chromosome_14.2601_1,25.758,132,84,4,595,713,1243,1635,1.15e-08,58.9
Senp5-201,Apoc_chromosome_8.780_1,28.324,173,97,7,567,726,3544,4020,2.44e-07,55.1
Senp5-201,Apoc_chromosome_14.1464_1,25.287,174,107,8,562,718,1699,2202,2.57e-07,55.1
Senp5-201,Apoc_chromosome_8.251_1,27.136,199,126,9,557,742,2182,2760,2.77e-07,54.7
Senp5-201,Apoc_chromosome_10.2906_1,26.415,106,59,3,563,649,2128,2445,4.75e-07,53.9
Senp6-203,Apoc_chromosome_10.2906_1,63.846,130,46,1,679,808,2080,2466,2.75e-40,162
Senp6-203,Apoc_chromosome_10.2906_1,54.386,114,47,3,990,1101,2644,2976,2.24e-27,120
Senp6-203,Apoc_chromosome_2.974_1,29.167,192,111,7,608,798,739,1242,1.37e-10,65.9
Senp6-203,Apoc_chromosome_9.985_1,31.132,106,57,2,693,798,1501,1770,9.24e-08,57.0
Senp6-203,Apoc_chromosome_14.2601_1,29.907,107,58,2,691,797,1126,1395,4.81e-07,54.7
Senp7-203,Apoc_chromosome_10.2906_1,44.937,316,157,6,733,1036,2080,3012,2.75e-62,230
Senp7-203,Apoc_chromosome_14.2601_1,25.249,301,141,12,731,1027,1090,1752,2.78e-08,58.5
Senp8-206,Apoc_chromosome_2.343_1,49.528,212,104,3,15,225,7,636,2.35e-68,209
Sumo1-201,Aque_XM_003388015.3,58.228,79,33,0,19,97,140,376,1.62e-28,102
Sumo1-201,Aque_XM_011406900.2,55.696,79,35,0,19,97,124,360,2.83e-27,97.8
Sumo1-201,Aque_XM_003388016.3,44.898,98,50,2,4,97,169,462,1.88e-22,87.0
Sumo2-207,Aque_XM_003388016.3,61.702,94,32,3,3,93,184,462,4.35e-32,111
Sumo2-207,Aque_XM_011406900.2,65.000,80,28,0,14,93,121,360,5.50e-31,107
Sumo2-207,Aque_XM_003388015.3,63.750,80,29,0,14,93,137,376,5.42e-30,105
Sumo2-207,Aque_XM_020001338.1,37.313,67,42,0,18,84,125,325,9.60e-09,49.7
Sumo3-204,Aque_XM_003388016.3,61.000,100,34,3,1,95,163,462,3.86e-34,117
Sumo3-204,Aque_XM_011406900.2,61.458,96,35,2,1,95,76,360,2.45e-33,113
Sumo3-204,Aque_XM_003388015.3,60.417,96,36,2,1,95,92,376,2.60e-32,112
Sumo3-204,Aque_XM_020001338.1,37.313,67,42,0,20,86,125,325,1.74e-08,49.7
Senp1-204,Aque_XM_020001636.1,48.780,205,103,1,462,666,1326,1934,5.93e-65,226
Senp1-204,Aque_XM_019998752.1,32.642,193,94,7,472,636,1545,2099,1.53e-15,80.9
Senp1-204,Aque_XM_020004929.1,28.736,174,112,3,488,661,792,1277,1.44e-13,73.6
Senp1-204,Aque_XR_002186606.1,46.000,50,24,1,543,589,4,153,5.55e-09,47.4
Senp1-204,Aque_XR_002186606.1,39.394,33,17,1,601,633,192,281,5.55e-09,32.7
Senp1-204,Aque_XM_020004578.1,26.866,134,88,4,537,666,112,495,2.30e-06,50.8
Senp1-204,Aque_XM_020005068.1,25.210,119,84,4,546,662,17,364,4.05e-06,50.1
Senp2-201,Aque_XM_020001636.1,43.627,204,113,1,385,588,1329,1934,5.15e-55,197
Senp2-201,Aque_XM_020004929.1,28.161,174,113,3,410,583,792,1277,1.04e-14,77.0
Senp2-201,Aque_XM_020001660.1,35.714,84,52,2,402,485,44,289,3.77e-13,53.9
Senp2-201,Aque_XM_020001660.1,23.944,71,54,0,482,552,319,531,3.77e-13,39.7
Senp2-201,Aque_XM_019998752.1,26.738,187,109,4,394,556,1545,2093,6.16e-13,72.4
Senp2-201,Aque_XM_020004578.1,29.677,155,101,4,435,588,52,495,5.16e-09,58.9
Senp2-201,Aque_XM_020005068.1,30.252,119,78,4,468,584,17,364,7.71e-08,55.1
Senp3-201,Aque_XM_020001636.1,42.157,204,108,3,368,566,1335,1931,7.33e-47,174
Senp3-201,Aque_XM_019998752.1,28.293,205,114,7,364,537,1491,2099,1.30e-13,74.3
Senp3-201,Aque_XM_020004929.1,29.730,148,100,3,411,557,828,1262,1.73e-08,57.4
Senp5-201,Aque_XM_020001636.1,41.327,196,109,3,558,748,1350,1934,1.19e-43,167
Senp5-201,Aque_XM_020004929.1,30.488,164,105,4,577,738,792,1262,6.71e-12,68.6
Senp5-201,Aque_XM_019998752.1,29.189,185,92,7,567,718,1563,2099,2.36e-11,67.8
Senp5-201,Aque_XM_020001660.1,30.380,79,50,4,570,645,50,280,1.52e-06,42.7
Senp5-201,Aque_XM_020001660.1,29.333,75,40,3,645,711,319,528,1.52e-06,29.3
Senp6-203,Aque_XM_019998752.1,42.149,121,66,3,681,801,1509,1859,4.09e-19,94.0
Senp6-203,Aque_XM_019998752.1,45.946,74,37,2,996,1069,1893,2105,2.76e-08,58.5
Senp6-203,Aque_XM_020001636.1,32.407,108,57,2,693,800,1356,1631,2.34e-08,58.5
Senp7-203,Aque_XM_019998752.1,34.459,296,128,9,735,1027,1509,2207,1.39e-23,108
Senp7-203,Aque_XM_020001636.1,36.893,103,48,2,753,855,1374,1631,2.89e-07,54.7
Senp8-206,Aque_XM_003383935.3,46.119,219,112,5,9,223,18,668,1.35e-51,168
Sumo1-201,Cgig_G27008.5,50.000,78,39,0,20,97,22,255,2.81e-23,86.7
Sumo1-201,Cgig_G27008.4,50.000,78,39,0,20,97,28,261,2.84e-23,86.7
Sumo1-201,Cgig_G27008.3,50.000,78,39,0,20,97,43,276,3.52e-23,86.7
Sumo1-201,Cgig_G27008.2,50.000,78,39,0,20,97,43,276,3.52e-23,86.7
Sumo1-201,Cgig_G27008.1,50.000,78,39,0,20,97,43,276,3.26e-22,85.1
Sumo1-201,Cgig_G27008.6,48.571,70,36,0,28,97,4,213,4.78e-20,77.8
Sumo2-207,Cgig_G27008.3,68.085,94,29,1,1,94,1,279,4.17e-43,136
Sumo2-207,Cgig_G27008.2,68.085,94,29,1,1,94,1,279,4.17e-43,136
Sumo2-207,Cgig_G27008.1,68.085,94,29,1,1,94,1,279,1.72e-42,136
Sumo2-207,Cgig_G27008.5,70.588,85,25,0,10,94,4,258,4.13e-42,134
Sumo2-207,Cgig_G27008.4,70.588,85,25,0,10,94,10,264,5.51e-42,133
Sumo2-207,Cgig_G27008.6,72.222,72,20,0,23,94,1,216,2.52e-35,116
Sumo3-204,Cgig_G27008.3,67.708,96,26,2,1,95,1,276,3.78e-41,132
Sumo3-204,Cgig_G27008.2,67.708,96,26,2,1,95,1,276,3.78e-41,132
Sumo3-204,Cgig_G27008.1,67.708,96,26,2,1,95,1,276,1.89e-40,132
Sumo3-204,Cgig_G27008.5,73.418,79,21,0,17,95,19,255,9.82e-40,128
Sumo3-204,Cgig_G27008.4,73.418,79,21,0,17,95,25,261,1.37e-39,128
Sumo3-204,Cgig_G27008.6,73.239,71,19,0,25,95,1,213,1.07e-34,115
Senp1-204,Cgig_G31407.4,45.307,309,156,4,358,666,1273,2160,7.83e-87,288
Senp1-204,Cgig_G31407.2,45.307,309,156,4,358,666,1273,2160,7.83e-87,288
Senp1-204,Cgig_G18559.1,34.783,115,48,4,472,563,3934,4266,1.01e-11,70.1
Senp1-204,Cgig_G11796.1,29.444,180,94,9,467,633,307,786,1.62e-10,64.7
Senp1-204,Cgig_G8408.1,23.922,255,171,10,417,662,1579,2301,1.69e-09,62.8
Senp1-204,Cgig_G33745.1,25.281,178,120,5,460,636,61,558,1.43e-07,53.9
Senp2-201,Cgig_G31407.4,45.306,245,131,2,345,588,1432,2160,1.31e-67,234
Senp2-201,Cgig_G31407.2,45.306,245,131,2,345,588,1432,2160,1.31e-67,234
Senp2-201,Cgig_G11796.1,28.729,181,94,8,389,555,307,786,5.50e-12,68.9
Senp2-201,Cgig_G18559.1,30.159,126,56,5,394,496,3934,4284,7.52e-10,63.9
Senp2-201,Cgig_G18559.1,36.190,105,54,4,486,578,4975,5286,1.78e-07,56.2
Senp2-201,Cgig_G8408.1,25.854,205,137,6,385,583,1711,2298,4.92e-09,60.8
Senp2-201,Cgig_G33745.1,24.581,179,122,5,382,559,61,561,4.79e-07,52.4
Senp2-201,Cgig_G27316.1,24.576,118,79,3,395,511,124,450,1.02e-06,51.6
Senp3-201,Cgig_G31407.4,31.818,264,158,8,311,566,1408,2157,1.11e-36,146
Senp3-201,Cgig_G31407.2,31.818,264,158,8,311,566,1408,2157,1.11e-36,146
Senp3-201,Cgig_G11796.1,26.374,182,98,6,386,549,340,831,7.40e-09,59.3
Senp3-201,Cgig_G18559.1,29.907,107,52,2,382,465,3940,4260,2.31e-08,58.9
Senp3-201,Cgig_G5146.1,23.118,186,135,5,382,561,1690,2241,2.67e-07,55.1
Senp3-201,Cgig_G27316.1,27.523,109,75,3,385,493,136,450,2.46e-06,50.1
Senp5-201,Cgig_G31407.4,37.968,187,111,2,567,748,1600,2160,7.30e-38,152
Senp5-201,Cgig_G31407.2,37.968,187,111,2,567,748,1600,2160,7.30e-38,152
Senp5-201,Cgig_G27316.1,30.435,115,76,2,561,675,121,453,7.24e-09,58.2
Senp5-201,Cgig_G18559.1,33.654,104,46,4,566,646,3949,4260,9.09e-09,60.8
Senp5-201,Cgig_G11796.1,28.205,156,106,4,567,719,340,798,1.48e-07,55.8
Senp5-201,Cgig_G5146.1,25.974,154,107,4,566,714,1699,2154,4.24e-07,55.1
Senp5-201,Cgig_G7790.4,29.508,122,82,3,622,742,46,402,2.74e-06,52.4
Senp6-203,Cgig_G18559.1,35.610,410,225,13,424,823,3193,4335,2.54e-51,200
Senp6-203,Cgig_G18559.1,50.459,109,53,1,994,1101,4972,5298,1.45e-29,129
Senp6-203,Cgig_G31407.4,31.481,108,58,2,693,800,1582,1857,3.82e-08,59.3
Senp6-203,Cgig_G31407.2,31.481,108,58,2,693,800,1582,1857,3.82e-08,59.3
Senp7-203,Cgig_G18559.1,60.150,133,51,1,729,859,3880,4278,6.24e-40,162
Senp7-203,Cgig_G18559.1,46.281,121,64,1,917,1036,4972,5334,6.69e-27,120
Senp8-206,Cgig_G30529.1,43.062,209,117,2,17,224,22,645,1.94e-55,177
Sumo1-201,Emue_Em0022g439a.t1,55.696,79,35,0,20,98,52,288,4.90e-29,100
Sumo2-207,Emue_Em0022g439a.t1,63.750,80,29,0,14,93,46,285,3.98e-34,113
Sumo2-207,Emue_Em0015g884a.t1,35.714,56,36,0,30,85,775,942,2.22e-06,44.7
Sumo3-204,Emue_Em0022g439a.t1,59.140,93,37,1,3,95,10,285,1.64e-35,117
Sumo3-204,Emue_Em0015g884a.t1,35.714,56,36,0,32,87,775,942,6.49e-06,43.9
Senp1-204,Emue_Em0004g1422a.t1,39.683,252,114,4,416,666,3355,3999,9.94e-50,188
Senp1-204,Emue_Em0004g1459a.t1,39.286,252,115,4,416,666,3346,3990,1.90e-49,187
Senp1-204,Emue_Em0645g4a.t1,29.333,225,151,2,436,660,1048,1698,3.78e-21,99.0
Senp1-204,Emue_Em0017g922a.t1,29.333,225,151,2,436,660,1048,1698,3.78e-21,99.0
Senp1-204,Emue_Em0013g497a.t1,29.333,225,151,2,436,660,1573,2223,4.80e-21,99.0
Senp1-204,Emue_Em0011g1018a.t1,29.333,225,151,2,436,660,1102,1752,6.57e-21,98.2
Senp1-204,Emue_Em0076g2a.t1,29.333,225,151,2,436,660,1102,1752,6.57e-21,98.2
Senp1-204,Emue_Em0003g991a.t1,29.333,225,151,2,436,660,1102,1752,6.69e-21,98.2
Senp1-204,Emue_Em0016g7a.t1,29.333,225,151,2,436,660,3325,3975,8.87e-21,98.6
Senp1-204,Emue_Em0003g1714a.t1,29.333,225,151,2,436,660,3325,3975,9.35e-21,98.2
Senp1-204,Emue_Em0019g941a.t1,29.333,225,151,2,436,660,3325,3975,9.35e-21,98.2
Senp1-204,Emue_Em0022g383a.t1,29.333,225,151,2,436,660,3292,3942,9.49e-21,98.2
Senp1-204,Emue_Em0014g966a.t1,29.412,187,132,0,474,660,22,582,1.63e-19,92.4
Senp1-204,Emue_Em0014g312a.t1,30.000,190,130,3,471,660,2629,3189,4.31e-17,86.7
Senp1-204,Emue_Em0102g13a.t1,30.000,190,130,3,471,660,769,1329,4.87e-17,85.1
Senp1-204,Emue_Em0012g805a.t1,30.000,190,130,3,471,660,2140,2700,5.04e-17,85.9
Senp1-204,Emue_Em0002g732a.t1,30.000,190,130,3,471,660,769,1329,5.68e-17,85.5
Senp1-204,Emue_Em0020g13a.t1,27.751,209,111,6,470,638,505,1131,5.87e-15,78.2
Senp1-204,Emue_Em0001g702a.t1,29.843,191,130,4,471,660,6391,6954,8.37e-15,79.3
Senp1-204,Emue_Em0004g1237a.t1,30.625,160,99,3,471,630,25,468,1.40e-13,72.4
Senp1-204,Emue_Em0007g1406a.t1,30.000,160,100,3,471,630,25,468,1.62e-13,72.8
Senp1-204,Emue_Em0002g526a.t1,30.000,160,100,3,471,630,25,468,4.26e-13,71.6
Senp1-204,Emue_Em0078g4a.t1,30.000,160,100,3,471,630,25,468,1.03e-12,70.5
Senp1-204,Emue_Em0295g4a.t1,35.577,104,60,1,470,566,1045,1356,7.72e-12,68.6
Senp1-204,Emue_Em0023g930a.t1,33.981,103,58,1,474,566,1717,2025,6.20e-10,63.2
Senp1-204,Emue_Em0001g2858a.t1,38.356,73,45,0,515,587,13,231,2.79e-07,51.6
Senp1-204,Emue_Em0768g1a.t1,38.356,73,45,0,515,587,130,348,3.14e-07,52.8
Senp2-201,Emue_Em0004g1422a.t1,37.668,223,111,3,366,588,3415,3999,6.06e-41,160
Senp2-201,Emue_Em0004g1459a.t1,37.220,223,112,3,366,588,3406,3990,1.69e-40,158
Senp2-201,Emue_Em0645g4a.t1,31.282,195,130,3,389,582,1123,1698,4.71e-24,107
Senp2-201,Emue_Em0017g922a.t1,31.282,195,130,3,389,582,1123,1698,4.71e-24,107
Senp2-201,Emue_Em0003g991a.t1,31.282,195,130,3,389,582,1177,1752,5.20e-24,107
Senp2-201,Emue_Em0011g1018a.t1,31.282,195,130,3,389,582,1177,1752,5.83e-24,107
Senp2-201,Emue_Em0076g2a.t1,31.282,195,130,3,389,582,1177,1752,5.83e-24,107
Senp2-201,Emue_Em0013g497a.t1,31.282,195,130,3,389,582,1648,2223,6.04e-24,107
Senp2-201,Emue_Em0016g7a.t1,31.282,195,130,3,389,582,3400,3975,7.81e-24,107
Senp2-201,Emue_Em0003g1714a.t1,31.282,195,130,3,389,582,3400,3975,8.38e-24,107
Senp2-201,Emue_Em0019g941a.t1,31.282,195,130,3,389,582,3400,3975,8.38e-24,107
Senp2-201,Emue_Em0022g383a.t1,31.282,195,130,3,389,582,3367,3942,8.58e-24,107
Senp2-201,Emue_Em0014g966a.t1,30.769,195,131,3,389,582,7,582,2.36e-23,103
Senp2-201,Emue_Em0020g13a.t1,26.761,213,104,4,390,556,499,1119,3.15e-18,87.8
Senp2-201,Emue_Em0102g13a.t1,28.421,190,133,3,393,582,769,1329,1.92e-17,86.3
Senp2-201,Emue_Em0002g732a.t1,28.421,190,133,3,393,582,769,1329,2.23e-17,86.3
Senp2-201,Emue_Em0014g312a.t1,28.421,190,133,3,393,582,2629,3189,2.59e-17,86.7
Senp2-201,Emue_Em0012g805a.t1,28.421,190,133,3,393,582,2140,2700,4.05e-17,85.9
Senp2-201,Emue_Em0001g702a.t1,28.796,191,132,4,393,582,6391,6954,1.85e-15,80.9
Senp2-201,Emue_Em0004g1237a.t1,28.125,160,103,3,393,552,25,468,4.12e-14,73.9
Senp2-201,Emue_Em0007g1406a.t1,27.500,160,104,3,393,552,25,468,1.17e-13,73.2
Senp2-201,Emue_Em0002g526a.t1,27.500,160,104,3,393,552,25,468,2.65e-13,72.0
Senp2-201,Emue_Em0078g4a.t1,27.500,160,104,3,393,552,25,468,6.00e-13,70.9
Senp2-201,Emue_Em0295g4a.t1,32.075,106,65,1,390,488,1039,1356,1.89e-11,67.0
Senp2-201,Emue_Em0001g2858a.t1,41.935,62,36,0,437,498,13,198,6.79e-11,62.0
Senp2-201,Emue_Em0768g1a.t1,40.625,64,38,0,437,500,130,321,6.00e-10,60.5
Senp2-201,Emue_Em0012g493a.t1,44.000,50,28,0,449,498,4,153,2.65e-09,56.2
Senp2-201,Emue_Em0023g930a.t1,29.808,104,63,1,390,483,1699,2010,5.23e-09,59.7
Senp3-201,Emue_Em0004g1422a.t1,30.870,230,126,6,339,566,3400,3996,9.48e-26,113
Senp3-201,Emue_Em0004g1459a.t1,28.077,260,145,6,311,566,3322,3987,3.34e-25,111
Senp3-201,Emue_Em0645g4a.t1,28.877,187,126,2,382,561,1138,1698,6.74e-15,78.6
Senp3-201,Emue_Em0017g922a.t1,28.877,187,126,2,382,561,1138,1698,6.74e-15,78.6
Senp3-201,Emue_Em0013g497a.t1,28.877,187,126,2,382,561,1663,2223,7.82e-15,78.6
Senp3-201,Emue_Em0003g991a.t1,28.877,187,126,2,382,561,1192,1752,1.01e-14,78.2
Senp3-201,Emue_Em0011g1018a.t1,28.877,187,126,2,382,561,1192,1752,1.05e-14,78.2
Senp3-201,Emue_Em0076g2a.t1,28.877,187,126,2,382,561,1192,1752,1.05e-14,78.2
Senp3-201,Emue_Em0016g7a.t1,28.877,187,126,2,382,561,3415,3975,1.30e-14,78.2
Senp3-201,Emue_Em0003g1714a.t1,28.877,187,126,2,382,561,3415,3975,1.33e-14,78.2
Senp3-201,Emue_Em0019g941a.t1,28.877,187,126,2,382,561,3415,3975,1.33e-14,78.2
Senp3-201,Emue_Em0022g383a.t1,28.877,187,126,2,382,561,3382,3942,1.41e-14,77.8
Senp3-201,Emue_Em0014g966a.t1,28.342,187,127,2,382,561,22,582,3.15e-14,75.5
Senp3-201,Emue_Em0020g13a.t1,29.557,203,92,7,382,535,517,1119,6.81e-14,74.3
Senp3-201,Emue_Em0014g312a.t1,30.159,189,128,3,377,561,2623,3189,1.74e-13,74.3
Senp3-201,Emue_Em0012g805a.t1,30.159,189,128,3,377,561,2134,2700,2.08e-13,73.9
Senp3-201,Emue_Em0102g13a.t1,29.630,189,129,3,377,561,763,1329,5.11e-13,72.0
Senp3-201,Emue_Em0002g732a.t1,29.630,189,129,3,377,561,763,1329,6.02e-13,72.4
Senp3-201,Emue_Em0295g4a.t1,36.842,95,49,2,382,465,1057,1341,9.34e-13,71.2
Senp3-201,Emue_Em0001g702a.t1,27.895,190,132,3,377,561,6385,6954,6.10e-11,66.2
Senp3-201,Emue_Em0078g4a.t1,29.299,157,100,3,377,530,19,465,6.10e-11,64.7
Senp3-201,Emue_Em0007g1406a.t1,29.299,157,100,3,377,530,19,465,1.12e-10,63.9
Senp3-201,Emue_Em0023g930a.t1,37.634,93,44,3,382,460,1717,1995,1.15e-10,65.1
Senp3-201,Emue_Em0004g1237a.t1,29.299,157,100,3,377,530,19,465,1.59e-10,62.8
Senp3-201,Emue_Em0002g526a.t1,28.662,157,101,3,377,530,19,465,5.27e-10,62.0
Senp3-201,Emue_Em0001g2858a.t1,40.000,65,39,0,418,482,10,204,7.95e-09,55.8
Senp3-201,Emue_Em0768g1a.t1,32.353,102,66,2,382,482,22,321,1.14e-08,56.6
Senp3-201,Emue_Em0012g493a.t1,44.681,47,26,0,431,477,4,144,6.98e-07,49.3
Senp5-201,Emue_Em0004g1422a.t1,33.880,183,98,2,567,748,3517,3999,9.57e-26,114
Senp5-201,Emue_Em0004g1459a.t1,33.514,185,96,3,567,748,3508,3990,1.24e-25,114
Senp5-201,Emue_Em0011g1018a.t1,31.016,187,122,2,563,742,1192,1752,1.02e-15,82.0
Senp5-201,Emue_Em0076g2a.t1,31.016,187,122,2,563,742,1192,1752,1.02e-15,82.0
Senp5-201,Emue_Em0645g4a.t1,31.016,187,122,3,563,742,1138,1698,1.06e-15,81.6
Senp5-201,Emue_Em0017g922a.t1,31.016,187,122,3,563,742,1138,1698,1.06e-15,81.6
Senp5-201,Emue_Em0003g991a.t1,31.016,187,122,2,563,742,1192,1752,1.16e-15,82.0
Senp5-201,Emue_Em0013g497a.t1,31.016,187,122,3,563,742,1663,2223,1.26e-15,81.6
Senp5-201,Emue_Em0016g7a.t1,31.016,187,122,2,563,742,3415,3975,1.33e-15,82.0
Senp5-201,Emue_Em0003g1714a.t1,31.016,187,122,2,563,742,3415,3975,1.34e-15,82.0
Senp5-201,Emue_Em0019g941a.t1,31.016,187,122,2,563,742,3415,3975,1.34e-15,82.0
Senp5-201,Emue_Em0014g966a.t1,31.016,187,122,2,563,742,22,582,1.36e-15,80.5
Senp5-201,Emue_Em0022g383a.t1,31.016,187,122,2,563,742,3382,3942,1.44e-15,82.0
Senp5-201,Emue_Em0020g13a.t1,25.217,230,108,6,539,716,466,1119,7.79e-14,74.7
Senp5-201,Emue_Em0014g312a.t1,28.571,189,131,3,558,742,2623,3189,4.70e-11,67.4
Senp5-201,Emue_Em0012g805a.t1,28.571,189,131,3,558,742,2134,2700,6.31e-11,66.6
Senp5-201,Emue_Em0102g13a.t1,28.571,189,131,3,558,742,763,1329,6.69e-11,65.9
Senp5-201,Emue_Em0002g732a.t1,28.571,189,131,3,558,742,763,1329,7.48e-11,66.2
Senp5-201,Emue_Em0078g4a.t1,29.299,157,100,3,558,711,19,465,1.65e-09,60.8
Senp5-201,Emue_Em0007g1406a.t1,29.299,157,100,3,558,711,19,465,3.17e-09,59.7
Senp5-201,Emue_Em0004g1237a.t1,30.405,148,92,3,567,711,46,465,4.82e-09,58.9
Senp5-201,Emue_Em0001g702a.t1,27.895,190,132,4,558,742,6385,6954,5.29e-09,60.8
Senp5-201,Emue_Em0295g4a.t1,31.405,121,65,4,545,654,1024,1365,7.06e-09,59.3
Senp5-201,Emue_Em0002g526a.t1,28.662,157,101,3,558,711,19,465,1.93e-08,57.4
Senp5-201,Emue_Em0023g930a.t1,30.851,94,51,2,567,646,1729,2010,3.22e-07,54.7
Senp5-201,Emue_Em0001g2858a.t1,41.667,60,35,0,599,658,10,189,4.73e-07,51.2
Senp5-201,Emue_Em0768g1a.t1,31.959,97,63,2,563,658,22,306,1.87e-06,50.4
Senp5-201,Emue_Em0012g493a.t1,44.681,47,26,0,612,658,4,144,5.14e-06,47.4
Senp6-203,Emue_Em0023g930a.t1,31.788,302,172,10,531,810,1177,2046,3.98e-22,103
Senp6-203,Emue_Em0023g930a.t1,40.566,106,60,2,996,1101,2197,2505,1.57e-16,85.5
Senp6-203,Emue_Em0020g13a.t1,34.884,215,108,6,679,889,469,1029,4.20e-21,98.2
Senp6-203,Emue_Em0020g13a.t1,41.509,106,59,2,996,1101,919,1227,6.70e-17,85.1
Senp6-203,Emue_Em0295g4a.t1,42.623,122,61,2,680,801,1012,1350,4.33e-18,89.4
Senp7-203,Emue_Em0020g13a.t1,36.424,302,149,9,733,1032,469,1251,7.08e-40,154
Senp7-203,Emue_Em0023g930a.t1,37.627,295,161,8,735,1024,1675,2505,2.46e-37,152
Senp7-203,Emue_Em0295g4a.t1,40.764,157,78,4,700,856,925,1350,4.92e-19,92.4
Senp7-203,Emue_Em0219g4a.t1,26.702,191,69,7,771,959,1360,1725,3.41e-07,55.1
Senp7-203,Emue_Em0219g3a.t1,26.702,191,69,7,771,959,964,1329,3.72e-07,54.7
Sumo1-201,Gasp_gasp1.m3.6926.m1,40.260,77,45,1,15,90,912,1142,3.04e-10,55.8
Sumo2-207,Gasp_gasp1.m3.6926.m1,45.679,81,41,2,7,86,906,1142,8.33e-12,59.7
Sumo3-204,Gasp_gasp1.m3.6926.m1,45.946,74,39,1,16,88,921,1142,3.56e-13,64.7
Senp1-204,Gasp_gasp1.m3.15258.m1,51.982,227,107,1,440,666,1418,2092,5.93e-79,270
Senp1-204,Gasp_gasp1.m1b.34215.m1,27.624,181,119,6,487,661,2344,2868,6.76e-17,85.5
Senp1-204,Gasp_gasp1.m3.22327.m1,27.957,186,114,5,486,661,1090,1617,6.26e-16,81.6
Senp1-204,Gasp_gasp1.m3.20701.m1,27.374,179,123,3,489,660,877,1413,7.43e-16,82.0
Senp1-204,Gasp_gasp1.m3.31808.m1,29.545,176,121,2,488,660,505,1032,8.78e-16,82.0
Senp1-204,Gasp_gasp1.m1b.41842.m1,25.532,235,132,7,444,662,46,669,2.04e-15,80.1
Senp1-204,Gasp_gasp1.m3.249.m1,28.962,183,122,6,487,666,1597,2130,1.95e-12,70.9
Senp1-204,Gasp_gasp1.m3.13736.m1,30.526,190,109,9,481,660,1924,2454,7.18e-12,69.3
Senp1-204,Gasp_gasp1.m3.4219.m1,27.660,188,118,7,486,665,2626,3159,7.78e-12,69.3
Senp1-204,Gasp_gasp1.m3.5819.m1,35.514,107,54,3,472,563,2252,2572,4.17e-11,66.6
Senp1-204,Gasp_gasp1.m3.11057.m1,33.824,136,75,6,539,666,1291,1677,4.21e-10,63.2
Senp1-204,Gasp_gasp1.m3.23372.m1,31.897,116,68,3,555,665,1609,1938,1.64e-09,61.6
Senp1-204,Gasp_gasp1.m3.19871.m1,31.897,116,68,3,555,665,735,1064,1.97e-09,60.5
Senp1-204,Gasp_gasp1.m1b.31257.m1,26.531,147,103,4,488,631,3865,4299,3.36e-09,60.8
Senp1-204,Gasp_gasp1.m3.25039.m1,26.087,184,121,7,488,661,1636,2172,3.64e-09,60.5
Senp1-204,Gasp_gasp1.m3.20426.m1,44.615,65,33,2,602,666,253,438,1.25e-08,56.6
Senp1-204,Gasp_gasp1.m3.27611.m1,34.921,63,39,2,601,663,103,285,1.46e-06,49.7
Senp1-204,Gasp_gasp1.m3.12173.m1,25.157,159,96,5,488,633,1543,1989,4.73e-06,50.4
Senp2-201,Gasp_gasp1.m3.15258.m1,45.614,228,122,1,361,588,1415,2092,2.98e-66,233
Senp2-201,Gasp_gasp1.m3.22327.m1,31.707,123,82,1,461,583,1255,1617,1.28e-14,77.0
Senp2-201,Gasp_gasp1.m3.20701.m1,24.713,174,124,3,416,582,892,1413,3.61e-12,69.7
Senp2-201,Gasp_gasp1.m3.11057.m1,33.784,148,91,5,446,588,1243,1680,3.84e-12,69.7
Senp2-201,Gasp_gasp1.m1b.34215.m1,27.473,182,118,6,409,583,2344,2868,3.96e-12,69.7
Senp2-201,Gasp_gasp1.m3.31808.m1,24.713,174,124,3,416,582,511,1032,4.91e-12,69.7
Senp2-201,Gasp_gasp1.m3.249.m1,29.787,188,114,10,409,588,1597,2130,5.29e-12,69.3
Senp2-201,Gasp_gasp1.m1b.41842.m1,25.820,244,130,7,361,586,43,675,1.50e-11,67.4
Senp2-201,Gasp_gasp1.m3.13736.m1,28.713,202,109,9,396,582,1909,2454,4.45e-11,66.2
Senp2-201,Gasp_gasp1.m1b.31257.m1,28.049,164,99,7,410,561,3865,4335,1.22e-10,65.1
Senp2-201,Gasp_gasp1.m3.5819.m1,32.381,105,56,3,394,483,2252,2566,2.25e-10,63.9
Senp2-201,Gasp_gasp1.m3.4219.m1,29.016,193,109,8,408,587,2626,3159,4.66e-10,63.2
Senp2-201,Gasp_gasp1.m3.25039.m1,26.500,200,132,9,394,583,1588,2172,6.16e-09,59.7
Senp2-201,Gasp_gasp1.m3.12173.m1,27.273,154,105,4,410,558,1543,1998,1.46e-08,58.2
Senp2-201,Gasp_gasp1.m3.23372.m1,34.127,126,63,5,471,587,1594,1938,3.32e-08,57.0
Senp2-201,Gasp_gasp1.m3.19871.m1,33.333,126,64,5,471,587,720,1064,1.56e-07,54.3
Senp2-201,Gasp_gasp1.m3.20426.m1,40.580,69,38,2,520,588,241,438,1.72e-07,53.1
Senp3-201,Gasp_gasp1.m3.15258.m1,39.614,207,115,3,365,566,1484,2089,1.30e-42,164
Senp3-201,Gasp_gasp1.m1b.34215.m1,27.374,179,119,7,395,564,2344,2874,1.51e-09,61.2
Senp3-201,Gasp_gasp1.m1b.31257.m1,27.976,168,98,6,396,550,3865,4338,1.04e-08,58.9
Senp3-201,Gasp_gasp1.m3.22327.m1,25.907,193,124,7,386,561,1042,1614,5.31e-08,56.2
Senp3-201,Gasp_gasp1.m3.5819.m1,31.068,103,52,3,382,465,2258,2566,8.59e-08,55.8
Senp3-201,Gasp_gasp1.m3.31808.m1,23.529,187,125,5,394,568,511,1053,1.50e-07,55.1
Senp3-201,Gasp_gasp1.m3.20701.m1,23.529,187,125,5,394,568,892,1434,1.66e-07,54.7
Senp5-201,Gasp_gasp1.m3.15258.m1,42.408,191,105,2,563,748,1520,2092,6.43e-41,161
Senp5-201,Gasp_gasp1.m1b.34215.m1,26.630,184,114,6,576,745,2344,2874,1.30e-12,72.0
Senp5-201,Gasp_gasp1.m3.12173.m1,29.412,136,86,5,595,722,1609,2010,5.34e-09,60.1
Senp5-201,Gasp_gasp1.m3.13736.m1,27.004,237,134,10,538,742,1765,2454,6.92e-08,56.6
Senp5-201,Gasp_gasp1.m1b.31257.m1,27.108,166,102,6,577,731,3865,4338,1.00e-07,56.2
Senp5-201,Gasp_gasp1.m3.22327.m1,27.273,121,85,2,624,742,1255,1614,1.16e-07,55.5
Senp5-201,Gasp_gasp1.m3.5819.m1,29.000,100,52,3,566,646,2267,2566,3.54e-07,54.3
Senp5-201,Gasp_gasp1.m3.25039.m1,25.134,187,118,7,551,716,1537,2094,1.86e-06,52.0
Senp6-203,Gasp_gasp1.m3.5819.m1,61.538,130,49,1,679,808,2210,2596,2.18e-39,159
Senp6-203,Gasp_gasp1.m3.5821.m1,56.364,55,22,1,1047,1101,58,216,4.76e-15,72.0
Senp6-203,Gasp_gasp1.m3.15258.m1,31.933,119,63,3,684,800,1481,1789,8.54e-09,60.5
Senp6-203,Gasp_gasp1.m1b.31257.m1,24.599,187,111,7,612,798,3619,4089,1.26e-07,56.6
Senp7-203,Gasp_gasp1.m3.5819.m1,56.716,134,50,2,733,863,2210,2596,7.52e-35,144
Senp7-203,Gasp_gasp1.m3.5821.m1,54.545,66,28,1,970,1035,58,249,3.50e-16,75.1
Senp7-203,Gasp_gasp1.m3.15258.m1,33.333,120,61,3,738,855,1481,1789,2.71e-07,55.5
Senp8-206,Gasp_gasp1.m3.5936.m1,43.602,211,99,3,15,224,26,601,1.94e-54,174
Sumo1-201,Gfas_gfas1.m1.15597.m1,65.957,94,32,0,5,98,60,341,2.49e-37,132
Sumo1-201,Gfas_gfas1.m1.13361.m1,36.905,84,52,1,8,90,878,1129,9.25e-11,57.0
Sumo2-207,Gfas_gfas1.m1.15597.m1,59.494,79,32,0,15,93,102,338,6.17e-27,102
Sumo2-207,Gfas_gfas1.m1.13361.m1,43.750,80,44,1,8,86,890,1129,8.58e-15,68.2
Sumo3-204,Gfas_gfas1.m1.15597.m1,56.842,95,36,1,1,95,69,338,3.07e-29,110
Sumo3-204,Gfas_gfas1.m1.13361.m1,47.297,74,38,1,16,88,908,1129,7.87e-16,72.0
Senp1-204,Gfas_gfas1.m1.16119.m1,50.207,241,117,2,426,666,1469,2182,1.21e-79,272
Senp1-204,Gfas_gfas1.m1.14863.m1,33.333,126,68,3,471,580,2074,2451,2.54e-12,70.5
Senp1-204,Gfas_gfas1.m1.13057.m1,28.571,182,122,6,488,666,1330,1860,1.98e-10,64.3
Senp1-204,Gfas_gfas1.m1.19931.m1,26.596,188,121,8,486,665,2434,2970,1.33e-08,58.5
Senp1-204,Gfas_gfas1.m1.10881.m1,27.500,160,94,7,488,633,634,1089,9.44e-08,55.5
Senp1-204,Gfas_gfas1.m1.10878.m1,26.036,169,101,8,478,630,598,1080,2.10e-06,50.4
Senp1-204,Gfas_gfas1.m1.20640.m1,33.333,117,68,4,555,666,124,459,2.88e-06,49.3
Senp2-201,Gfas_gfas1.m1.16119.m1,48.085,235,119,2,355,588,1484,2182,1.78e-69,241
Senp2-201,Gfas_gfas1.m1.14863.m1,33.019,106,56,2,393,483,2074,2391,4.94e-11,66.2
Senp2-201,Gfas_gfas1.m1.13057.m1,33.333,135,76,7,461,588,1477,1860,8.38e-11,65.1
Senp2-201,Gfas_gfas1.m1.19931.m1,26.230,183,128,5,408,587,2434,2970,5.24e-09,59.7
Senp2-201,Gfas_gfas1.m1.9713.m1,27.907,172,79,8,409,573,1154,1555,3.59e-08,56.6
Senp2-201,Gfas_gfas1.m1.20640.m1,28.696,115,77,3,477,588,124,462,8.60e-06,47.8
Senp3-201,Gfas_gfas1.m1.16119.m1,39.512,205,114,3,367,566,1580,2179,1.86e-42,163
Senp3-201,Gfas_gfas1.m1.14863.m1,30.841,107,55,2,378,465,2071,2391,1.61e-08,57.8
Senp5-201,Gfas_gfas1.m1.16119.m1,42.932,191,104,2,563,748,1610,2182,1.32e-42,166
Senp5-201,Gfas_gfas1.m1.14863.m1,30.000,100,51,3,566,646,2092,2391,1.06e-07,55.8
Senp5-201,Gfas_gfas1.m1.9713.m1,25.000,144,75,3,576,713,1154,1504,6.28e-07,53.1
Senp6-203,Gfas_gfas1.m1.14863.m1,32.507,363,204,10,444,802,1426,2403,7.51e-36,148
Senp6-203,Gfas_gfas1.m1.14863.m1,41.558,77,42,2,990,1064,2620,2847,1.42e-06,53.1
Senp6-203,Gfas_gfas1.m1.16119.m1,26.738,187,102,8,627,800,1385,1879,1.43e-07,56.2
Senp7-203,Gfas_gfas1.m1.14863.m1,38.849,278,142,7,732,987,2032,2847,3.72e-39,158
Senp8-206,Gfas_gfas1.m1.3350.m1,53.704,162,72,3,13,173,9,488,9.82e-54,170
Sumo1-201,Hsal_ENA_GHBP01016006_GHBP01016006.1,45.122,82,45,0,16,97,67,312,3.82e-21,80.9
Sumo2-207,Hsal_ENA_GHBP01016006_GHBP01016006.1,44.048,84,46,1,10,93,64,312,3.29e-18,73.2
Sumo3-204,Hsal_ENA_GHBP01016006_GHBP01016006.1,43.299,97,54,1,1,96,25,315,1.85e-20,79.7
Senp1-204,Hsal_ENA_GHBP01001992_GHBP01001992.1,44.262,61,34,0,500,560,553,735,2.37e-26,69.3
Senp1-204,Hsal_ENA_GHBP01001992_GHBP01001992.1,29.661,118,64,4,566,666,777,1124,2.37e-26,57.4
Senp1-204,Hsal_ENA_GHBP01001992_GHBP01001992.1,38.776,49,21,2,465,504,392,538,2.37e-26,30.0
Senp1-204,Hsal_ENA_GHBP01014604_GHBP01014604.1,40.580,69,33,1,500,560,245,39,4.44e-14,63.5
Senp1-204,Hsal_ENA_GHBP01014604_GHBP01014604.1,38.776,49,21,2,465,504,406,260,4.44e-14,31.6
Senp1-204,Hsal_ENA_GHBP01004186_GHBP01004186.1,26.570,207,112,8,469,639,79,687,5.38e-06,47.8
Senp2-201,Hsal_ENA_GHBP01001992_GHBP01001992.1,39.344,61,37,0,422,482,553,735,1.59e-24,62.0
Senp2-201,Hsal_ENA_GHBP01001992_GHBP01001992.1,28.455,123,69,4,483,588,762,1124,1.59e-24,53.9
Senp2-201,Hsal_ENA_GHBP01001992_GHBP01001992.1,41.509,53,22,2,383,426,380,538,1.59e-24,34.7
Senp2-201,Hsal_ENA_GHBP01014604_GHBP01014604.1,36.232,69,36,1,422,482,245,39,6.56e-13,56.2
Senp2-201,Hsal_ENA_GHBP01014604_GHBP01014604.1,41.509,53,22,2,383,426,418,260,6.56e-13,35.0
Senp2-201,Hsal_ENA_GHBP01004186_GHBP01004186.1,36.842,57,35,1,391,446,79,249,1.23e-10,45.4
Senp2-201,Hsal_ENA_GHBP01004186_GHBP01004186.1,33.333,39,26,0,445,483,267,383,1.23e-10,37.7
Senp3-201,Hsal_ENA_GHBP01001992_GHBP01001992.1,57.143,49,21,0,415,463,586,732,1.70e-16,62.8
Senp3-201,Hsal_ENA_GHBP01001992_GHBP01001992.1,25.620,121,72,3,464,566,759,1121,1.70e-16,40.4
Senp3-201,Hsal_ENA_GHBP01014604_GHBP01014604.1,50.877,57,20,1,415,463,212,42,5.26e-11,60.5
Senp5-201,Hsal_ENA_GHBP01001992_GHBP01001992.1,52.000,50,24,0,596,645,586,735,2.42e-15,57.8
Senp5-201,Hsal_ENA_GHBP01001992_GHBP01001992.1,27.344,128,65,6,645,749,759,1127,2.42e-15,42.0
Senp5-201,Hsal_ENA_GHBP01014604_GHBP01014604.1,47.368,57,22,1,596,644,212,42,4.89e-09,55.1
Senp5-201,Hsal_ENA_GHBP01004186_GHBP01004186.1,37.931,58,30,3,563,615,94,264,7.91e-09,40.8
Senp5-201,Hsal_ENA_GHBP01004186_GHBP01004186.1,31.250,48,32,1,608,654,264,407,7.91e-09,36.6
Senp6-203,Hsal_ENA_GHBP01004186_GHBP01004186.1,48.387,31,16,0,771,801,300,392,3.47e-11,44.3
Senp6-203,Hsal_ENA_GHBP01004186_GHBP01004186.1,35.821,67,43,0,681,747,52,252,3.47e-11,42.4
Senp7-203,Hsal_ENA_GHBP01004186_GHBP01004186.1,31.429,70,48,0,735,804,52,261,5.31e-11,46.2
Senp7-203,Hsal_ENA_GHBP01004186_GHBP01004186.1,51.852,27,13,0,830,856,312,392,5.31e-11,39.3
Senp7-203,Hsal_ENA_GHBP01004186_GHBP01004186.1,42.424,66,36,1,968,1031,610,807,9.80e-07,50.8
Senp8-206,Hsal_ENA_GHBP01001591_GHBP01001591.1,41.905,105,49,4,87,181,817,1125,1.65e-16,68.9
Senp8-206,Hsal_ENA_GHBP01001591_GHBP01001591.1,33.333,54,36,0,23,76,603,764,1.65e-16,32.7
Sumo1-201,Kiwa_ENA_GBGI01001623_GBGI01001623.1,55.000,80,36,0,18,97,344,105,2.97e-28,99.4
Sumo1-201,Kiwa_ENA_GBGI01001622_GBGI01001622.1,59.459,37,15,0,18,54,444,334,1.79e-17,53.5
Sumo1-201,Kiwa_ENA_GBGI01001622_GBGI01001622.1,52.381,42,20,0,56,97,230,105,1.79e-17,50.4
Sumo2-207,Kiwa_ENA_GBGI01001623_GBGI01001623.1,57.500,80,34,0,16,95,338,99,2.08e-27,97.1
Sumo2-207,Kiwa_ENA_GBGI01001622_GBGI01001622.1,56.818,44,19,0,52,95,230,99,2.06e-16,52.8
Sumo2-207,Kiwa_ENA_GBGI01001622_GBGI01001622.1,60.000,35,14,0,16,50,438,334,2.06e-16,47.8
Sumo3-204,Kiwa_ENA_GBGI01001623_GBGI01001623.1,55.422,83,37,0,13,95,353,105,5.56e-27,96.7
Sumo3-204,Kiwa_ENA_GBGI01001622_GBGI01001622.1,57.143,42,18,0,54,95,230,105,3.03e-16,50.4
Sumo3-204,Kiwa_ENA_GBGI01001622_GBGI01001622.1,55.000,40,18,0,13,52,453,334,3.03e-16,49.3
Senp1-204,Kiwa_ENA_GBGI01010364_GBGI01010364.1,42.578,256,135,4,417,666,966,217,1.68e-59,211
Senp1-204,Kiwa_ENA_GBGI01005384_GBGI01005384.1,27.692,195,120,6,470,646,894,319,6.43e-17,84.0
Senp1-204,Kiwa_ENA_GBGI01005380_GBGI01005380.1,27.692,195,120,6,470,646,894,319,8.04e-17,83.6
Senp1-204,Kiwa_ENA_GBGI01005381_GBGI01005381.1,27.692,195,120,6,470,646,894,319,1.00e-16,83.2
Senp1-204,Kiwa_ENA_GBGI01005383_GBGI01005383.1,28.947,152,89,5,511,646,765,319,5.57e-13,71.2
Senp1-204,Kiwa_ENA_GBGI01005382_GBGI01005382.1,28.947,152,89,5,511,646,765,319,6.49e-13,71.2
Senp1-204,Kiwa_ENA_GBGI01014682_GBGI01014682.1,31.250,176,92,9,462,634,480,31,1.14e-11,64.3
Senp1-204,Kiwa_ENA_GBGI01014667_GBGI01014667.1,31.325,166,88,8,472,634,459,31,5.32e-11,62.4
Senp1-204,Kiwa_ENA_GBGI01014678_GBGI01014678.1,28.780,205,114,10,462,660,696,160,1.84e-10,61.6
Senp1-204,Kiwa_ENA_GBGI01014676_GBGI01014676.1,28.718,195,110,9,472,660,675,160,1.17e-09,59.3
Senp1-204,Kiwa_ENA_GBGI01014672_GBGI01014672.1,25.806,124,74,4,516,634,363,31,8.07e-08,38.1
Senp1-204,Kiwa_ENA_GBGI01014672_GBGI01014672.1,38.462,65,30,4,462,524,532,362,8.07e-08,37.0
Senp1-204,Kiwa_ENA_GBGI01014673_GBGI01014673.1,31.897,116,63,6,462,574,676,368,3.85e-06,48.5
Senp1-204,Kiwa_ENA_GBGI01014662_GBGI01014662.1,26.115,157,92,7,510,660,576,160,9.75e-06,42.7
Senp1-204,Kiwa_ENA_GBGI01014662_GBGI01014662.1,38.710,31,16,1,462,492,752,669,9.75e-06,25.4
Senp2-201,Kiwa_ENA_GBGI01010364_GBGI01010364.1,46.154,195,101,2,396,588,795,217,4.37e-53,191
Senp2-201,Kiwa_ENA_GBGI01005381_GBGI01005381.1,29.592,196,115,8,392,568,894,319,5.66e-19,89.7
Senp2-201,Kiwa_ENA_GBGI01005380_GBGI01005380.1,30.556,180,106,7,392,556,894,367,5.81e-19,90.1
Senp2-201,Kiwa_ENA_GBGI01005384_GBGI01005384.1,30.556,180,106,7,392,556,894,367,1.15e-18,89.0
Senp2-201,Kiwa_ENA_GBGI01005383_GBGI01005383.1,30.719,153,85,7,433,568,765,319,5.19e-15,77.4
Senp2-201,Kiwa_ENA_GBGI01005382_GBGI01005382.1,32.117,137,76,6,433,556,765,367,7.54e-15,77.0
Senp2-201,Kiwa_ENA_GBGI01014678_GBGI01014678.1,25.000,196,118,10,393,582,678,160,1.16e-06,50.1
Senp2-201,Kiwa_ENA_GBGI01014676_GBGI01014676.1,25.000,196,118,10,393,582,678,160,1.50e-06,49.7
Senp2-201,Kiwa_ENA_GBGI01014682_GBGI01014682.1,26.347,167,97,8,393,556,462,31,3.46e-06,48.1
Senp2-201,Kiwa_ENA_GBGI01014667_GBGI01014667.1,26.347,167,97,8,393,556,462,31,4.23e-06,47.8
Senp2-201,Kiwa_ENA_GBGI01014675_GBGI01014675.1,31.148,122,70,6,387,504,679,344,6.06e-06,48.1
Senp2-201,Kiwa_ENA_GBGI01014673_GBGI01014673.1,30.435,115,67,5,393,504,658,344,7.28e-06,47.8
Senp3-201,Kiwa_ENA_GBGI01010364_GBGI01010364.1,39.269,219,124,3,356,566,873,220,8.78e-42,159
Senp3-201,Kiwa_ENA_GBGI01005381_GBGI01005381.1,30.120,166,98,4,386,533,870,373,1.59e-15,79.0
Senp3-201,Kiwa_ENA_GBGI01005380_GBGI01005380.1,30.120,166,98,4,386,533,870,373,1.59e-15,79.0
Senp3-201,Kiwa_ENA_GBGI01005384_GBGI01005384.1,30.120,166,98,4,386,533,870,373,2.71e-15,78.6
Senp3-201,Kiwa_ENA_GBGI01005383_GBGI01005383.1,34.615,130,73,3,416,533,762,373,3.11e-15,78.2
Senp3-201,Kiwa_ENA_GBGI01005382_GBGI01005382.1,34.615,130,73,3,416,533,762,373,5.21e-15,77.4
Senp5-201,Kiwa_ENA_GBGI01010364_GBGI01010364.1,42.328,189,102,2,567,748,783,217,1.66e-38,152
Senp5-201,Kiwa_ENA_GBGI01005380_GBGI01005380.1,29.651,172,95,4,567,716,870,367,4.59e-15,78.2
Senp5-201,Kiwa_ENA_GBGI01005381_GBGI01005381.1,29.651,172,95,4,567,716,870,367,4.95e-15,78.2
Senp5-201,Kiwa_ENA_GBGI01005384_GBGI01005384.1,29.651,172,95,4,567,716,870,367,6.31e-15,77.8
Senp5-201,Kiwa_ENA_GBGI01005383_GBGI01005383.1,32.353,136,72,3,597,716,762,367,1.44e-13,73.6
Senp5-201,Kiwa_ENA_GBGI01005382_GBGI01005382.1,32.353,136,72,3,597,716,762,367,1.67e-13,73.2
Senp6-203,Kiwa_ENA_GBGI01005384_GBGI01005384.1,31.776,107,58,2,693,798,888,610,3.36e-08,57.4
Senp6-203,Kiwa_ENA_GBGI01005384_GBGI01005384.1,30.435,115,75,4,988,1101,597,265,2.28e-06,51.2
Senp6-203,Kiwa_ENA_GBGI01005381_GBGI01005381.1,30.328,122,70,2,678,798,933,610,3.87e-08,57.0
Senp6-203,Kiwa_ENA_GBGI01005381_GBGI01005381.1,30.435,115,75,4,988,1101,597,265,1.91e-06,51.6
Senp6-203,Kiwa_ENA_GBGI01005380_GBGI01005380.1,30.328,122,70,2,678,798,933,610,4.17e-08,57.0
Senp6-203,Kiwa_ENA_GBGI01005380_GBGI01005380.1,33.333,81,51,2,988,1067,597,361,2.37e-06,51.2
Senp6-203,Kiwa_ENA_GBGI01010364_GBGI01010364.1,32.407,108,53,3,694,798,798,526,2.44e-07,54.7
Senp6-203,Kiwa_ENA_GBGI01005383_GBGI01005383.1,30.435,115,75,4,988,1101,597,265,1.77e-06,51.6
Senp6-203,Kiwa_ENA_GBGI01005382_GBGI01005382.1,33.333,81,51,2,988,1067,597,361,2.48e-06,51.2
Senp7-203,Kiwa_ENA_GBGI01005381_GBGI01005381.1,27.431,288,131,11,747,1030,888,247,7.70e-17,84.7
Senp7-203,Kiwa_ENA_GBGI01005384_GBGI01005384.1,26.962,293,136,11,747,1035,888,232,8.47e-17,84.7
Senp7-203,Kiwa_ENA_GBGI01005380_GBGI01005380.1,27.431,288,131,11,747,1030,888,247,9.60e-17,84.3
Senp7-203,Kiwa_ENA_GBGI01005382_GBGI01005382.1,27.652,264,111,10,775,1030,822,247,6.32e-12,68.9
Senp7-203,Kiwa_ENA_GBGI01005383_GBGI01005383.1,27.652,264,111,10,775,1030,822,247,7.05e-12,68.9
Senp7-203,Kiwa_ENA_GBGI01010364_GBGI01010364.1,28.037,107,60,3,748,853,798,526,2.89e-06,50.8
Sumo1-201,Mcap_g62792,69.880,83,25,0,16,98,25,273,1.94e-41,132
Sumo1-201,Mcap_g40457,39.286,84,50,1,8,90,784,1035,2.80e-11,58.9
Sumo2-207,Mcap_g62792,58.228,79,33,0,15,93,34,270,2.16e-29,101
Sumo2-207,Mcap_g40457,43.750,80,44,1,8,86,796,1035,1.10e-17,76.6
Sumo3-204,Mcap_g62792,55.789,95,37,1,1,95,1,270,4.36e-32,108
Sumo3-204,Mcap_g40457,43.750,80,43,2,11,88,796,1035,5.23e-16,72.8
Senp1-204,Mcap_adi2mcaRNA5543_R1,53.608,97,41,1,463,559,1,279,7.92e-32,122
Senp1-204,Mcap_g7642,56.122,98,39,1,463,560,778,1059,1.84e-31,126
Senp1-204,Mcap_adi2mcaRNA5543_R0,41.791,134,68,2,541,666,118,513,7.57e-31,119
Senp1-204,Mcap_g7641,46.535,101,42,1,466,566,46,312,4.86e-24,108
Senp1-204,Mcap_g20515,31.915,188,100,7,484,661,1333,1842,3.72e-17,86.3
Senp1-204,Mcap_g25519,28.415,183,119,5,487,661,1189,1725,3.50e-16,84.0
Senp1-204,Mcap_g12722,33.553,152,82,5,501,646,1,417,4.13e-15,73.6
Senp1-204,Mcap_g19515,24.865,185,133,3,486,665,2404,2955,2.41e-14,77.8
Senp1-204,Mcap_g28560,26.374,182,122,5,487,665,1708,2226,3.03e-14,77.4
Senp1-204,Mcap_g69008,27.778,162,106,4,487,646,1324,1782,7.56e-14,76.3
Senp1-204,Mcap_adi2mcaRNA13482_R1,29.808,208,130,6,463,665,2122,2712,1.15e-13,75.5
Senp1-204,Mcap_g20531,29.570,186,113,7,486,663,2707,3234,2.94e-13,74.3
Senp1-204,Mcap_adi2mcaRNA7766_R4,27.950,161,103,4,512,660,301,780,3.42e-13,71.2
Senp1-204,Mcap_g70161,29.570,186,113,7,486,663,2149,2676,3.91e-13,73.9
Senp1-204,Mcap_g44895,29.839,124,85,1,544,665,73,444,4.28e-13,73.9
Senp1-204,Mcap_g4459,27.950,161,103,4,512,660,7018,7497,2.62e-12,71.6
Senp1-204,Mcap_g54755,32.090,134,80,6,537,665,520,903,3.03e-12,68.9
Senp1-204,Mcap_g48333,26.471,204,131,7,473,665,2659,3246,3.98e-12,70.5
Senp1-204,Mcap_g52422,27.143,210,139,7,466,666,1789,2403,4.38e-12,70.5
Senp1-204,Mcap_g9099,29.787,188,119,8,486,666,2779,3324,5.50e-12,70.1
Senp1-204,Mcap_g56825,32.090,134,80,6,537,665,1492,1875,5.83e-12,69.7
Senp1-204,Mcap_g71079,28.962,183,122,6,487,666,2212,2745,7.89e-12,69.7
Senp1-204,Mcap_g20003,30.366,191,108,8,486,666,1648,2175,3.21e-11,67.4
Senp1-204,Mcap_g48335,29.870,154,92,7,488,631,844,1287,4.33e-11,66.6
Senp1-204,Mcap_g26283,33.962,106,56,2,472,563,2128,2445,5.66e-11,67.0
Senp1-204,Mcap_g45283,27.041,196,115,7,486,666,2257,2805,5.67e-11,67.0
Senp1-204,Mcap_g51163,25.424,177,112,6,492,657,655,1158,1.32e-10,64.7
Senp1-204,Mcap_g11198,33.696,92,58,2,487,577,991,1260,8.61e-10,62.4
Senp1-204,Mcap_g69950,43.333,60,33,1,606,665,46,222,9.69e-10,59.3
Senp1-204,Mcap_g7970,27.225,191,113,7,487,665,277,807,9.76e-10,61.6
Senp1-204,Mcap_g31497,43.333,60,33,1,606,665,49,225,1.06e-09,58.9
Senp1-204,Mcap_g18102,40.351,57,33,1,510,566,43,210,1.54e-09,62.0
Senp1-204,Mcap_g71589,38.462,65,39,1,600,664,34,225,2.14e-09,57.8
Senp1-204,Mcap_adi2mcaRNA7766_R3,27.329,161,91,6,512,660,358,798,2.37e-09,59.7
Senp1-204,Mcap_g57591,43.333,60,33,1,606,665,127,303,3.39e-09,58.5
Senp1-204,Mcap_g61882,43.103,58,32,1,608,665,133,303,2.08e-08,55.8
Senp1-204,Mcap_g7750,24.868,189,121,6,488,661,838,1386,2.13e-08,58.2
Senp1-204,Mcap_g49991,33.333,108,59,4,544,643,814,1122,8.65e-08,55.8
Senp1-204,Mcap_g42900,36.667,60,38,0,606,665,286,465,1.10e-07,53.9
Senp1-204,Mcap_adi2mcaRNA13482_R9,25.333,150,108,3,519,665,1897,2343,1.47e-07,55.8
Senp1-204,Mcap_adi2mcaRNA7766_R1,25.466,161,109,4,511,661,316,795,1.99e-07,53.9
Senp1-204,Mcap_g28039,24.852,169,123,3,462,627,229,732,2.59e-07,53.1
Senp1-204,Mcap_g10649,36.667,60,38,0,606,665,346,525,2.79e-07,54.3
Senp1-204,Mcap_adi2mcaRNA13482_R8,25.166,151,108,3,519,665,1897,2346,2.80e-07,54.7
Senp1-204,Mcap_adi2mcaRNA13777_R2,21.531,209,119,5,471,634,169,795,5.94e-07,52.8
Senp1-204,Mcap_adi2mcaRNA22933_R0,24.257,202,117,8,460,629,859,1452,1.39e-06,52.4
Senp1-204,Mcap_g70934,29.921,127,77,7,545,665,13,375,2.47e-06,48.1
Senp2-201,Mcap_g7642,60.920,87,34,0,396,482,799,1059,1.68e-30,123
Senp2-201,Mcap_adi2mcaRNA5543_R1,56.471,85,37,0,396,480,22,276,2.90e-29,115
Senp2-201,Mcap_adi2mcaRNA5543_R0,40.171,117,68,1,472,588,169,513,1.61e-23,98.6
Senp2-201,Mcap_g7641,35.227,176,81,4,371,544,1,435,7.35e-21,98.2
Senp2-201,Mcap_g25519,30.052,193,103,6,409,583,1189,1725,3.10e-18,90.1
Senp2-201,Mcap_g20515,28.249,177,115,5,409,583,1342,1842,1.13e-14,78.2
Senp2-201,Mcap_g19515,30.233,129,88,1,461,587,2569,2955,1.62e-14,78.2
Senp2-201,Mcap_g44895,30.233,129,88,1,461,587,58,444,1.67e-14,78.2
Senp2-201,Mcap_g9099,26.455,189,124,6,408,588,2779,3324,6.13e-13,73.2
Senp2-201,Mcap_adi2mcaRNA7766_R4,27.273,165,99,5,434,582,301,780,1.81e-12,68.9
Senp2-201,Mcap_g48333,30.097,206,108,9,398,587,2689,3246,4.89e-12,70.1
Senp2-201,Mcap_g28560,28.415,183,118,7,409,588,1708,2226,5.01e-12,69.7
Senp2-201,Mcap_g31497,42.683,82,40,3,507,588,1,225,7.39e-12,65.1
Senp2-201,Mcap_g48335,28.846,156,91,7,410,553,844,1287,8.50e-12,68.6
Senp2-201,Mcap_g69950,46.479,71,36,2,518,588,16,222,8.69e-12,64.7
Senp2-201,Mcap_g12722,29.323,133,83,4,438,568,46,417,1.42e-11,63.2
Senp2-201,Mcap_g4459,27.273,165,99,5,434,582,7018,7497,1.77e-11,68.6
Senp2-201,Mcap_g57591,40.187,107,52,5,487,588,4,303,2.47e-11,64.3
Senp2-201,Mcap_g52422,29.787,188,114,10,409,588,1870,2403,2.57e-11,67.8
Senp2-201,Mcap_adi2mcaRNA13482_R1,31.544,149,82,6,449,587,2296,2712,3.08e-11,67.4
Senp2-201,Mcap_g71079,29.787,188,114,10,409,588,2212,2745,3.54e-11,67.4
Senp2-201,Mcap_g26283,32.692,104,56,2,394,483,2128,2439,3.79e-11,67.0
Senp2-201,Mcap_g20003,28.571,203,126,9,396,588,1594,2175,9.09e-11,65.9
Senp2-201,Mcap_g61882,41.463,82,41,3,507,588,79,303,1.67e-10,61.6
Senp2-201,Mcap_g69008,26.415,159,100,3,406,558,1309,1752,2.07e-10,64.7
Senp2-201,Mcap_g45283,26.455,189,125,6,408,588,2257,2805,2.31e-10,64.7
Senp2-201,Mcap_adi2mcaRNA7766_R3,27.044,159,94,6,434,582,358,798,5.00e-10,61.6
Senp2-201,Mcap_g7750,24.865,185,126,6,410,583,838,1386,1.35e-09,61.6
Senp2-201,Mcap_adi2mcaRNA13777_R2,24.658,219,112,8,393,562,169,813,1.89e-09,60.1
Senp2-201,Mcap_g10649,39.683,63,38,0,525,587,337,525,3.85e-09,60.1
Senp2-201,Mcap_g42900,36.508,63,40,0,525,587,277,465,8.70e-09,57.0
Senp2-201,Mcap_g20531,25.417,240,155,8,358,582,2536,3228,1.41e-08,58.9
Senp2-201,Mcap_g70161,25.417,240,155,8,358,582,1978,2670,1.42e-08,58.9
Senp2-201,Mcap_g71589,41.429,70,39,2,517,586,19,222,2.80e-08,54.3
Senp2-201,Mcap_g54755,29.496,139,72,5,462,588,529,903,5.13e-08,55.8
Senp2-201,Mcap_adi2mcaRNA7766_R1,24.852,169,100,6,433,583,316,795,7.23e-08,55.1
Senp2-201,Mcap_g11198,32.609,92,59,2,406,495,976,1248,7.46e-08,55.8
Senp2-201,Mcap_g7970,28.646,192,109,8,409,587,277,807,7.65e-08,55.5
Senp2-201,Mcap_g56825,29.496,139,72,5,462,588,1501,1875,7.95e-08,56.2
Senp2-201,Mcap_g36870,35.922,103,43,6,464,553,97,375,1.85e-07,51.2
Senp2-201,Mcap_g51163,23.780,164,110,2,414,573,655,1113,2.52e-07,54.3
Senp2-201,Mcap_g28308,29.139,151,95,6,409,553,931,1365,7.77e-07,52.8
Senp2-201,Mcap_g49991,33.981,103,48,4,464,555,808,1089,8.55e-07,52.4
Senp2-201,Mcap_g28039,28.249,177,105,7,385,549,232,732,1.17e-06,50.8
Senp2-201,Mcap_adi2mcaRNA22933_R0,21.827,197,129,7,393,565,910,1497,1.70e-06,51.6
Senp2-201,Mcap_g63760,29.032,93,64,1,461,551,247,525,5.24e-06,48.1
Senp3-201,Mcap_adi2mcaRNA5543_R1,41.667,96,52,1,382,473,22,309,5.87e-18,82.8
Senp3-201,Mcap_g7642,47.059,85,41,1,382,462,799,1053,8.31e-18,85.9
Senp3-201,Mcap_g25519,26.344,186,126,3,387,561,1165,1722,1.94e-15,80.9
Senp3-201,Mcap_adi2mcaRNA7766_R4,31.548,168,92,6,409,557,277,768,5.54e-13,70.1
Senp3-201,Mcap_adi2mcaRNA5543_R0,31.579,114,77,1,449,561,154,495,6.78e-13,67.8
Senp3-201,Mcap_g20515,29.714,175,108,8,390,557,1327,1827,9.94e-13,71.6
Senp3-201,Mcap_g7641,37.864,103,42,3,365,462,31,288,2.15e-12,71.2
Senp3-201,Mcap_g4459,31.548,168,92,6,409,557,6994,7485,2.16e-12,71.2
Senp3-201,Mcap_g48335,26.562,192,125,3,382,557,817,1392,9.11e-12,68.6
Senp3-201,Mcap_adi2mcaRNA7766_R3,32.653,147,69,7,409,541,334,726,1.52e-10,63.2
Senp3-201,Mcap_g7750,24.028,283,182,10,295,557,562,1371,1.06e-09,62.0
Senp3-201,Mcap_g12722,27.941,136,88,6,415,547,31,417,2.04e-09,57.0
Senp3-201,Mcap_g26283,33.981,103,50,4,381,465,2131,2439,5.84e-09,60.1
Senp3-201,Mcap_g19515,23.958,192,123,7,394,568,2404,2961,5.87e-08,57.0
Senp3-201,Mcap_g44895,26.277,137,84,5,443,568,58,450,7.02e-07,53.5
Senp3-201,Mcap_adi2mcaRNA22933_R0,24.868,189,109,5,376,533,901,1461,1.75e-06,51.6
Senp3-201,Mcap_g69008,27.368,95,65,2,391,481,1312,1596,1.85e-06,52.0
Senp3-201,Mcap_g40915,22.652,181,105,4,394,568,451,906,1.95e-06,51.2
Senp3-201,Mcap_adi2mcaRNA7766_R1,29.104,134,84,4,406,532,289,678,2.37e-06,50.4
Senp5-201,Mcap_adi2mcaRNA5543_R1,45.882,85,42,1,563,643,22,276,4.39e-19,86.3
Senp5-201,Mcap_g7642,47.059,85,41,1,563,643,799,1053,7.33e-18,86.7
Senp5-201,Mcap_g25519,25.907,193,102,5,576,742,1189,1722,3.05e-16,84.3
Senp5-201,Mcap_g20515,31.953,169,102,6,576,738,1342,1827,3.70e-15,80.1
Senp5-201,Mcap_g7641,45.714,70,34,1,578,643,79,288,1.56e-12,72.4
Senp5-201,Mcap_adi2mcaRNA5543_R0,37.143,105,65,1,645,748,199,513,7.41e-12,65.5
Senp5-201,Mcap_g12722,30.882,136,84,5,596,728,31,417,1.09e-11,63.9
Senp5-201,Mcap_g48335,23.148,216,142,9,541,738,763,1392,3.75e-10,63.9
Senp5-201,Mcap_adi2mcaRNA7766_R4,29.710,138,84,6,586,713,265,669,5.31e-10,62.0
Senp5-201,Mcap_g4459,29.921,127,77,5,596,713,7015,7386,2.12e-09,62.4
Senp5-201,Mcap_g69008,27.044,159,90,5,574,719,1318,1755,1.27e-08,59.7
Senp5-201,Mcap_adi2mcaRNA7766_R3,26.829,123,73,3,596,713,355,687,1.78e-07,54.3
Senp5-201,Mcap_adi2mcaRNA22933_R0,26.667,180,97,6,567,714,931,1461,2.47e-07,55.1
Senp5-201,Mcap_adi2mcaRNA13482_R1,26.705,176,111,7,557,721,2137,2643,3.89e-07,54.7
Senp5-201,Mcap_g26283,26.606,109,62,3,566,656,2143,2469,7.02e-07,53.9
Senp5-201,Mcap_g28560,26.733,202,123,9,557,742,1633,2211,9.37e-07,53.5
Senp5-201,Mcap_g7750,26.857,175,108,7,569,732,814,1311,1.23e-06,52.8
Senp5-201,Mcap_g19515,24.731,186,125,6,575,747,2404,2955,1.97e-06,52.4
Senp5-201,Mcap_g48333,28.962,183,113,8,557,724,2644,3186,5.52e-06,50.8
Senp6-203,Mcap_g26283,32.584,445,243,13,471,890,1537,2775,3.31e-39,159
Senp6-203,Mcap_g26283,53.509,114,50,2,990,1101,2656,2994,2.43e-30,130
Senp6-203,Mcap_adi2mcaRNA22933_R0,35.593,118,75,1,681,798,877,1227,1.08e-17,88.6
Senp6-203,Mcap_adi2mcaRNA22933_R2,33.333,126,64,2,673,798,907,1224,4.73e-13,73.9
Senp6-203,Mcap_adi2mcaRNA13777_R2,38.793,116,69,2,683,798,142,483,9.41e-13,71.2
Senp6-203,Mcap_adi2mcaRNA7766_R3,29.487,156,82,6,644,798,121,507,6.81e-08,56.2
Senp6-203,Mcap_g48335,27.419,124,76,2,675,798,742,1071,1.63e-07,56.2
Senp6-203,Mcap_g4459,31.200,125,69,3,674,798,6844,7167,2.28e-07,56.6
Senp6-203,Mcap_g7750,25.556,180,105,6,619,798,610,1062,2.47e-07,55.5
Senp6-203,Mcap_g60564,28.319,113,67,2,675,787,205,501,3.03e-07,52.4
Senp6-203,Mcap_adi2mcaRNA7766_R4,32.407,108,58,2,691,798,172,450,1.63e-06,52.0
Senp6-203,Mcap_g7642,30.435,115,62,3,683,797,769,1059,2.95e-06,51.6
Senp6-203,Mcap_adi2mcaRNA13777_R3,32.143,112,47,5,985,1067,346,681,8.14e-06,49.7
Senp6-203,Mcap_adi2mcaRNA13777_R3,36.607,112,60,3,687,798,67,369,9.75e-06,49.7
Senp7-203,Mcap_g26283,45.342,322,135,8,732,1027,2083,3003,8.27e-69,250
Senp7-203,Mcap_adi2mcaRNA22933_R0,35.659,129,80,2,726,853,847,1227,1.25e-14,79.0
Senp7-203,Mcap_adi2mcaRNA13777_R2,25.559,313,163,10,732,1025,124,909,1.52e-12,70.5
Senp7-203,Mcap_adi2mcaRNA13777_R3,24.427,262,117,10,747,990,85,681,8.31e-08,55.8
Senp7-203,Mcap_g4459,27.331,311,125,14,731,1028,6853,7521,2.76e-06,52.8
Senp7-203,Mcap_g37913,40.000,80,40,3,918,992,3658,3888,3.68e-06,52.4
Senp8-206,Mcap_g28198,45.755,212,111,3,15,225,7,633,4.94e-53,171
Senp8-206,Mcap_g64625,45.283,212,112,3,15,225,7,633,4.92e-52,168
Sumo1-201,Msqu_ENA_GHBR01010082_GHBR01010082.1,41.176,51,30,0,50,100,2,154,8.06e-13,57.4
Sumo2-207,Msqu_ENA_GHBR01010082_GHBR01010082.1,40.816,49,29,0,46,94,2,148,5.94e-10,49.7
Sumo3-204,Msqu_ENA_GHBR01010082_GHBR01010082.1,41.176,51,30,0,48,98,2,154,7.35e-11,52.8
Senp1-204,Msqu_ENA_GHBR01003231_GHBR01003231.1,50.602,83,40,1,477,558,6,254,3.95e-41,96.3
Senp1-204,Msqu_ENA_GHBR01003231_GHBR01003231.1,37.383,107,65,1,560,666,260,574,3.95e-41,89.0
Senp1-204,Msqu_ENA_GHBR01003310_GHBR01003310.1,23.016,126,72,4,533,639,240,599,3.32e-14,49.3
Senp1-204,Msqu_ENA_GHBR01003310_GHBR01003310.1,43.636,55,30,1,472,525,29,193,3.32e-14,45.4
Senp2-201,Msqu_ENA_GHBR01003231_GHBR01003231.1,48.193,83,42,1,400,481,9,257,3.82e-40,99.4
Senp2-201,Msqu_ENA_GHBR01003231_GHBR01003231.1,36.449,107,66,1,482,588,260,574,3.82e-40,82.4
Senp2-201,Msqu_ENA_GHBR01003310_GHBR01003310.1,36.364,55,34,1,394,447,29,193,1.01e-12,44.7
Senp2-201,Msqu_ENA_GHBR01003310_GHBR01003310.1,23.932,117,72,5,455,556,240,584,1.01e-12,44.7
Senp3-201,Msqu_ENA_GHBR01003231_GHBR01003231.1,50.000,86,38,1,384,464,3,260,1.07e-31,93.6
Senp3-201,Msqu_ENA_GHBR01003231_GHBR01003231.1,32.653,98,65,1,465,561,263,556,1.07e-31,59.7
Senp3-201,Msqu_ENA_GHBR01003310_GHBR01003310.1,28.125,128,73,5,426,535,204,584,9.74e-14,51.6
Senp3-201,Msqu_ENA_GHBR01003310_GHBR01003310.1,33.333,60,34,2,376,429,14,193,9.74e-14,41.2
Senp5-201,Msqu_ENA_GHBR01003231_GHBR01003231.1,47.059,85,38,2,567,645,9,260,6.40e-27,84.7
Senp5-201,Msqu_ENA_GHBR01003231_GHBR01003231.1,32.653,98,65,1,646,742,263,556,6.40e-27,52.8
Senp5-201,Msqu_ENA_GHBR01003310_GHBR01003310.1,25.806,124,76,3,614,721,228,599,3.06e-06,47.0
Senp6-203,Msqu_ENA_GHBR01003310_GHBR01003310.1,42.222,45,25,1,758,802,207,338,7.78e-10,45.8
Senp6-203,Msqu_ENA_GHBR01003310_GHBR01003310.1,32.075,53,36,0,693,745,29,187,7.78e-10,34.7
Senp6-203,Msqu_ENA_GHBR01003310_GHBR01003310.1,34.211,76,48,2,995,1069,372,596,6.79e-08,52.8
Senp6-203,Msqu_ENA_GHBR01003231_GHBR01003231.1,35.714,98,48,2,698,795,6,254,3.61e-09,56.6
Senp7-203,Msqu_ENA_GHBR01003310_GHBR01003310.1,26.442,208,91,6,830,1029,255,716,4.92e-21,73.2
Senp7-203,Msqu_ENA_GHBR01003310_GHBR01003310.1,37.255,51,32,0,747,797,29,181,4.92e-21,45.4
Senp7-203,Msqu_ENA_GHBR01003231_GHBR01003231.1,35.354,99,48,3,752,850,6,254,3.49e-07,50.4
Senp8-206,Msqu_ENA_GHBR01005419_GHBR01005419.1,37.324,142,85,2,23,163,101,517,1.70e-21,85.9
Sumo1-201,Nvec_XM_001637850.2,70.732,82,24,0,16,97,119,364,2.10e-30,110
Sumo1-201,Nvec_XM_032375415.1,38.182,55,34,0,36,90,954,1118,1.45e-06,45.8
Sumo1-201,Nvec_XM_032375409.1,38.298,47,29,0,44,90,1423,1563,5.94e-06,44.3
Sumo1-201,Nvec_XM_032375408.1,38.298,47,29,0,44,90,1466,1606,5.98e-06,44.3
Sumo2-207,Nvec_XM_001637850.2,61.250,80,31,0,15,94,128,367,7.68e-25,95.1
Sumo2-207,Nvec_XM_032375409.1,41.818,55,32,0,32,86,1399,1563,8.08e-10,55.1
Sumo2-207,Nvec_XM_032375408.1,41.818,55,32,0,32,86,1442,1606,8.14e-10,55.1
Sumo2-207,Nvec_XM_032375410.1,40.678,59,35,0,28,86,1265,1441,1.05e-09,54.7
Sumo2-207,Nvec_XM_032375415.1,45.455,55,30,0,32,86,954,1118,3.57e-09,53.1
Sumo2-207,Nvec_XM_032375411.1,41.818,55,32,0,32,86,1094,1258,5.46e-09,52.8
Sumo2-207,Nvec_XM_032375412.1,40.678,59,35,0,28,86,1003,1179,1.67e-08,51.2
Sumo2-207,Nvec_XM_032375414.1,41.818,55,32,0,32,86,972,1136,4.64e-08,50.1
Sumo2-207,Nvec_XM_032375413.1,41.818,55,32,0,32,86,972,1136,5.53e-08,49.7
Sumo3-204,Nvec_XM_001637850.2,58.947,95,34,1,1,95,95,364,3.19e-27,102
Sumo3-204,Nvec_XM_032375415.1,45.455,55,30,0,34,88,954,1118,6.60e-10,55.8
Sumo3-204,Nvec_XM_032375409.1,41.818,55,32,0,34,88,1399,1563,1.51e-09,55.1
Sumo3-204,Nvec_XM_032375408.1,41.818,55,32,0,34,88,1442,1606,1.53e-09,55.1
Sumo3-204,Nvec_XM_032375410.1,40.678,59,35,0,30,88,1265,1441,1.59e-09,55.1
Sumo3-204,Nvec_XM_032375412.1,41.818,55,32,0,34,88,1015,1179,9.57e-09,52.8
Sumo3-204,Nvec_XM_032375414.1,39.683,63,37,1,27,88,948,1136,9.82e-09,52.8
Sumo3-204,Nvec_XM_032375411.1,41.818,55,32,0,34,88,1094,1258,1.03e-08,52.8
Sumo3-204,Nvec_XM_032375413.1,39.683,63,37,1,27,88,948,1136,1.14e-08,52.4
Senp1-204,Nvec_XM_001640898.2,52.915,223,102,2,445,666,2095,2757,1.27e-76,266
Senp1-204,Nvec_XR_004294442.1,32.500,120,80,1,541,660,1087,1443,2.24e-12,71.6
Senp1-204,Nvec_XM_032375067.1,37.097,62,39,0,605,666,1197,1382,1.01e-10,48.9
Senp1-204,Nvec_XM_032375067.1,38.889,36,22,0,541,576,1087,1194,1.01e-10,38.1
Senp1-204,Nvec_XM_001622721.1,38.333,120,56,6,555,666,493,822,1.72e-09,60.8
Senp1-204,Nvec_XM_032378943.1,32.381,105,58,2,472,563,2533,2847,2.18e-09,62.4
Senp1-204,Nvec_XM_001630327.2,32.381,105,58,2,472,563,2532,2846,2.36e-09,62.0
Senp1-204,Nvec_XM_032368651.1,28.736,87,61,1,487,573,1191,1448,1.20e-08,60.1
Senp1-204,Nvec_XM_032368653.1,26.316,95,62,1,487,573,1191,1475,7.35e-07,53.9
Senp1-204,Nvec_XM_032368652.1,26.316,95,62,1,487,573,1191,1475,7.41e-07,53.9
Senp1-204,Nvec_XM_032368650.1,26.316,95,62,1,487,573,1191,1475,7.92e-07,53.9
Senp1-204,Nvec_XM_032368647.1,26.316,95,62,1,487,573,1191,1475,7.98e-07,53.9
Senp1-204,Nvec_XM_032368654.1,26.316,95,62,1,487,573,913,1197,8.33e-07,53.9
Senp1-204,Nvec_XM_032368649.1,26.316,95,62,1,487,573,1191,1475,8.37e-07,53.9
Senp1-204,Nvec_XM_032368646.1,26.316,95,62,1,487,573,1191,1475,8.40e-07,53.9
Senp1-204,Nvec_XM_032368648.1,26.316,95,62,1,487,573,1405,1689,8.46e-07,53.9
Senp1-204,Nvec_XR_004296403.1,46.809,47,25,0,614,660,513,653,1.84e-06,52.0
Senp1-204,Nvec_XM_032375563.1,29.464,112,69,3,532,637,2529,2852,3.23e-06,52.0
Senp2-201,Nvec_XM_001640898.2,47.788,226,115,2,364,588,2086,2757,2.93e-65,232
Senp2-201,Nvec_XM_001622721.1,29.630,189,109,8,409,588,301,822,7.31e-13,70.9
Senp2-201,Nvec_XM_032368649.1,26.042,96,63,2,408,495,1188,1475,1.71e-09,53.9
Senp2-201,Nvec_XM_032368649.1,41.667,36,19,1,520,553,1588,1695,1.71e-09,28.9
Senp2-201,Nvec_XM_032368650.1,26.042,96,63,2,408,495,1188,1475,2.77e-09,53.9
Senp2-201,Nvec_XM_032368650.1,41.667,36,19,1,520,553,1588,1695,2.77e-09,28.1
Senp2-201,Nvec_XM_001630327.2,29.126,103,60,2,394,483,2532,2840,6.37e-09,60.5
Senp2-201,Nvec_XM_032378943.1,29.126,103,60,2,394,483,2533,2841,7.05e-09,60.1
Senp2-201,Nvec_XR_004294442.1,27.869,122,85,3,462,582,1084,1443,1.45e-08,58.9
Senp2-201,Nvec_XM_032375067.1,38.298,47,29,0,536,582,1224,1364,3.59e-08,45.1
Senp2-201,Nvec_XM_032375067.1,30.000,50,34,1,462,510,1084,1233,3.59e-08,33.1
Senp2-201,Nvec_XM_032368651.1,27.273,88,63,1,408,495,1188,1448,4.43e-08,57.8
Senp2-201,Nvec_XM_032368653.1,26.042,96,63,2,408,495,1188,1475,6.64e-07,53.9
Senp2-201,Nvec_XM_032368652.1,26.042,96,63,2,408,495,1188,1475,6.69e-07,53.9
Senp2-201,Nvec_XM_032368647.1,26.042,96,63,2,408,495,1188,1475,7.01e-07,53.9
Senp2-201,Nvec_XM_032368654.1,26.042,96,63,2,408,495,910,1197,7.32e-07,53.9
Senp2-201,Nvec_XM_032368646.1,26.042,96,63,2,408,495,1188,1475,7.38e-07,53.9
Senp2-201,Nvec_XM_032368648.1,26.042,96,63,2,408,495,1402,1689,7.43e-07,53.9
Senp3-201,Nvec_XM_001640898.2,39.904,208,114,3,365,566,2146,2754,2.31e-44,170
Senp3-201,Nvec_XM_032368651.1,30.769,117,66,2,392,493,1182,1532,1.23e-10,65.9
Senp3-201,Nvec_XM_032368650.1,29.365,126,65,2,392,493,1182,1559,3.15e-10,64.7
Senp3-201,Nvec_XM_032368647.1,29.365,126,65,2,392,493,1182,1559,3.18e-10,64.7
Senp3-201,Nvec_XM_032368654.1,29.365,126,65,2,392,493,904,1281,3.35e-10,64.7
Senp3-201,Nvec_XM_032368649.1,29.365,126,65,2,392,493,1182,1559,3.38e-10,64.7
Senp3-201,Nvec_XM_032368646.1,29.365,126,65,2,392,493,1182,1559,3.39e-10,64.7
Senp3-201,Nvec_XM_032368648.1,29.365,126,65,2,392,493,1396,1773,3.42e-10,64.7
Senp3-201,Nvec_XM_032368653.1,33.333,99,54,1,392,478,1182,1478,3.77e-10,64.3
Senp3-201,Nvec_XM_032368652.1,33.333,99,54,1,392,478,1182,1478,3.80e-10,64.3
Senp3-201,Nvec_XM_032378943.1,31.683,101,52,2,382,465,2539,2841,9.48e-08,56.6
Senp3-201,Nvec_XR_004294442.1,32.787,122,74,3,445,561,1087,1443,1.00e-07,56.2
Senp3-201,Nvec_XM_001630327.2,31.683,101,52,2,382,465,2538,2840,1.21e-07,56.2
Senp3-201,Nvec_XM_032375067.1,37.500,56,30,1,506,561,1212,1364,1.87e-07,43.1
Senp3-201,Nvec_XM_032375067.1,42.424,33,19,0,445,477,1087,1185,1.87e-07,32.7
Senp5-201,Nvec_XM_001640898.2,42.328,189,101,4,567,748,2194,2757,2.50e-39,158
Senp5-201,Nvec_XR_004294442.1,31.387,137,90,3,616,749,1057,1464,1.94e-10,65.5
Senp5-201,Nvec_XM_032375067.1,48.077,52,27,0,698,749,1230,1385,2.25e-08,52.0
Senp5-201,Nvec_XM_032375067.1,32.353,34,23,0,625,658,1084,1185,2.25e-08,27.3
Senp5-201,Nvec_XM_032368651.1,29.213,89,60,1,573,658,1182,1448,1.44e-07,56.6
Senp5-201,Nvec_XM_032368650.1,27.551,98,59,1,573,658,1182,1475,3.90e-07,55.1
Senp5-201,Nvec_XM_032368647.1,27.551,98,59,1,573,658,1182,1475,3.92e-07,55.1
Senp5-201,Nvec_XM_032368653.1,27.835,97,58,1,574,658,1185,1475,3.94e-07,55.1
Senp5-201,Nvec_XM_032368652.1,27.835,97,58,1,574,658,1185,1475,3.97e-07,55.1
Senp5-201,Nvec_XM_032368654.1,27.551,98,59,1,573,658,904,1197,4.10e-07,55.1
Senp5-201,Nvec_XM_032368649.1,27.551,98,59,1,573,658,1182,1475,4.13e-07,55.1
Senp5-201,Nvec_XM_032368646.1,27.551,98,59,1,573,658,1182,1475,4.14e-07,55.1
Senp5-201,Nvec_XM_032368648.1,27.551,98,59,1,573,658,1396,1689,4.17e-07,55.1
Senp5-201,Nvec_XM_032378943.1,30.928,97,50,2,567,646,2551,2841,7.30e-07,54.3
Senp5-201,Nvec_XM_032381710.1,28.346,127,78,4,613,731,1505,1870,7.76e-07,53.9
Senp5-201,Nvec_XM_001630327.2,30.928,97,50,2,567,646,2550,2840,7.97e-07,54.3
Senp5-201,Nvec_XM_032375066.1,48.077,52,27,0,698,749,453,608,9.50e-07,53.1
Senp5-201,Nvec_XM_032375064.1,48.077,52,27,0,698,749,566,721,1.06e-06,53.1
Senp5-201,Nvec_XM_032375063.1,48.077,52,27,0,698,749,735,890,1.21e-06,53.1
Senp5-201,Nvec_XM_032369138.1,27.536,138,87,4,613,742,1277,1675,2.07e-06,52.8
Senp5-201,Nvec_XM_032375062.1,48.077,52,27,0,698,749,1113,1268,2.40e-06,52.4
Senp5-201,Nvec_XM_032375061.1,48.077,52,27,0,698,749,1120,1275,2.41e-06,52.4
Senp5-201,Nvec_XR_004294444.1,48.148,54,28,0,696,749,1220,1381,2.82e-06,52.0
Senp5-201,Nvec_XR_004294441.1,48.148,54,28,0,696,749,1537,1698,3.01e-06,52.0
Senp5-201,Nvec_XR_004294443.1,48.077,52,27,0,698,749,1234,1389,3.24e-06,52.0
Senp5-201,Nvec_XR_004296403.1,46.154,52,28,0,698,749,519,674,6.59e-06,50.4
Senp6-203,Nvec_XM_032378943.1,34.853,373,201,12,467,832,1939,2952,9.05e-45,178
Senp6-203,Nvec_XM_032378943.1,53.271,107,48,1,997,1101,3136,3456,5.03e-28,124
Senp6-203,Nvec_XM_001630327.2,34.501,371,199,12,467,828,1938,2945,2.72e-44,176
Senp6-203,Nvec_XM_001630327.2,53.271,107,48,1,997,1101,3045,3365,4.75e-28,124
Senp6-203,Nvec_XM_032370092.1,53.271,107,48,1,997,1101,77,397,1.98e-31,121
Senp6-203,Nvec_XM_001640898.2,33.333,108,57,1,693,800,2176,2454,1.88e-10,66.6
Senp7-203,Nvec_XM_001630327.2,45.246,305,159,4,727,1027,2472,3374,8.73e-68,249
Senp7-203,Nvec_XM_032378943.1,42.262,336,154,7,727,1027,2473,3465,1.00e-64,240
Senp7-203,Nvec_XM_032370092.1,49.091,110,54,1,920,1027,77,406,2.54e-28,112
Senp7-203,Nvec_XM_001640898.2,30.909,110,60,1,746,855,2173,2454,1.02e-06,54.3
Senp8-206,Nvec_XM_001640187.2,45.455,209,110,3,17,224,52,669,3.13e-54,182
Sumo1-201,Pbac_AVPN01000305.1,68.889,45,14,0,55,99,15451,15585,6.54e-15,70.5
Sumo1-201,Pbac_AVPN01000305.1,47.059,51,21,1,5,55,15092,15226,3.37e-09,54.3
Sumo1-201,Pbac_AVPN01018869.1,52.632,38,18,0,18,55,4361,4474,1.75e-09,55.1
Sumo1-201,Pbac_AVPN01018869.1,57.143,35,15,0,55,89,4698,4802,3.02e-07,48.5
Sumo2-207,Pbac_AVPN01000305.1,53.488,43,20,0,51,93,15451,15579,9.51e-09,52.8
Sumo2-207,Pbac_AVPN01000305.1,48.980,49,21,1,3,51,15092,15226,2.09e-07,48.9
Sumo2-207,Pbac_AVPN01018869.1,55.263,38,17,0,14,51,4361,4474,3.72e-08,50.8
Sumo3-204,Pbac_AVPN01000305.1,53.333,45,21,0,53,97,15451,15585,2.51e-09,55.1
Sumo3-204,Pbac_AVPN01000305.1,55.263,38,17,0,16,53,15113,15226,2.65e-07,49.3
Sumo3-204,Pbac_AVPN01018869.1,55.263,38,17,0,16,53,4361,4474,1.05e-07,50.4
Senp1-204,Pbac_AVPN01002932.1,41.322,121,39,2,492,581,7971,7612,8.67e-23,106
Senp1-204,Pbac_AVPN01002932.1,61.538,52,20,0,615,666,7241,7086,4.91e-16,84.7
Senp1-204,Pbac_AVPN01002061.1,55.556,45,20,0,537,581,4572,4438,4.46e-22,65.1
Senp1-204,Pbac_AVPN01002061.1,55.319,47,20,1,492,538,4799,4662,4.46e-22,61.2
Senp1-204,Pbac_AVPN01002061.1,61.538,52,20,0,615,666,4067,3912,5.60e-16,84.7
Senp2-201,Pbac_AVPN01002932.1,34.247,146,58,4,414,523,7971,7540,3.30e-16,84.7
Senp2-201,Pbac_AVPN01002932.1,55.769,52,23,0,537,588,7241,7086,1.14e-14,80.1
Senp2-201,Pbac_AVPN01002061.1,57.447,47,19,1,414,460,4799,4662,6.47e-16,60.1
Senp2-201,Pbac_AVPN01002061.1,34.783,69,39,2,460,523,4569,4366,6.47e-16,45.1
Senp2-201,Pbac_AVPN01002061.1,55.769,52,23,0,537,588,4067,3912,1.20e-14,79.7
Senp2-201,Pbac_AVPN01002838.1,30.709,127,71,7,477,587,9946,10323,8.48e-07,54.3
Senp3-201,Pbac_AVPN01002061.1,52.273,44,21,0,442,485,4569,4438,1.29e-13,53.1
Senp3-201,Pbac_AVPN01002061.1,43.478,46,23,1,400,442,4799,4662,1.29e-13,44.3
Senp3-201,Pbac_AVPN01002932.1,35.000,120,44,2,400,485,7971,7612,9.41e-13,73.6
Senp5-201,Pbac_AVPN01002061.1,45.652,46,22,1,581,623,4799,4662,1.03e-10,45.4
Senp5-201,Pbac_AVPN01002061.1,47.368,38,20,0,621,658,4575,4462,1.03e-10,42.7
Senp5-201,Pbac_AVPN01002932.1,33.929,112,40,2,581,658,7971,7636,6.27e-10,65.1
Senp6-203,Pbac_AVPN01000919.1,53.488,43,20,0,766,808,12008,12136,3.58e-09,63.5
Senp6-203,Pbac_AVPN01012403.1,45.833,48,23,2,1024,1069,359,499,7.05e-08,41.6
Senp6-203,Pbac_AVPN01012403.1,48.571,35,18,0,991,1025,141,245,7.05e-08,37.4
Senp7-203,Pbac_AVPN01012403.1,44.681,47,25,1,947,992,359,499,4.72e-09,44.3
Senp7-203,Pbac_AVPN01012403.1,51.111,45,20,2,904,948,117,245,4.72e-09,38.5
Senp7-203,Pbac_AVPN01000919.1,64.706,34,12,0,830,863,12035,12136,2.49e-07,57.4
Senp7-203,Pbac_AVPN01000919.1,30.645,124,43,2,911,992,12621,12989,5.13e-07,56.2
Senp7-203,Pbac_AVPN01000919.1,56.098,41,18,0,733,773,11386,11508,3.50e-06,53.5
Senp7-203,Pbac_AVPN01014686.1,56.098,41,18,0,733,773,330,452,1.03e-06,53.5
Senp8-206,Pbac_AVPN01005677.1,31.176,170,102,5,16,181,2736,2260,1.59e-17,83.2
Sumo1-201,Pdam_Pocillopora_damicornis_17364,38.571,70,42,1,22,90,82,291,6.55e-11,52.8
Sumo2-207,Pdam_Pocillopora_damicornis_17364,45.333,75,40,1,13,86,67,291,5.68e-15,63.2
Sumo3-204,Pdam_Pocillopora_damicornis_17364,44.595,74,40,1,16,88,70,291,7.85e-14,60.8
Senp1-204,Pdam_Pocillopora_damicornis_4509,58.065,124,50,1,543,666,1,366,9.87e-48,162
Senp1-204,Pdam_Pocillopora_damicornis_4508,50.562,89,44,0,449,537,1,267,1.16e-27,105
Senp1-204,Pdam_Pocillopora_damicornis_15610,40.000,95,49,4,488,574,1,285,8.60e-16,73.6
Senp1-204,Pdam_Pocillopora_damicornis_18769,30.769,130,70,5,463,573,28,414,3.13e-12,63.5
Senp1-204,Pdam_Pocillopora_damicornis_22688,22.500,240,125,8,471,666,211,879,6.68e-09,56.2
Senp2-201,Pdam_Pocillopora_damicornis_4509,43.548,124,68,1,465,588,1,366,4.15e-31,115
Senp2-201,Pdam_Pocillopora_damicornis_4508,48.864,88,45,0,371,458,1,264,2.61e-26,101
Senp2-201,Pdam_Pocillopora_damicornis_15610,37.500,120,66,5,410,520,1,360,2.85e-15,71.6
Senp2-201,Pdam_Pocillopora_damicornis_22688,25.116,215,112,8,393,562,211,843,2.64e-13,69.7
Senp2-201,Pdam_Pocillopora_damicornis_18769,34.000,100,56,3,409,499,130,426,4.01e-09,54.3
Senp3-201,Pdam_Pocillopora_damicornis_4509,35.000,120,77,1,448,566,4,363,8.65e-22,89.7
Senp3-201,Pdam_Pocillopora_damicornis_4508,45.783,83,33,3,365,440,31,264,2.03e-16,73.6
Senp3-201,Pdam_Pocillopora_damicornis_15610,34.043,94,50,4,396,477,1,282,6.76e-10,56.2
Senp3-201,Pdam_Pocillopora_damicornis_18769,29.661,118,63,6,393,493,124,468,2.25e-08,52.4
Senp3-201,Pdam_Pocillopora_damicornis_22688,33.010,103,50,4,378,462,211,516,1.43e-06,48.9
Senp5-201,Pdam_Pocillopora_damicornis_4509,37.500,120,74,1,630,748,7,366,7.64e-21,87.4
Senp5-201,Pdam_Pocillopora_damicornis_4508,48.438,64,29,1,563,622,76,267,1.15e-13,66.2
Senp5-201,Pdam_Pocillopora_damicornis_22688,25.510,196,98,6,567,714,232,819,1.74e-09,58.5
Senp5-201,Pdam_Pocillopora_damicornis_15610,34.043,94,50,5,577,658,1,282,7.08e-07,48.1
Senp5-201,Pdam_Pocillopora_damicornis_18769,31.633,98,55,4,574,659,124,417,3.67e-06,46.2
Senp6-203,Pdam_Pocillopora_damicornis_5386,56.842,95,41,0,679,773,61,345,5.45e-23,94.0
Senp6-203,Pdam_Pocillopora_damicornis_22688,40.678,118,68,2,681,798,178,525,4.67e-19,88.2
Senp6-203,Pdam_Pocillopora_damicornis_22688,30.328,122,71,4,994,1101,571,936,1.64e-06,50.1
Senp6-203,Pdam_Pocillopora_damicornis_18131,29.508,122,72,4,994,1101,145,510,9.18e-06,45.8
Senp7-203,Pdam_Pocillopora_damicornis_5386,64.286,70,25,0,733,802,61,270,1.60e-22,92.4
Senp7-203,Pdam_Pocillopora_damicornis_22688,28.030,264,136,9,735,990,178,831,1.15e-19,89.7
Sumo1-201,Plut_plut2.m8.2770.m1,38.372,86,52,1,8,92,892,1149,1.44e-13,65.1
Sumo1-201,Plut_plut2.m8.2528.m1,69.231,26,8,0,55,80,199,276,3.11e-07,45.1
Sumo2-207,Plut_plut2.m8.2770.m1,43.590,78,43,1,10,86,910,1143,1.09e-14,68.2
Sumo3-204,Plut_plut2.m8.2770.m1,45.946,74,39,1,16,88,922,1143,1.43e-14,68.6
Senp1-204,Plut_plut2.m8.16449.m1,45.333,225,86,3,442,666,1404,1967,4.91e-58,211
Senp1-204,Plut_plut2.m8.14810.m1,29.412,204,124,7,474,666,2500,3084,1.64e-16,84.3
Senp1-204,Plut_plut2.m8.25603.m1,27.179,195,119,7,483,666,2614,3162,4.32e-13,73.6
Senp1-204,Plut_jamg1.model.xfSc0001469.1,29.255,188,120,8,486,666,964,1509,2.26e-12,70.5
Senp1-204,Plut_plut2.m8.9214.m1,26.702,191,119,7,483,665,1207,1740,5.47e-12,69.3
Senp1-204,Plut_plut2.m8.18705.m1,27.692,195,128,6,474,665,454,1008,2.90e-11,66.2
Senp1-204,Plut_plut2.m8.23491.m1,32.075,106,58,1,472,563,2231,2548,3.56e-11,67.4
Senp1-204,Plut_plut2.m8.30593.m1,22.353,170,108,5,488,643,1570,2049,5.51e-08,56.6
Senp1-204,Plut_plut2.m8.31894.m1,43.396,53,30,0,613,665,85,243,2.01e-07,55.1
Senp1-204,Plut_jamg1.model.xfSc0003144.1,35.211,71,44,2,596,666,68,274,2.38e-07,50.8
Senp1-204,Plut_plut2.m8.14812.m1,30.159,126,81,4,544,666,1024,1389,4.14e-07,53.5
Senp2-201,Plut_plut2.m8.16449.m1,40.991,222,94,2,367,588,1413,1967,7.26e-47,177
Senp2-201,Plut_plut2.m8.18705.m1,34.392,189,100,10,409,588,487,1008,1.55e-15,79.3
Senp2-201,Plut_plut2.m8.9214.m1,33.333,189,102,9,409,588,1219,1740,2.88e-15,79.7
Senp2-201,Plut_plut2.m8.14810.m1,28.333,240,136,12,371,588,2407,3084,6.87e-15,79.0
Senp2-201,Plut_jamg1.model.xfSc0001469.1,26.455,189,124,6,408,588,964,1509,6.80e-13,72.0
Senp2-201,Plut_plut2.m8.25603.m1,25.854,205,121,7,396,582,2569,3144,5.19e-12,69.7
Senp2-201,Plut_plut2.m8.30593.m1,28.402,169,99,8,410,565,1570,2049,1.78e-11,67.8
Senp2-201,Plut_plut2.m8.23491.m1,30.769,104,58,1,394,483,2231,2542,5.45e-11,66.6
Senp2-201,Plut_jamg1.model.xfSc0003144.1,36.986,73,42,3,516,588,68,274,4.18e-08,52.8
Senp2-201,Plut_plut2.m8.14812.m1,27.907,129,88,3,462,588,1012,1389,8.48e-08,55.5
Senp2-201,Plut_plut2.m8.31894.m1,44.231,52,29,0,536,587,88,243,9.29e-08,55.8
Senp3-201,Plut_plut2.m8.16449.m1,34.653,202,89,3,369,566,1476,1964,1.30e-29,124
Senp3-201,Plut_plut2.m8.30593.m1,26.344,186,121,4,388,557,1561,2118,4.21e-11,66.2
Senp3-201,Plut_plut2.m8.23491.m1,31.373,102,52,3,382,465,2237,2542,1.66e-08,58.5
Senp5-201,Plut_plut2.m8.16449.m1,34.211,190,87,3,563,748,1500,1967,1.08e-24,110
Senp5-201,Plut_plut2.m8.30593.m1,22.857,175,117,4,581,738,1597,2118,2.35e-09,61.2
Senp5-201,Plut_plut2.m8.14810.m1,27.094,203,127,9,561,748,2494,3084,1.85e-07,55.5
Senp5-201,Plut_plut2.m8.25603.m1,26.829,205,124,8,557,742,2551,3144,2.76e-07,54.7
Senp5-201,Plut_plut2.m8.23491.m1,26.471,102,57,3,566,649,2246,2551,1.54e-06,52.4
Senp6-203,Plut_plut2.m8.23491.m1,50.943,159,76,2,678,836,2186,2656,1.85e-38,157
Senp6-203,Plut_plut2.m8.23491.m1,55.357,56,23,1,1016,1069,2774,2941,1.88e-10,66.2
Senp6-203,Plut_jamg1.model.xfSc0000271.7,33.987,153,94,3,639,791,2794,3231,1.19e-08,60.1
Senp6-203,Plut_plut2.m8.30593.m1,29.839,124,71,4,675,798,1474,1797,3.78e-08,58.2
Senp6-203,Plut_plut2.m8.16449.m1,29.630,108,60,2,693,800,1494,1769,6.73e-07,54.3
Senp7-203,Plut_plut2.m8.23491.m1,41.729,266,136,6,732,992,2186,2941,2.76e-42,169
Senp7-203,Plut_jamg1.model.xfSc0000271.7,31.655,139,91,3,729,867,2887,3291,3.49e-06,52.0
Senp7-203,Plut_plut2.m8.26190.m1,27.642,123,69,4,739,857,1699,2019,9.04e-06,50.4
Senp8-206,Plut_plut2.m8.12078.m1,44.545,220,119,3,15,233,17,670,3.27e-57,192
Senp8-206,Plut_plut2.m8.26396.m1,39.216,153,91,2,82,233,12,467,2.98e-30,118
Sumo1-201,Prus_Prusg783.t2,38.372,86,52,1,8,92,682,939,6.20e-14,65.9
Sumo1-201,Prus_25268_t,38.372,86,52,1,8,92,787,1044,7.10e-14,65.9
Sumo2-207,Prus_Prusg783.t2,42.308,78,44,1,10,86,700,933,7.56e-14,65.5
Sumo2-207,Prus_25268_t,42.308,78,44,1,10,86,805,1038,8.61e-14,65.5
Sumo3-204,Prus_Prusg783.t2,44.595,74,40,1,16,88,712,933,8.81e-14,65.9
Sumo3-204,Prus_25268_t,44.595,74,40,1,16,88,817,1038,1.01e-13,65.9
Senp1-204,Prus_35620_t,38.163,283,101,3,436,666,565,1347,7.11e-61,210
Senp1-204,Prus_Prusg9530.t1,36.905,168,79,4,464,631,4288,4710,5.42e-26,114
Senp1-204,Prus_1101_t,50.515,97,48,0,442,538,983,1273,9.81e-26,111
Senp1-204,Prus_1101_t,54.667,75,34,0,460,534,716,940,7.51e-21,96.7
Senp1-204,Prus_Prusg9918.t1,50.515,97,48,0,442,538,712,1002,1.01e-25,110
Senp1-204,Prus_Prusg9918.t1,46.316,95,51,0,440,534,385,669,1.36e-22,100
Senp1-204,Prus_14038_t,31.298,131,85,3,539,666,58,444,5.94e-16,79.7
Senp1-204,Prus_Prusg22733.t1,27.749,191,117,7,483,665,1420,1953,2.90e-12,70.5
Senp1-204,Prus_Prusg21256.t1,28.502,207,123,8,473,665,571,1158,2.01e-11,67.4
Senp1-204,Prus_Prusg16233.t1,28.477,151,97,6,486,629,2629,3069,2.93e-07,54.7
Senp2-201,Prus_35620_t,33.571,280,112,3,361,588,574,1347,4.67e-47,171
Senp2-201,Prus_Prusg9918.t1,54.255,94,43,0,367,460,721,1002,2.63e-27,114
Senp2-201,Prus_Prusg9918.t1,51.042,96,47,0,361,456,382,669,8.77e-26,110
Senp2-201,Prus_1101_t,54.255,94,43,0,367,460,992,1273,4.79e-27,115
Senp2-201,Prus_1101_t,52.381,84,40,0,373,456,689,940,1.92e-22,101
Senp2-201,Prus_Prusg9530.t1,38.889,144,58,5,413,553,4360,4710,2.76e-21,99.4
Senp2-201,Prus_14038_t,35.821,134,75,4,461,588,58,444,2.27e-17,83.6
Senp2-201,Prus_Prusg22733.t1,34.392,189,100,10,409,588,1432,1953,5.48e-16,82.0
Senp2-201,Prus_Prusg21256.t1,28.125,192,111,7,408,587,628,1158,9.38e-11,64.7
Senp2-201,Prus_Prusg16233.t1,25.166,151,100,4,408,550,2629,3066,7.25e-08,56.2
Senp3-201,Prus_35620_t,37.857,140,82,2,399,533,670,1089,5.84e-27,114
Senp3-201,Prus_1101_t,46.341,82,35,2,365,442,1043,1273,1.38e-13,73.6
Senp3-201,Prus_1101_t,44.872,78,34,2,365,438,722,940,1.10e-11,67.8
Senp3-201,Prus_Prusg9918.t1,46.341,82,35,2,365,442,772,1002,1.94e-13,72.8
Senp3-201,Prus_Prusg9918.t1,44.872,78,34,2,365,438,451,669,1.46e-11,67.0
Senp3-201,Prus_Prusg9530.t1,33.058,121,68,2,346,462,4228,4563,1.04e-12,71.6
Senp5-201,Prus_35620_t,41.429,140,77,2,580,714,670,1089,3.30e-28,119
Senp5-201,Prus_Prusg9530.t1,30.263,152,67,4,580,720,4360,4731,3.39e-12,70.9
Senp5-201,Prus_1101_t,49.231,65,29,1,563,623,1079,1273,7.06e-11,65.9
Senp5-201,Prus_1101_t,45.902,61,29,1,563,619,758,940,1.03e-08,58.9
Senp5-201,Prus_Prusg9918.t1,49.231,65,29,1,563,623,808,1002,7.91e-11,65.1
Senp5-201,Prus_Prusg9918.t1,45.902,61,29,1,563,619,487,669,1.14e-08,58.5
Senp5-201,Prus_14038_t,26.718,131,88,3,624,748,58,444,3.45e-09,59.3
Senp5-201,Prus_Prusg21256.t1,29.268,205,129,10,555,749,568,1164,4.38e-09,60.1
Senp6-203,Prus_Prusg19823.t1,43.925,107,59,1,730,836,112,429,2.60e-22,99.0
Senp6-203,Prus_Prusg19823.t1,48.864,88,43,1,1016,1101,547,810,4.31e-20,92.4
Senp6-203,Prus_35620_t,22.581,186,98,4,627,800,433,888,4.69e-06,50.8
Senp6-203,Prus_Prusg9530.t1,28.704,108,54,3,730,837,4411,4665,5.73e-06,51.2
Senp7-203,Prus_Prusg19823.t1,37.786,262,151,4,776,1035,88,843,1.11e-37,143
Senp8-206,Prus_33491_t,39.706,68,41,0,158,225,97,300,2.05e-09,53.9
Sumo1-201,Pver_TRINITY_DN62253_c0_g1_i1,48.101,79,41,0,20,98,87,323,1.25e-22,85.9
Sumo1-201,Pver_TRINITY_DN2048_c0_g1_i1,48.101,79,41,0,20,98,76,312,1.33e-22,85.5
Sumo1-201,Pver_TRINITY_DN7604_c0_g1_i1,48.718,78,40,0,20,97,88,321,1.39e-22,85.5
Sumo1-201,Pver_TRINITY_DN62839_c0_g1_i1,48.101,79,41,0,20,98,90,326,2.93e-22,85.9
Sumo1-201,Pver_TRINITY_DN10250_c0_g1_i1,38.571,70,42,1,22,90,934,1143,2.09e-09,53.5
Sumo2-207,Pver_TRINITY_DN2048_c0_g1_i1,54.545,88,40,0,6,93,46,309,4.09e-26,94.4
Sumo2-207,Pver_TRINITY_DN7604_c0_g1_i1,58.974,78,32,0,17,94,91,324,2.28e-25,92.0
Sumo2-207,Pver_TRINITY_DN62253_c0_g1_i1,59.740,77,31,0,17,93,90,320,3.22e-25,92.0
Sumo2-207,Pver_TRINITY_DN62839_c0_g1_i1,59.740,77,31,0,17,93,93,323,5.80e-25,92.8
Sumo2-207,Pver_TRINITY_DN10250_c0_g1_i1,45.333,75,40,1,13,86,919,1143,4.34e-12,60.8
Sumo3-204,Pver_TRINITY_DN2048_c0_g1_i1,59.740,77,31,0,19,95,79,309,2.16e-25,93.2
Sumo3-204,Pver_TRINITY_DN7604_c0_g1_i1,59.740,77,31,0,19,95,91,321,2.37e-25,92.8
Sumo3-204,Pver_TRINITY_DN62253_c0_g1_i1,59.740,77,31,0,19,95,90,320,3.18e-25,92.8
Sumo3-204,Pver_TRINITY_DN62839_c0_g1_i1,59.740,77,31,0,19,95,93,323,7.24e-25,93.2
Sumo3-204,Pver_TRINITY_DN10250_c0_g1_i1,47.143,70,36,1,20,88,934,1143,5.77e-12,61.6
Senp1-204,Pver_TRINITY_DN3778_c0_g1_i2,55.066,227,100,1,440,666,1433,2107,2.71e-86,288
Senp1-204,Pver_TRINITY_DN6996_c0_g1_i8,30.894,123,84,1,539,660,608,240,1.62e-14,77.4
Senp1-204,Pver_TRINITY_DN5540_c0_g1_i1,31.481,108,58,2,472,563,2243,2566,6.12e-09,60.5
Senp2-201,Pver_TRINITY_DN3778_c0_g1_i2,44.737,228,124,1,361,588,1430,2107,5.75e-67,233
Senp2-201,Pver_TRINITY_DN6996_c0_g1_i8,30.081,123,85,1,461,582,608,240,2.36e-12,70.1
Senp2-201,Pver_TRINITY_DN5540_c0_g1_i1,30.189,106,58,2,394,483,2243,2560,1.01e-08,59.3
Senp3-201,Pver_TRINITY_DN3778_c0_g1_i2,40.394,203,111,3,369,566,1511,2104,1.50e-44,169
Senp3-201,Pver_TRINITY_DN6996_c0_g1_i8,24.194,124,79,4,449,563,587,234,5.42e-07,53.1
Senp3-201,Pver_TRINITY_DN5540_c0_g1_i1,27.885,104,55,2,382,465,2249,2560,1.55e-06,52.4
Senp5-201,Pver_TRINITY_DN3778_c0_g1_i2,41.885,191,106,2,563,748,1535,2107,4.06e-40,159
Senp5-201,Pver_TRINITY_DN5540_c0_g1_i1,26.923,104,56,2,563,646,2249,2560,7.01e-06,50.4
Senp6-203,Pver_TRINITY_DN5540_c0_g1_i1,59.677,124,50,0,679,802,2201,2572,5.90e-36,149
Senp6-203,Pver_TRINITY_DN5540_c0_g1_i1,49.123,114,53,3,990,1101,2771,3103,4.67e-24,110
Senp6-203,Pver_TRINITY_DN3778_c0_g1_i2,31.092,119,64,3,684,800,1496,1804,1.92e-08,59.3
Senp7-203,Pver_TRINITY_DN5540_c0_g1_i1,44.984,309,153,7,732,1027,2198,3112,6.13e-57,216
Senp7-203,Pver_TRINITY_DN2214_c0_g2_i5,35.294,68,43,1,735,802,3237,3437,4.37e-06,52.0
Senp8-206,Pver_TRINITY_DN9611_c0_g1_i3,47.418,213,109,3,15,225,19,654,1.79e-52,178
Sumo1-201,Spis_Stylophora_pistillata_329,38.571,70,42,1,22,90,811,1020,1.70e-10,55.5
Sumo2-207,Spis_Stylophora_pistillata_329,44.000,75,41,1,13,86,796,1020,2.16e-12,60.5
Sumo3-204,Spis_Stylophora_pistillata_329,41.860,86,48,2,4,88,766,1020,1.12e-13,64.7
Senp1-204,Spis_Stylophora_pistillata_10537,53.304,227,104,1,440,666,1513,2187,1.16e-85,283
Senp1-204,Spis_Stylophora_pistillata_2879,31.481,108,58,2,472,563,604,927,5.88e-10,61.6
Senp2-201,Spis_Stylophora_pistillata_10537,43.421,228,127,1,361,588,1510,2187,2.25e-65,226
Senp2-201,Spis_Stylophora_pistillata_2879,29.245,106,59,2,394,483,604,921,1.18e-09,60.5
Senp2-201,Spis_Stylophora_pistillata_19696,26.455,189,117,10,410,584,268,810,1.94e-07,53.1
Senp2-201,Spis_Stylophora_pistillata_15996,31.646,79,46,3,410,483,1540,1767,3.77e-07,52.4
Senp3-201,Spis_Stylophora_pistillata_10537,39.409,203,113,3,369,566,1591,2184,3.31e-44,167
Senp3-201,Spis_Stylophora_pistillata_2879,27.619,105,56,2,381,465,607,921,3.12e-08,55.8
Senp5-201,Spis_Stylophora_pistillata_10537,40.838,191,108,2,563,748,1615,2187,7.30e-40,156
Senp5-201,Spis_Stylophora_pistillata_2879,27.619,105,56,2,562,646,607,921,5.20e-08,55.5
Senp6-203,Spis_Stylophora_pistillata_2879,60.465,129,51,0,678,806,559,945,1.77e-42,162
Senp6-203,Spis_Stylophora_pistillata_2879,47.899,119,57,3,985,1101,1117,1464,3.69e-26,113
Senp6-203,Spis_Stylophora_pistillata_10537,29.412,119,66,3,684,800,1576,1884,7.08e-08,56.2
Senp6-203,Spis_Stylophora_pistillata_15996,29.008,131,75,4,675,803,1444,1788,8.16e-08,55.8
Senp7-203,Spis_Stylophora_pistillata_2879,44.620,316,158,6,732,1034,559,1494,1.11e-65,229
Senp8-206,Spis_Stylophora_pistillata_3916,50.704,213,102,3,15,225,1,636,2.11e-70,214
