qseqid,sseqid,pident,length,mismatch,gapopen,qstart,qend,sstart,send,evalue,bitscore,spp,group
Hif1an-201,Adig_Acropora_digitifera_3454,27.09,299,156,10,48,298,334,1188,2.37e-18,84.7,Adig,Hif1an-201_Adig
Hif1an-201,Ahya_Acropora_hyacinthus_10318,31.25,112,55,3,206,295,4,339,6.69e-11,57,Ahya,Hif1an-201_Ahya
Hif1an-201,Amil_Acropora_millepora_7054,61.039,308,118,1,42,349,49,966,2.57e-149,424,Amil,Hif1an-201_Amil
Hif1an-201,Apal_XM_028658409.1,39.296,341,179,5,35,348,263,1282,2.62e-77,251,Apal,Hif1an-201_Apal
Hif1an-201,Apoc_chromosome_12.2362_1,59.813,321,127,1,28,348,58,1014,1.84e-151,430,Apoc,Hif1an-201_Apoc
Hif1an-201,Aque_XM_011407397.2,54.717,318,142,2,31,348,86,1033,5.41e-132,381,Aque,Hif1an-201_Aque
Hif1an-201,Cgig_G1111.4,58.176,318,130,2,32,349,28,972,1.06e-138,398,Cgig,Hif1an-201_Cgig
Hif1an-201,Emue_Em0010g680a.t1,52.564,312,147,1,28,338,67,1002,5.64e-119,348,Emue,Hif1an-201_Emue
Hif1an-201,Gasp_gasp1.m3.28489.m1,60.377,318,124,1,31,348,71,1018,7.05e-151,430,Gasp,Hif1an-201_Gasp
Hif1an-201,Gfas_gfas1.m1.17507.m1,61.745,298,111,2,53,349,196,1083,3.02e-140,405,Gfas,Hif1an-201_Gfas
Hif1an-201,Hsal_ENA_GHBP01003042_GHBP01003042.1,33.043,115,65,5,187,296,236,559,6.73e-11,61.6,Hsal,Hif1an-201_Hsal
Hif1an-201,Kiwa_ENA_GBGI01010562_GBGI01010562.1,35.78,109,66,2,189,297,933,1247,6e-16,78.2,Kiwa,Hif1an-201_Kiwa
Hif1an-201,Mcap_g48360,59.875,319,125,2,32,349,58,1008,4.91e-152,432,Mcap,Hif1an-201_Mcap
Hif1an-201,Nvec_XM_001622865.2,60.308,325,126,1,28,349,53,1027,1.92e-143,432,Nvec,Hif1an-201_Nvec
Hif1an-201,Pbac_AVPN01021097.1,27.407,135,82,6,165,298,847,1206,2.53e-6,51.2,Pbac,Hif1an-201_Pbac
Hif1an-201,Pdam_Pocillopora_damicornis_3499,39.649,285,168,3,54,335,4,855,2.65e-69,220,Pdam,Hif1an-201_Pdam
Hif1an-201,Plut_plut2.m8.28429.m1,24.922,321,176,11,28,298,576,1493,3.71e-13,70.9,Plut,Hif1an-201_Plut
Hif1an-201,Prus_36824_t,63.729,295,105,1,42,336,6,884,1.8e-148,421,Prus,Hif1an-201_Prus
Hif1an-201,Pver_TRINITY_DN4481_c0_g1_i2,40.132,304,178,3,35,335,557,1465,8.82e-72,236,Pver,Hif1an-201_Pver
Hif1an-201,Spis_Stylophora_pistillata_7212,58.879,321,130,1,28,348,58,1014,9.41e-150,425,Spis,Hif1an-201_Spis
Hr-205,Adig_Acropora_digitifera_15717,28.415,366,237,7,867,1208,1927,3021,4.82e-41,163,Adig,Hr-205_Adig
Hr-205,Ahya_Acropora_hyacinthus_8949,32.743,113,68,2,939,1044,115,450,6.09e-11,59.7,Ahya,Hr-205_Ahya
Hr-205,Amil_Acropora_millepora_516,28.415,366,237,7,867,1208,5413,6507,2.11e-40,163,Amil,Hr-205_Amil
Hr-205,Apal_XM_021045584.2,28.846,364,234,6,869,1208,4378,5466,6.93e-36,149,Apal,Hr-205_Apal
Hr-205,Apoc_chromosome_12.1991_1,28.142,366,238,7,867,1208,6250,7344,3.34e-40,163,Apoc,Hr-205_Apoc
Hr-205,Aque_XM_019994482.1,30.458,371,224,10,867,1210,3234,4325,4.37e-39,159,Aque,Hr-205_Aque
Hr-205,Cgig_G16622.2,32.891,377,214,9,867,1211,6616,7725,9.82e-44,176,Cgig,Hr-205_Cgig
Hr-205,Emue_Em0013g992a.t1,29.282,362,198,10,867,1208,2917,3888,6.1e-36,149,Emue,Hr-205_Emue
Hr-205,Gasp_gasp1.m3.6204.m1,28.846,260,169,5,964,1208,1599,2375,1.06e-26,118,Gasp,Hr-205_Gasp
Hr-205,Gfas_gfas1.m1.2774.m1,28.415,366,237,7,867,1208,6389,7483,5.68e-39,159,Gfas,Hr-205_Gfas
Hr-205,Mcap_g57202,28.142,366,238,7,867,1208,6022,7116,1.67e-38,158,Mcap,Hr-205_Mcap
Hr-205,Nvec_XM_032381413.1,28.533,368,238,7,867,1210,7363,8463,6.13e-37,154,Nvec,Hr-205_Nvec
Hr-205,Pbac_AVPN01000400.1,37.349,83,48,1,1071,1149,43619,43371,6.28e-12,72.8,Pbac,Hr-205_Pbac
Hr-205,Plut_plut2.m8.4291.m1,29.124,388,240,8,855,1208,6669,7829,1.4e-41,168,Plut,Hr-205_Plut
Hr-205,Prus_25327_t,21.583,278,187,10,460,718,3616,4413,1.24e-6,53.5,Prus,Hr-205_Prus
Hr-205,Pver_TRINITY_DN6084_c0_g1_i2,28.962,366,235,7,867,1208,6279,7373,2.23e-39,161,Pver,Hr-205_Pver
Hr-205,Spis_Stylophora_pistillata_20049,28.962,366,235,7,867,1208,1111,2205,2.56e-40,160,Spis,Hr-205_Spis
Hspbap1-202,Adig_Acropora_digitifera_14947,25.431,232,141,7,38,259,136,765,1.06e-15,76.3,Adig,Hspbap1-202_Adig
Hspbap1-202,Ahya_Acropora_hyacinthus_3285,49.718,177,85,4,191,367,1,519,3.37e-49,166,Ahya,Hspbap1-202_Ahya
Hspbap1-202,Amil_Acropora_millepora_17442,30.075,266,124,13,43,273,337,1053,4.6e-17,83.2,Amil,Hspbap1-202_Amil
Hspbap1-202,Apal_XM_028657589.1,46.758,293,147,3,28,313,78,950,1.8e-92,284,Apal,Hspbap1-202_Apal
Hspbap1-202,Apoc_chromosome_9.1605.1.5f15e8ff_1,45.981,311,157,4,29,332,73,993,2.32e-92,286,Apoc,Hspbap1-202_Apoc
Hspbap1-202,Aque_XM_003385228.3,41.875,320,151,8,24,313,67,1011,2.38e-72,238,Aque,Hspbap1-202_Aque
Hspbap1-202,Cgig_G15231.2,47.183,284,138,5,35,312,31,864,6.29e-81,261,Cgig,Hspbap1-202_Cgig
Hspbap1-202,Emue_Em0020g127a.t1,35.294,170,92,9,129,291,478,954,7.22e-15,77,Emue,Hspbap1-202_Emue
Hspbap1-202,Gasp_gasp1.m3.20930.m1,47.097,310,152,5,31,331,552,1472,7.18e-89,285,Gasp,Hspbap1-202_Gasp
Hspbap1-202,Gfas_gfas1.m1.5010.m1,40.385,312,136,6,30,332,1291,2103,9.73e-65,226,Gfas,Hspbap1-202_Gfas
Hspbap1-202,Hsal_ENA_GHBP01003042_GHBP01003042.1,35.985,264,153,8,86,344,2,760,8.18e-48,167,Hsal,Hspbap1-202_Hsal
Hspbap1-202,Kiwa_ENA_GBGI01010564_GBGI01010564.1,34.234,111,69,4,162,272,989,1309,1.6e-14,75.1,Kiwa,Hspbap1-202_Kiwa
Hspbap1-202,Mcap_g66690,27.302,315,162,15,9,285,235,1092,8.06e-16,80.5,Mcap,Hspbap1-202_Mcap
Hspbap1-202,Msqu_ENA_GHBR01003456_GHBR01003456.1,37.888,161,93,3,56,214,236,703,4.33e-34,126,Msqu,Hspbap1-202_Msqu
Hspbap1-202,Nvec_XM_032373614.1,47.518,282,144,3,34,313,114,953,3.25e-87,276,Nvec,Hspbap1-202_Nvec
Hspbap1-202,Pbac_AVPN01021097.1,36.61,295,154,12,52,341,589,1389,1.14e-43,164,Pbac,Hspbap1-202_Pbac
Hspbap1-202,Pdam_Pocillopora_damicornis_17567,52.521,238,106,4,123,360,1,693,7.69e-83,258,Pdam,Hspbap1-202_Pdam
Hspbap1-202,Plut_plut2.m8.30951.m1,28.87,239,161,2,28,259,70,780,4.07e-27,115,Plut,Hspbap1-202_Plut
Hspbap1-202,Prus_9171_t,44.38,347,178,6,28,362,76,1107,2.22e-94,293,Prus,Hspbap1-202_Prus
Hspbap1-202,Pver_TRINITY_DN446_c0_g1_i2,43.836,219,116,1,30,241,87,743,1.99e-52,191,Pver,Hspbap1-202_Pver
Hspbap1-202,Spis_Stylophora_pistillata_4348,38.525,122,67,5,154,270,976,1332,1.12e-13,72.8,Spis,Hspbap1-202_Spis
Jarid2-201,Adig_Acropora_digitifera_13011,29.574,399,229,16,816,1191,1225,2334,2.33e-37,152,Adig,Jarid2-201_Adig
Jarid2-201,Ahya_Acropora_hyacinthus_10442,33.051,118,77,2,554,670,49,399,1.03e-15,72.8,Ahya,Jarid2-201_Ahya
Jarid2-201,Amil_Acropora_millepora_14818,36.198,384,239,3,812,1194,19,1155,2.44e-74,252,Amil,Jarid2-201_Amil
Jarid2-201,Apal_XM_021060663.2,34.584,373,226,9,810,1179,3605,4678,3.29e-55,212,Apal,Jarid2-201_Apal
Jarid2-201,Apoc_chromosome_2.578_1,29.825,399,228,17,816,1191,1225,2334,5.4e-38,156,Apoc,Jarid2-201_Apoc
Jarid2-201,Aque_XM_003385922.3,30.056,356,203,12,816,1149,1212,2207,3.58e-33,140,Aque,Jarid2-201_Aque
Jarid2-201,Cgig_G29529.1,29.032,403,232,17,816,1194,1093,2211,1.11e-35,149,Cgig,Jarid2-201_Cgig
Jarid2-201,Emue_Em0001g235a.t1,29.695,394,234,15,819,1194,1060,2166,3.06e-34,144,Emue,Jarid2-201_Emue
Jarid2-201,Gasp_gasp1.m3.2509.m1,33.666,401,240,5,814,1208,2905,4047,2.34e-61,231,Gasp,Jarid2-201_Gasp
Jarid2-201,Gfas_gfas1.m1.14682.m1,29.574,399,229,16,816,1191,1096,2205,1.69e-38,157,Gfas,Jarid2-201_Gfas
Jarid2-201,Kiwa_ENA_GBGI01008657_GBGI01008657.1,31.1,209,129,6,843,1038,1016,1636,9.9899999999999993e-24,107,Kiwa,Jarid2-201_Kiwa
Jarid2-201,Mcap_g45329,29.825,399,228,16,816,1191,1237,2346,7.23e-39,159,Mcap,Jarid2-201_Mcap
Jarid2-201,Nvec_XM_001638492.2,32.687,361,222,6,812,1169,3425,4453,2.28e-51,200,Nvec,Jarid2-201_Nvec
Jarid2-201,Pbac_AVPN01001128.1,28.622,283,185,7,815,1086,23749,24579,3.19e-25,116,Pbac,Jarid2-201_Pbac
Jarid2-201,Pdam_Pocillopora_damicornis_20019,31.053,190,115,5,1009,1194,1,534,6.68e-17,79,Pdam,Jarid2-201_Pdam
Jarid2-201,Plut_plut2.m8.24384.m1,36.176,387,239,4,814,1198,4525,5667,1.19e-71,265,Plut,Jarid2-201_Plut
Jarid2-201,Prus_22733_t,34.165,401,243,4,814,1198,3982,5169,4.63e-67,249,Prus,Jarid2-201_Prus
Jarid2-201,Pver_TRINITY_DN4423_c0_g1_i1,29.574,399,229,16,816,1191,1363,2472,3.97e-39,160,Pver,Jarid2-201_Pver
Jarid2-201,Spis_Stylophora_pistillata_9710,29.851,402,224,17,816,1191,1258,2367,6.38e-39,158,Spis,Jarid2-201_Spis
Jmjd6-201,Adig_Acropora_digitifera_15738,66.568,338,113,0,1,338,1,1014,1.34e-175,495,Adig,Jmjd6-201_Adig
Jmjd6-201,Ahya_Acropora_hyacinthus_7697,75.843,178,43,0,142,319,10,543,8.86e-101,295,Ahya,Jmjd6-201_Ahya
Jmjd6-201,Amil_Acropora_millepora_12427,66.568,338,113,0,1,338,1,1014,3.96e-175,494,Amil,Jmjd6-201_Amil
Jmjd6-201,Apal_XM_021042723.2,72.917,240,65,0,99,338,2,721,7.84e-130,380,Apal,Jmjd6-201_Apal
Jmjd6-201,Apoc_chromosome_14.538_1,67.16,338,111,0,1,338,1,1014,4.67e-175,495,Apoc,Jmjd6-201_Apoc
Jmjd6-201,Aque_XM_003382525.3,64.095,337,121,0,2,338,64,1074,2.64e-165,472,Aque,Jmjd6-201_Aque
Jmjd6-201,Cgig_G3998.4,67.257,339,110,1,1,338,1,1017,6.55e-178,503,Cgig,Jmjd6-201_Cgig
Jmjd6-201,Emue_Em0017g98a.t1,63.905,338,122,0,1,338,2251,3264,1.11e-157,473,Emue,Jmjd6-201_Emue
Jmjd6-201,Gasp_gasp1.m3.10092.m1,68.896,299,93,0,19,317,709,1605,1.21e-155,451,Gasp,Jmjd6-201_Gasp
Jmjd6-201,Gfas_gfas1.m1.19537.m1,66.272,338,114,0,1,338,148,1161,6.1e-172,490,Gfas,Jmjd6-201_Gfas
Jmjd6-201,Mcap_g44636,31.641,256,138,10,55,294,292,996,9.5e-33,128,Mcap,Jmjd6-201_Mcap
Jmjd6-201,Nvec_XM_001633036.2,65.487,339,117,0,1,339,158,1174,5.62e-168,487,Nvec,Jmjd6-201_Nvec
Jmjd6-201,Pbac_AVPN01021440.1,29.221,154,97,3,150,298,907,467,1.24e-10,65.1,Pbac,Jmjd6-201_Pbac
Jmjd6-201,Pdam_Pocillopora_damicornis_8873,57.31,171,73,0,1,171,1,513,9.83e-66,206,Pdam,Jmjd6-201_Pdam
Jmjd6-201,Plut_plut2.m8.15359.m1,66.864,338,112,0,1,338,163,1176,5.57e-168,491,Plut,Jmjd6-201_Plut
Jmjd6-201,Prus_26652_t,62.609,230,86,0,1,230,1,690,1.49e-103,308,Prus,Jmjd6-201_Prus
Jmjd6-201,Pver_TRINITY_DN3061_c0_g1_i2,66.568,338,113,0,1,338,133,1146,7.16e-169,489,Pver,Jmjd6-201_Pver
Jmjd6-201,Spis_Stylophora_pistillata_4348,26.042,288,188,10,43,318,598,1422,1.1e-17,84.3,Spis,Jmjd6-201_Spis
Jmjd7-201,Adig_Acropora_digitifera_3454,28.028,289,171,8,36,293,340,1188,1.39e-33,126,Adig,Jmjd7-201_Adig
Jmjd7-201,Ahya_Acropora_hyacinthus_10318,29.592,98,66,2,185,280,4,294,3.58e-12,60.5,Ahya,Jmjd7-201_Ahya
Jmjd7-201,Amil_Acropora_millepora_22700,57.525,299,120,1,20,311,91,987,2.99e-135,387,Amil,Jmjd7-201_Amil
Jmjd7-201,Apal_XM_021045248.2,47.493,339,131,2,20,311,243,1259,1.08e-112,340,Apal,Jmjd7-201_Apal
Jmjd7-201,Apoc_chromosome_3.1497_1,58.361,305,119,1,20,316,52,966,5.91e-138,394,Apoc,Jmjd7-201_Apoc
Jmjd7-201,Aque_XM_003387619.2,29.195,298,173,8,41,306,563,1438,1.21e-38,143,Aque,Jmjd7-201_Aque
Jmjd7-201,Cgig_G20358.7,52.862,297,139,1,14,310,46,933,1.67e-120,364,Cgig,Jmjd7-201_Cgig
Jmjd7-201,Emue_Em0019g342a.t1,27.881,269,146,12,50,302,73,783,3.57e-16,78.2,Emue,Jmjd7-201_Emue
Jmjd7-201,Gasp_gasp1.m3.12988.m1,59.197,299,114,1,20,310,52,948,6.54e-137,391,Gasp,Jmjd7-201_Gasp
Jmjd7-201,Gfas_gfas1.m1.15456.m1,58.249,297,119,1,20,311,52,942,1.03e-135,388,Gfas,Jmjd7-201_Gfas
Jmjd7-201,Hsal_ENA_GHBP01003042_GHBP01003042.1,23.404,141,88,3,158,297,212,577,5.79e-6,46.2,Hsal,Jmjd7-201_Hsal
Jmjd7-201,Kiwa_ENA_GBGI01010562_GBGI01010562.1,23.735,257,138,11,50,292,609,1247,1.78e-12,67.4,Kiwa,Jmjd7-201_Kiwa
Jmjd7-201,Mcap_adi2mcaRNA9303_R0,56.04,298,124,1,20,310,1702,2595,9.07e-126,380,Mcap,Jmjd7-201_Mcap
Jmjd7-201,Msqu_ENA_GHBR01011168_GHBR01011168.1,27.059,170,94,6,51,206,682,1143,1.48e-10,59.3,Msqu,Jmjd7-201_Msqu
Jmjd7-201,Nvec_XM_001626477.2,27.74,292,173,9,36,293,676,1539,9.01e-34,131,Nvec,Jmjd7-201_Nvec
Jmjd7-201,Pbac_AVPN01001357.1,25.758,264,142,11,26,281,22506,23159,7.81e-16,80.5,Pbac,Jmjd7-201_Pbac
Jmjd7-201,Pdam_Pocillopora_damicornis_24815,23.868,243,143,7,37,279,82,684,1.17e-15,75.5,Pdam,Jmjd7-201_Pdam
Jmjd7-201,Plut_plut2.m8.15880.m1,57.333,300,119,1,20,310,52,951,3.43e-133,382,Plut,Jmjd7-201_Plut
Jmjd7-201,Prus_8911_t,56.667,300,121,1,20,310,52,951,2.52e-131,377,Prus,Jmjd7-201_Prus
Jmjd7-201,Pver_TRINITY_DN16095_c0_g2_i2,56.187,299,123,1,20,310,90,986,2.83e-129,378,Pver,Jmjd7-201_Pver
Jmjd7-201,Spis_Stylophora_pistillata_3641,58.194,299,117,2,20,310,13,909,1.56e-133,381,Spis,Jmjd7-201_Spis
Jmjd8-201,Adig_Acropora_digitifera_15738,24.335,263,156,13,35,267,106,855,2.58e-9,56.2,Adig,Jmjd8-201_Adig
Jmjd8-201,Ahya_Acropora_hyacinthus_7697,27.869,122,67,5,161,267,94,441,3.65e-8,49.7,Ahya,Jmjd8-201_Ahya
Jmjd8-201,Amil_Acropora_millepora_12427,24.335,263,156,13,35,267,106,855,4.04e-9,56.2,Amil,Jmjd8-201_Amil
Jmjd8-201,Apal_XM_021043701.1,23.552,259,161,8,43,267,44,811,2.81e-9,58.2,Apal,Jmjd8-201_Apal
Jmjd8-201,Apoc_chromosome_14.538_1,24.46,278,159,13,28,267,61,855,1.08e-9,58.9,Apoc,Jmjd8-201_Apoc
Jmjd8-201,Aque_XM_003382525.3,24.908,273,164,13,28,267,121,915,5.35e-11,62.8,Aque,Jmjd8-201_Aque
Jmjd8-201,Cgig_G1242.1,57.028,249,102,2,25,271,76,813,9.77e-104,304,Cgig,Jmjd8-201_Cgig
Jmjd8-201,Emue_Em0017g98a.t1,24.275,276,162,13,28,267,2311,3105,4.03e-8,54.7,Emue,Jmjd8-201_Emue
Jmjd8-201,Gasp_gasp1.m3.10092.m1,24.46,278,159,13,28,267,715,1509,3.48e-10,60.5,Gasp,Jmjd8-201_Gasp
Jmjd8-201,Gfas_gfas1.m1.19537.m1,26.937,271,157,13,30,267,214,1002,1.46e-11,64.3,Gfas,Jmjd8-201_Gfas
Jmjd8-201,Kiwa_ENA_GBGI01010562_GBGI01010562.1,28.235,85,53,2,185,269,1014,1244,6.82e-6,46.6,Kiwa,Jmjd8-201_Kiwa
Jmjd8-201,Mcap_g27874,24.609,256,130,11,47,264,610,1302,1.56e-9,58.9,Mcap,Jmjd8-201_Mcap
Jmjd8-201,Nvec_XM_001633036.2,26.667,240,138,13,58,267,317,1012,5.07e-10,60.8,Nvec,Jmjd8-201_Nvec
Jmjd8-201,Pdam_Pocillopora_damicornis_17567,28.704,108,64,3,176,270,127,450,7.18e-9,54.3,Pdam,Jmjd8-201_Pdam
Jmjd8-201,Plut_plut2.m8.15359.m1,25.417,240,141,11,58,267,322,1017,1.03e-9,59.3,Plut,Jmjd8-201_Plut
Jmjd8-201,Prus_9171_t,32.11,109,59,3,176,270,508,831,3.13e-11,63.5,Prus,Jmjd8-201_Prus
Jmjd8-201,Pver_TRINITY_DN3061_c0_g1_i2,25.641,273,162,13,28,267,193,987,8.83e-10,59.7,Pver,Jmjd8-201_Pver
Jmjd8-201,Spis_Stylophora_pistillata_7003,26.891,119,70,3,161,267,301,642,2.96e-7,50.1,Spis,Jmjd8-201_Spis
Kdm1a-202,Adig_Acropora_digitifera_7962,69.086,689,188,6,195,859,388,2451,0,932,Adig,Kdm1a-202_Adig
Kdm1a-202,Ahya_Acropora_hyacinthus_4838,58.559,222,76,2,200,405,148,813,4.47e-76,246,Ahya,Kdm1a-202_Ahya
Kdm1a-202,Amil_Acropora_millepora_7073,69.376,689,186,6,195,859,388,2451,0,937,Amil,Kdm1a-202_Amil
Kdm1a-202,Apal_XM_028658593.1,55.809,482,126,7,391,870,979,2169,3.89e-160,498,Apal,Kdm1a-202_Apal
Kdm1a-202,Apoc_chromosome_10.2144_1,66.475,695,172,7,195,863,394,2373,0,881,Apoc,Kdm1a-202_Apoc
Kdm1a-202,Aque_XM_019993198.1,54.185,681,300,7,195,871,334,2352,0,689,Aque,Kdm1a-202_Aque
Kdm1a-202,Cgig_G18520.9,75.294,680,153,4,195,865,325,2346,0,1000,Cgig,Kdm1a-202_Cgig
Kdm1a-202,Emue_Em0022g12a.t1,54.29,676,301,4,195,867,217,2229,0,686,Emue,Kdm1a-202_Emue
Kdm1a-202,Gasp_gasp1.m3.23144.m1,67.401,681,197,7,195,863,528,2531,0,869,Gasp,Kdm1a-202_Gasp
Kdm1a-202,Gfas_gfas1.m1.19776.m1,68.895,688,191,4,195,859,19,2082,0,917,Gfas,Kdm1a-202_Gfas
Kdm1a-202,Mcap_g28771,69.231,689,187,5,195,859,181,2244,0,926,Mcap,Kdm1a-202_Mcap
Kdm1a-202,Nvec_XM_032382261.1,63.405,787,232,7,112,863,262,2559,0,927,Nvec,Kdm1a-202_Nvec
Kdm1a-202,Pbac_AVPN01000125.1,48.374,246,55,2,682,855,71058,71795,1.93e-63,199,Pbac,Kdm1a-202_Pbac
Kdm1a-202,Pdam_Pocillopora_damicornis_24099,73.153,406,100,3,466,863,4,1218,0,571,Pdam,Kdm1a-202_Pdam
Kdm1a-202,Plut_plut2.m8.2899.m1,69.521,689,185,5,195,859,510,2573,0,924,Plut,Kdm1a-202_Plut
Kdm1a-202,Prus_1205_t,69.622,688,185,5,195,859,391,2451,0,928,Prus,Kdm1a-202_Prus
Kdm1a-202,Pver_TRINITY_DN1220_c0_g1_i1,69.33,701,189,6,195,871,537,2633,0,934,Pver,Kdm1a-202_Pver
Kdm1a-202,Spis_Stylophora_pistillata_6270,70.187,587,156,4,195,763,178,1935,0,820,Spis,Kdm1a-202_Spis
Kdm1b-201,Adig_Acropora_digitifera_12670,45.823,814,395,9,26,826,52,2394,0,726,Adig,Kdm1b-201_Adig
Kdm1b-201,Ahya_Acropora_hyacinthus_4838,31.868,182,111,5,303,479,199,720,6.29e-15,73.2,Ahya,Kdm1b-201_Ahya
Kdm1b-201,Amil_Acropora_millepora_4646,45.721,818,398,9,20,824,10,2364,0,722,Amil,Kdm1b-201_Amil
Kdm1b-201,Apal_XM_021043766.2,45.302,596,284,11,19,607,189,1871,1.87e-159,502,Apal,Kdm1b-201_Apal
Kdm1b-201,Apoc_chromosome_8.2491_1,41.134,829,395,13,26,807,25,2373,0,619,Apoc,Kdm1b-201_Apoc
Kdm1b-201,Aque_XM_019994698.1,37.911,852,454,18,25,823,190,2679,1.35e-179,541,Aque,Kdm1b-201_Aque
Kdm1b-201,Cgig_G6376.1,44.242,825,400,12,23,823,16,2382,0,688,Cgig,Kdm1b-201_Cgig
Kdm1b-201,Emue_Em0005g1571a.t1,40.223,808,425,13,51,823,73,2427,0,577,Emue,Kdm1b-201_Emue
Kdm1b-201,Gasp_gasp1.m3.5518.m1,44.159,856,388,14,26,826,43,2505,0,694,Gasp,Kdm1b-201_Gasp
Kdm1b-201,Gfas_gfas1.m1.7712.m1,51.981,429,195,3,405,825,1115,2392,4.75e-149,462,Gfas,Kdm1b-201_Gfas
Kdm1b-201,Mcap_g41066,47.355,794,371,10,45,825,88,2367,0,714,Mcap,Kdm1b-201_Mcap
Kdm1b-201,Nvec_XM_032370349.1,45.902,793,385,11,42,823,380,2659,0,707,Nvec,Kdm1b-201_Nvec
Kdm1b-201,Pbac_AVPN01000125.1,26.971,241,88,4,667,823,71058,71768,3.21e-16,85.9,Pbac,Kdm1b-201_Pbac
Kdm1b-201,Pdam_Pocillopora_damicornis_24099,33.851,322,181,6,530,824,220,1170,4.14e-55,194,Pdam,Kdm1b-201_Pdam
Kdm1b-201,Plut_plut2.m8.25369.m1,45.956,816,390,12,26,825,274,2616,0,711,Plut,Kdm1b-201_Plut
Kdm1b-201,Prus_17416_t,39.28,611,301,9,26,629,25,1668,1.6e-137,424,Prus,Kdm1b-201_Prus
Kdm1b-201,Pver_TRINITY_DN3938_c0_g1_i5,44.506,719,353,11,14,725,107,2146,0,568,Pver,Kdm1b-201_Pver
Kdm1b-201,Spis_Stylophora_pistillata_9648,25.346,434,291,10,405,824,136,1380,3.65e-33,133,Spis,Kdm1b-201_Spis
Kdm2a-201,Adig_Acropora_digitifera_16619,55.891,331,141,3,12,341,25,1005,1.21e-121,392,Adig,Kdm2a-201_Adig
Kdm2a-201,Ahya_Acropora_hyacinthus_4706,57.233,318,131,3,12,328,25,966,2.37e-121,374,Ahya,Kdm2a-201_Ahya
Kdm2a-201,Amil_Acropora_millepora_4939,55.589,331,142,3,12,341,67,1047,4.25e-121,392,Amil,Kdm2a-201_Amil
Kdm2a-201,Apal_XM_021047219.2,43.388,673,334,13,35,697,219,2126,9.1e-153,497,Apal,Kdm2a-201_Apal
Kdm2a-201,Apoc_chromosome_4.1395.1.5f15e4eb_1,55.718,341,145,4,12,350,25,1035,1.16e-119,397,Apoc,Kdm2a-201_Apoc
Kdm2a-201,Aque_XM_011406316.2,46.774,310,159,2,37,340,399,1328,3.58e-86,304,Aque,Kdm2a-201_Aque
Kdm2a-201,Cgig_G21633.5,62.857,350,125,2,1,350,1,1035,1.61e-141,462,Cgig,Kdm2a-201_Cgig
Kdm2a-201,Emue_Em0001g106a.t1,45.695,302,140,5,49,336,310,1185,8.55e-77,271,Emue,Kdm2a-201_Emue
Kdm2a-201,Gasp_gasp1.m3.10175.m1,51.047,382,173,6,12,391,161,1270,1.19e-118,395,Gasp,Kdm2a-201_Gasp
Kdm2a-201,Gfas_gfas1.m1.23337.m1,56.97,330,137,3,12,340,133,1110,3.15e-118,395,Gfas,Kdm2a-201_Gfas
Kdm2a-201,Mcap_g45319,41.916,334,179,5,37,368,256,1218,1.61e-73,270,Mcap,Kdm2a-201_Mcap
Kdm2a-201,Nvec_XM_032382429.1,42.898,697,350,11,14,684,136,2160,1.56e-157,507,Nvec,Kdm2a-201_Nvec
Kdm2a-201,Pbac_AVPN01003847.1,22.436,312,231,5,39,348,6187,7095,1.15e-22,107,Pbac,Kdm2a-201_Pbac
Kdm2a-201,Pdam_Pocillopora_damicornis_19731,38.182,110,53,6,1049,1150,730,1038,1.12e-8,57,Pdam,Kdm2a-201_Pdam
Kdm2a-201,Plut_plut2.m8.15420.m1,56.798,331,138,3,12,341,102,1082,1.2e-115,395,Plut,Kdm2a-201_Plut
Kdm2a-201,Prus_10519_t,55.019,269,89,2,103,341,148,948,3.74e-92,314,Prus,Kdm2a-201_Prus
Kdm2a-201,Pver_TRINITY_DN5168_c0_g1_i2,41.018,334,182,4,37,368,267,1229,1.41e-73,266,Pver,Kdm2a-201_Pver
Kdm2a-201,Spis_Stylophora_pistillata_1194,38.879,571,259,17,202,708,1,1635,3.11e-100,328,Spis,Kdm2a-201_Spis
Kdm2b-202,Adig_Acropora_digitifera_16619,42.559,719,366,14,1,695,1,2088,9.83e-179,547,Adig,Kdm2b-202_Adig
Kdm2b-202,Ahya_Acropora_hyacinthus_4706,58.841,328,128,4,1,327,1,966,3.33e-130,400,Ahya,Kdm2b-202_Ahya
Kdm2b-202,Amil_Acropora_millepora_4939,53.704,378,161,6,1,370,43,1158,4.35e-131,422,Amil,Kdm2b-202_Amil
Kdm2b-202,Apal_XM_021037150.1,37.673,361,178,7,9,335,190,1233,5.49e-64,237,Apal,Kdm2b-202_Apal
Kdm2b-202,Apoc_chromosome_4.1395.1.5f15e4eb_1,53.973,365,154,5,1,364,1,1056,4.98e-126,418,Apoc,Kdm2b-202_Apoc
Kdm2b-202,Aque_XM_019996418.1,42.342,333,176,4,9,339,235,1191,1.33e-78,274,Aque,Kdm2b-202_Aque
Kdm2b-202,Cgig_G21633.4,60.172,349,135,2,1,349,40,1074,1.46e-140,453,Cgig,Kdm2b-202_Cgig
Kdm2b-202,Emue_Em0001g106a.t1,42.982,342,167,7,9,335,199,1185,4.18e-76,270,Emue,Kdm2b-202_Emue
Kdm2b-202,Gasp_gasp1.m3.10175.m1,53.973,365,154,5,1,364,137,1192,1.22e-124,415,Gasp,Kdm2b-202_Gasp
Kdm2b-202,Gfas_gfas1.m1.11086.m1,38.968,349,174,7,9,334,199,1197,1.29e-72,250,Gfas,Kdm2b-202_Gfas
Kdm2b-202,Mcap_g48416,56.598,341,141,4,1,340,1,1005,3.45e-129,417,Mcap,Kdm2b-202_Mcap
Kdm2b-202,Nvec_XM_032382430.1,58.092,346,139,3,1,345,106,1128,1.04e-129,435,Nvec,Kdm2b-202_Nvec
Kdm2b-202,Pbac_AVPN01003847.1,22.456,285,212,3,64,348,6271,7098,9.43e-21,101,Pbac,Kdm2b-202_Pbac
Kdm2b-202,Pdam_Pocillopora_damicornis_14117,26.549,226,123,10,1102,1285,442,1116,8.08e-6,48.1,Pdam,Kdm2b-202_Pdam
Kdm2b-202,Plut_plut2.m8.15420.m1,54.076,368,155,5,1,367,78,1142,1.96e-122,419,Plut,Kdm2b-202_Plut
Kdm2b-202,Prus_10519_t,46.214,383,122,7,16,367,19,1008,1.05e-100,340,Prus,Kdm2b-202_Prus
Kdm2b-202,Pver_TRINITY_DN2651_c0_g1_i8,55.491,346,147,4,1,345,107,1126,1.33e-120,414,Pver,Kdm2b-202_Pver
Kdm2b-202,Spis_Stylophora_pistillata_16106,41.896,327,179,3,9,335,172,1119,1.27e-76,273,Spis,Kdm2b-202_Spis
Kdm3a-201,Adig_Acropora_digitifera_15717,43.891,843,401,19,526,1317,565,3030,0,646,Adig,Kdm3a-201_Adig
Kdm3a-201,Ahya_Acropora_hyacinthus_8949,60.256,156,59,2,986,1141,4,462,1.02e-61,205,Ahya,Kdm3a-201_Ahya
Kdm3a-201,Amil_Acropora_millepora_516,43.891,843,401,19,526,1317,4051,6516,0,647,Amil,Kdm3a-201_Amil
Kdm3a-201,Apal_XM_021045584.2,55.155,388,169,3,935,1320,4330,5484,9.61e-132,449,Apal,Kdm3a-201_Apal
Kdm3a-201,Apoc_chromosome_12.1991_1,59.259,378,149,3,942,1317,6229,7353,1.79e-139,473,Apoc,Kdm3a-201_Apoc
Kdm3a-201,Aque_XM_019994482.1,52.77,379,173,5,939,1316,3204,4325,8.67e-121,412,Aque,Kdm3a-201_Aque
Kdm3a-201,Cgig_G16622.2,45.052,859,394,14,520,1317,5200,7725,0,712,Cgig,Kdm3a-201_Cgig
Kdm3a-201,Emue_Em0013g992a.t1,51.938,387,144,2,929,1315,2857,3891,1.97e-121,409,Emue,Kdm3a-201_Emue
Kdm3a-201,Gasp_gasp1.m3.6204.m1,62.545,275,99,2,1045,1317,1566,2384,3.03e-108,361,Gasp,Kdm3a-201_Gasp
Kdm3a-201,Gfas_gfas1.m1.2774.m1,58.886,377,150,3,940,1314,6362,7483,3.46e-138,469,Gfas,Kdm3a-201_Gfas
Kdm3a-201,Mcap_g57202,58.421,380,153,3,940,1317,5995,7125,3.72e-141,478,Mcap,Kdm3a-201_Mcap
Kdm3a-201,Nvec_XM_032381413.1,56.477,386,163,3,939,1322,7333,8481,5.75e-134,457,Nvec,Kdm3a-201_Nvec
Kdm3a-201,Pbac_AVPN01000400.1,45.128,195,55,1,1156,1298,43664,43080,1.79e-39,163,Pbac,Kdm3a-201_Pbac
Kdm3a-201,Plut_plut2.m8.4291.m1,56.724,409,167,5,919,1320,6630,7847,1.27e-138,471,Plut,Kdm3a-201_Plut
Kdm3a-201,Prus_25327_t,41.985,262,137,6,498,754,3655,4410,3.91e-50,196,Prus,Kdm3a-201_Prus
Kdm3a-201,Pver_TRINITY_DN6084_c0_g1_i2,58.311,379,153,3,941,1317,6255,7382,9.46e-138,468,Pver,Kdm3a-201_Pver
Kdm3a-201,Spis_Stylophora_pistillata_20049,56.391,399,168,4,919,1314,1018,2205,2.69e-147,464,Spis,Kdm3a-201_Spis
Kdm3b-201,Adig_Acropora_digitifera_15717,61.741,379,139,3,1383,1758,1909,3036,1.98e-155,503,Adig,Kdm3b-201_Adig
Kdm3b-201,Ahya_Acropora_hyacinthus_8949,61.935,155,57,1,1428,1582,10,468,3.33e-62,206,Ahya,Kdm3b-201_Ahya
Kdm3b-201,Amil_Acropora_millepora_516,61.68,381,140,3,1383,1760,5395,6528,1.48e-147,504,Amil,Kdm3b-201_Amil
Kdm3b-201,Apal_XM_021045584.2,56.992,379,159,2,1383,1759,4354,5484,2.36e-135,469,Apal,Kdm3b-201_Apal
Kdm3b-201,Apoc_chromosome_12.1991_1,62.599,377,135,3,1383,1756,6232,7353,3.57e-148,508,Apoc,Kdm3b-201_Apoc
Kdm3b-201,Aque_XM_019994482.1,54.424,373,163,6,1383,1753,3216,4319,4.86e-116,404,Aque,Kdm3b-201_Aque
Kdm3b-201,Cgig_G16622.2,45.686,904,393,19,889,1756,5200,7725,0,734,Cgig,Kdm3b-201_Cgig
Kdm3b-201,Emue_Em0013g992a.t1,53.619,373,130,3,1383,1754,2899,3891,1.75e-117,405,Emue,Kdm3b-201_Emue
Kdm3b-201,Gasp_gasp1.m3.6204.m1,50.343,437,149,9,1383,1756,1089,2384,1.04e-124,412,Gasp,Kdm3b-201_Gasp
Kdm3b-201,Gfas_gfas1.m1.2774.m1,62.234,376,136,3,1383,1755,6371,7489,1.55e-144,498,Gfas,Kdm3b-201_Gfas
Kdm3b-201,Mcap_g57202,62.069,377,137,3,1383,1756,6004,7125,4.05e-148,508,Mcap,Kdm3b-201_Mcap
Kdm3b-201,Nvec_XM_032381413.1,59.893,374,144,3,1383,1753,7345,8457,9.72e-139,481,Nvec,Kdm3b-201_Nvec
Kdm3b-201,Pbac_AVPN01000400.1,45.128,195,55,1,1595,1737,43664,43080,1.85e-38,160,Pbac,Kdm3b-201_Pbac
Kdm3b-201,Plut_plut2.m8.4291.m1,61.697,389,141,4,1377,1760,6693,7850,7.52e-145,499,Plut,Kdm3b-201_Plut
Kdm3b-201,Prus_25327_t,43.29,231,119,5,899,1127,3745,4407,1.4e-49,195,Prus,Kdm3b-201_Prus
Kdm3b-201,Pver_TRINITY_DN6084_c0_g1_i2,59.512,410,157,5,1353,1756,6162,7382,2.2e-148,510,Pver,Kdm3b-201_Pver
Kdm3b-201,Spis_Stylophora_pistillata_20049,58.612,418,161,6,1347,1755,967,2211,3.04e-158,502,Spis,Kdm3b-201_Spis
Kdm3c-Jmjd1c-211,Adig_Acropora_digitifera_15717,45.714,385,202,5,2144,2524,1891,3036,4.84e-104,359,Adig,Kdm3c-Jmjd1c-211_Adig
Kdm3c-Jmjd1c-211,Ahya_Acropora_hyacinthus_8949,45.513,156,82,2,2193,2347,4,465,4.31e-42,149,Ahya,Kdm3c-Jmjd1c-211_Ahya
Kdm3c-Jmjd1c-211,Amil_Acropora_millepora_516,45.714,385,202,5,2144,2524,5377,6522,1.08e-99,359,Amil,Kdm3c-Jmjd1c-211_Amil
Kdm3c-Jmjd1c-211,Apal_XM_021045584.2,42.894,387,214,5,2149,2531,4351,5502,1.97e-92,337,Apal,Kdm3c-Jmjd1c-211_Apal
Kdm3c-Jmjd1c-211,Apoc_chromosome_12.1991_1,45.932,381,199,5,2148,2524,6226,7359,4.25e-101,365,Apoc,Kdm3c-Jmjd1c-211_Apoc
Kdm3c-Jmjd1c-211,Aque_XM_019994482.1,43.896,385,190,8,2147,2519,3207,4319,8.04e-86,313,Aque,Kdm3c-Jmjd1c-211_Aque
Kdm3c-Jmjd1c-211,Cgig_G16622.2,41.391,877,432,18,1697,2524,5200,7731,0,637,Cgig,Kdm3c-Jmjd1c-211_Cgig
Kdm3c-Jmjd1c-211,Emue_Em0013g993a.t1,31.117,376,181,12,2149,2519,3400,4308,2.65e-33,142,Emue,Kdm3c-Jmjd1c-211_Emue
Kdm3c-Jmjd1c-211,Gasp_gasp1.m3.6204.m1,48.201,278,138,4,2250,2524,1566,2390,8.04e-76,271,Gasp,Kdm3c-Jmjd1c-211_Gasp
Kdm3c-Jmjd1c-211,Gfas_gfas1.m1.2774.m1,36.311,862,484,20,1707,2521,4958,7489,3.61e-143,502,Gfas,Kdm3c-Jmjd1c-211_Gfas
Kdm3c-Jmjd1c-211,Mcap_g57202,45.669,381,202,4,2147,2524,5995,7131,2.08e-99,360,Mcap,Kdm3c-Jmjd1c-211_Mcap
Kdm3c-Jmjd1c-211,Nvec_XM_032381413.1,43.377,385,208,6,2149,2529,7342,8478,1.35e-93,342,Nvec,Kdm3c-Jmjd1c-211_Nvec
Kdm3c-Jmjd1c-211,Pbac_AVPN01000400.1,33.163,196,78,2,2361,2503,43667,43080,7.12e-24,113,Pbac,Kdm3c-Jmjd1c-211_Pbac
Kdm3c-Jmjd1c-211,Plut_plut2.m8.4291.m1,45.361,388,205,5,2147,2530,6708,7862,1.13e-97,354,Plut,Kdm3c-Jmjd1c-211_Plut
Kdm3c-Jmjd1c-211,Prus_25327_t,37.793,299,146,8,8,272,22,900,4.16e-45,181,Prus,Kdm3c-Jmjd1c-211_Prus
Kdm3c-Jmjd1c-211,Pver_TRINITY_DN6084_c0_g1_i2,37.199,871,477,22,1707,2527,4845,7397,2.26e-149,522,Pver,Kdm3c-Jmjd1c-211_Pver
Kdm3c-Jmjd1c-211,Spis_Stylophora_pistillata_20049,36.243,756,414,18,1812,2521,10,2211,9.98e-138,450,Spis,Kdm3c-Jmjd1c-211_Spis
Kdm4a-203,Adig_Acropora_digitifera_11378,38.119,404,229,6,640,1023,1336,2544,8.8e-79,275,Adig,Kdm4a-203_Adig
Kdm4a-203,Ahya_Acropora_hyacinthus_4598,34.234,111,71,2,758,867,70,399,1.41e-14,71.2,Ahya,Kdm4a-203_Ahya
Kdm4a-203,Amil_Acropora_millepora_4108,36.842,342,197,5,640,962,1336,2361,3.99e-62,226,Amil,Kdm4a-203_Amil
Kdm4a-203,Apal_XM_021037814.2,38.78,410,217,7,640,1023,1595,2800,5.19e-80,287,Apal,Kdm4a-203_Apal
Kdm4a-203,Apoc_chromosome_3.1635_1,35.464,485,261,9,554,1023,1177,2520,6.97e-83,288,Apoc,Kdm4a-203_Apoc
Kdm4a-203,Aque_XM_003385922.3,33.607,244,134,5,89,304,1209,1940,1.06e-33,141,Aque,Kdm4a-203_Aque
Kdm4a-203,Cgig_G2576.1,40.494,405,220,8,638,1030,4378,5565,1.81e-83,299,Cgig,Kdm4a-203_Cgig
Kdm4a-203,Emue_Em0011g1184a.t1,61.671,347,115,1,21,367,1,987,4.99e-157,478,Emue,Kdm4a-203_Emue
Kdm4a-203,Gasp_gasp1.m3.7266.m1,34.747,495,280,12,554,1023,1397,2827,4.48e-75,272,Gasp,Kdm4a-203_Gasp
Kdm4a-203,Gfas_gfas1.m1.540.m1,39.163,406,222,7,640,1023,1500,2708,7.38e-81,286,Gfas,Kdm4a-203_Gfas
Kdm4a-203,Kiwa_ENA_GBGI01008657_GBGI01008657.1,31.203,266,145,8,88,321,923,1702,1.31e-29,126,Kiwa,Kdm4a-203_Kiwa
Kdm4a-203,Mcap_g62857,38.142,409,222,7,640,1023,1327,2535,1.7e-76,271,Mcap,Kdm4a-203_Mcap
Kdm4a-203,Msqu_ENA_GHBR01000470_GHBR01000470.1,38.129,139,80,3,731,868,236,637,4.8e-27,113,Msqu,Kdm4a-203_Msqu
Kdm4a-203,Nvec_XM_032374850.1,63.272,324,117,2,13,336,201,1166,1.53e-152,469,Nvec,Kdm4a-203_Nvec
Kdm4a-203,Pbac_AVPN01018405.1,58.75,80,32,1,147,225,3552,3791,2.75e-21,102,Pbac,Kdm4a-203_Pbac
Kdm4a-203,Pdam_Pocillopora_damicornis_15303,31.544,149,96,3,148,296,25,453,7.1e-19,83.2,Pdam,Kdm4a-203_Pdam
Kdm4a-203,Plut_plut2.m8.30009.m1,40.597,335,178,7,704,1023,1292,2278,2.73e-67,248,Plut,Kdm4a-203_Plut
Kdm4a-203,Prus_31752_t,37.805,410,223,8,640,1023,57,1268,2.21e-80,270,Prus,Kdm4a-203_Prus
Kdm4a-203,Pver_TRINITY_DN8386_c0_g2_i2,39.95,403,219,8,640,1023,1563,2759,4.33e-81,291,Pver,Kdm4a-203_Pver
Kdm4a-203,Spis_Stylophora_pistillata_8815,39.25,400,226,9,640,1023,1342,2538,2.29e-81,283,Spis,Kdm4a-203_Spis
Kdm4b-201,Adig_Acropora_digitifera_11378,38.228,429,235,9,649,1050,1324,2601,3.49e-81,283,Adig,Kdm4b-201_Adig
Kdm4b-201,Ahya_Acropora_hyacinthus_4598,34.545,110,70,2,769,877,73,399,4.14e-14,70.1,Ahya,Kdm4b-201_Ahya
Kdm4b-201,Amil_Acropora_millepora_4108,34.644,407,229,9,596,965,1126,2346,7.96e-62,226,Amil,Kdm4b-201_Amil
Kdm4b-201,Apal_XM_021037814.2,35.831,427,247,6,649,1050,1583,2857,6.49e-76,275,Apal,Kdm4b-201_Apal
Kdm4b-201,Apoc_chromosome_3.1635_1,34.674,522,294,13,563,1050,1051,2577,8.45e-84,291,Apoc,Kdm4b-201_Apoc
Kdm4b-201,Aque_XM_003385922.3,33.61,241,132,4,90,302,1209,1931,3.77e-32,136,Aque,Kdm4b-201_Aque
Kdm4b-201,Cgig_G2576.1,40.898,401,217,8,641,1030,4366,5541,1.3e-80,291,Cgig,Kdm4b-201_Cgig
Kdm4b-201,Emue_Em0011g1184a.t1,66.667,315,105,0,22,336,1,945,1.41e-151,464,Emue,Kdm4b-201_Emue
Kdm4b-201,Gasp_gasp1.m3.7266.m1,35.476,420,247,9,652,1050,1634,2884,3.98e-72,263,Gasp,Kdm4b-201_Gasp
Kdm4b-201,Gfas_gfas1.m1.540.m1,37.947,419,234,8,657,1050,1512,2765,1.34e-79,282,Gfas,Kdm4b-201_Gfas
Kdm4b-201,Kiwa_ENA_GBGI01008657_GBGI01008657.1,32.061,262,148,6,89,322,923,1702,8.87e-31,130,Kiwa,Kdm4b-201_Kiwa
Kdm4b-201,Mcap_g62857,38.695,429,233,10,649,1050,1315,2592,1.31e-77,274,Mcap,Kdm4b-201_Mcap
Kdm4b-201,Msqu_ENA_GHBR01000470_GHBR01000470.1,36.691,139,82,3,741,878,236,637,3.61e-26,111,Msqu,Kdm4b-201_Msqu
Kdm4b-201,Nvec_XM_032374850.1,65.312,320,109,2,14,333,201,1154,1.11e-148,460,Nvec,Kdm4b-201_Nvec
Kdm4b-201,Pbac_AVPN01001290.1,31.364,220,138,6,745,956,7320,6676,1.65e-21,103,Pbac,Kdm4b-201_Pbac
Kdm4b-201,Pdam_Pocillopora_damicornis_15303,29.53,149,99,3,149,297,25,453,3.25e-17,78.6,Pdam,Kdm4b-201_Pdam
Kdm4b-201,Plut_plut2.m8.30009.m1,40.688,349,194,6,714,1050,1292,2335,2.55e-70,258,Plut,Kdm4b-201_Plut
Kdm4b-201,Prus_31752_t,36.279,430,247,8,647,1050,39,1325,1.29e-79,268,Prus,Kdm4b-201_Prus
Kdm4b-201,Pver_TRINITY_DN8386_c0_g2_i2,38.785,428,240,9,644,1050,1536,2816,1.66e-81,293,Pver,Kdm4b-201_Pver
Kdm4b-201,Spis_Stylophora_pistillata_8815,37.383,428,246,8,644,1050,1315,2595,5.85e-82,285,Spis,Kdm4b-201_Spis
Kdm4c-201,Adig_Acropora_digitifera_11378,37.385,436,243,9,615,1028,1336,2619,1.19e-76,269,Adig,Kdm4c-201_Adig
Kdm4c-201,Ahya_Acropora_hyacinthus_4598,36.697,109,65,4,739,845,79,399,6.56e-14,69.3,Ahya,Kdm4c-201_Ahya
Kdm4c-201,Amil_Acropora_millepora_4108,37.464,347,191,7,615,940,1336,2361,8.46e-59,216,Amil,Kdm4c-201_Amil
Kdm4c-201,Apal_XM_021037814.2,38.009,442,235,9,615,1030,1595,2881,2.75e-79,285,Apal,Kdm4c-201_Apal
Kdm4c-201,Apoc_chromosome_3.1635_1,38.584,438,230,12,615,1028,1327,2595,1.75e-81,284,Apoc,Kdm4c-201_Apoc
Kdm4c-201,Aque_XM_003385922.3,34.025,241,131,3,91,303,1209,1931,3.85e-34,142,Aque,Kdm4c-201_Aque
Kdm4c-201,Cgig_G2576.1,44.231,416,215,8,597,1004,4333,5553,2.7e-95,335,Cgig,Kdm4c-201_Cgig
Kdm4c-201,Emue_Em0011g1184a.t1,68.571,315,99,0,23,337,1,945,5.12e-158,480,Emue,Kdm4c-201_Emue
Kdm4c-201,Gasp_gasp1.m3.7266.m1,37.559,426,250,8,615,1028,1637,2902,2.46e-77,279,Gasp,Kdm4c-201_Gasp
Kdm4c-201,Gfas_gfas1.m1.540.m1,37.241,435,245,10,615,1028,1500,2783,4.52e-78,278,Gfas,Kdm4c-201_Gfas
Kdm4c-201,Kiwa_ENA_GBGI01008657_GBGI01008657.1,30.769,273,148,7,90,333,923,1705,7.68e-29,124,Kiwa,Kdm4c-201_Kiwa
Kdm4c-201,Mcap_g62857,38.249,434,248,8,612,1028,1318,2610,2.82e-77,273,Mcap,Kdm4c-201_Mcap
Kdm4c-201,Msqu_ENA_GHBR01000470_GHBR01000470.1,31.461,267,127,13,654,879,14,769,1.6e-25,108,Msqu,Kdm4c-201_Msqu
Kdm4c-201,Nvec_XM_032374850.1,65.432,324,110,2,15,338,201,1166,1.8e-153,472,Nvec,Kdm4c-201_Nvec
Kdm4c-201,Pbac_AVPN01001000.1,39.623,159,83,6,705,852,26593,26123,2.13e-22,107,Pbac,Kdm4c-201_Pbac
Kdm4c-201,Pdam_Pocillopora_damicornis_15303,28.859,149,100,3,150,298,25,453,1.64e-16,76.6,Pdam,Kdm4c-201_Pdam
Kdm4c-201,Plut_plut2.m8.30009.m1,39.776,357,202,6,682,1028,1292,2353,3.56e-69,254,Plut,Kdm4c-201_Plut
Kdm4c-201,Prus_31752_t,35.388,438,262,8,609,1028,39,1343,6.08e-78,263,Prus,Kdm4c-201_Prus
Kdm4c-201,Pver_TRINITY_DN8386_c0_g2_i2,37.868,441,230,13,615,1028,1563,2834,3.13e-77,279,Pver,Kdm4c-201_Pver
Kdm4c-201,Spis_Stylophora_pistillata_8815,36.878,442,239,13,612,1028,1333,2613,5.99e-77,270,Spis,Kdm4c-201_Spis
Kdm4d-201,Adig_Acropora_digitifera_11378,58.457,337,137,3,7,343,4,1005,5.3e-145,437,Adig,Kdm4d-201_Adig
Kdm4d-201,Amil_Acropora_millepora_4108,58.754,337,136,3,7,343,4,1005,5.15e-148,442,Amil,Kdm4d-201_Amil
Kdm4d-201,Apal_XM_021037814.2,60.252,317,124,2,15,331,326,1270,2.15e-138,433,Apal,Kdm4d-201_Apal
Kdm4d-201,Apoc_chromosome_3.1635_1,59.443,323,129,2,15,337,22,984,1.81e-143,434,Apoc,Kdm4d-201_Apoc
Kdm4d-201,Aque_XM_003385922.3,35.223,247,128,5,86,302,1197,1931,2.48e-36,144,Aque,Kdm4d-201_Aque
Kdm4d-201,Cgig_G2576.1,62.577,326,120,2,16,340,1,975,4.35e-144,456,Cgig,Kdm4d-201_Cgig
Kdm4d-201,Emue_Em0011g1184a.t1,58.599,314,130,0,23,336,4,945,2.17e-140,417,Emue,Kdm4d-201_Emue
Kdm4d-201,Gasp_gasp1.m3.7266.m1,58.462,325,133,2,15,339,239,1207,2.72e-135,428,Gasp,Kdm4d-201_Gasp
Kdm4d-201,Gfas_gfas1.m1.1559.m1,25.079,315,159,11,44,301,4156,5040,1.29e-19,93.2,Gfas,Kdm4d-201_Gfas
Kdm4d-201,Kiwa_ENA_GBGI01008657_GBGI01008657.1,33.209,268,137,9,89,322,923,1702,2.16e-34,137,Kiwa,Kdm4d-201_Kiwa
Kdm4d-201,Mcap_g62857,59.502,321,128,2,15,335,25,981,2.06e-143,434,Mcap,Kdm4d-201_Mcap
Kdm4d-201,Nvec_XM_032374850.1,60.938,320,123,2,12,331,195,1148,3.93e-147,437,Nvec,Kdm4d-201_Nvec
Kdm4d-201,Pbac_AVPN01018405.1,55.422,83,32,2,146,225,3546,3788,1.42e-22,103,Pbac,Kdm4d-201_Pbac
Kdm4d-201,Pdam_Pocillopora_damicornis_15303,29.53,149,99,2,149,297,25,453,2.01e-21,89.4,Pdam,Kdm4d-201_Pdam
Kdm4d-201,Plut_plut2.m8.30009.m1,60.897,312,120,2,15,326,254,1183,8.5e-136,426,Plut,Kdm4d-201_Plut
Kdm4d-201,Prus_22733_t,22.523,333,199,13,17,301,3676,4641,1.92e-20,95.9,Prus,Kdm4d-201_Prus
Kdm4d-201,Pver_TRINITY_DN8386_c0_g2_i2,60.568,317,123,2,15,331,246,1190,1.33e-137,436,Pver,Kdm4d-201_Pver
Kdm4d-201,Spis_Stylophora_pistillata_8815,59.937,317,125,2,15,331,25,969,8.18e-143,431,Spis,Kdm4d-201_Spis
Kdm5a-201,Adig_Acropora_digitifera_13011,52.812,1316,533,18,27,1268,70,3975,0,1328,Adig,Kdm5a-201_Adig
Kdm5a-201,Ahya_Acropora_hyacinthus_10942,42.5,120,67,2,732,850,7,363,1.02e-22,92.8,Ahya,Kdm5a-201_Ahya
Kdm5a-201,Amil_Acropora_millepora_1001,53.004,1315,532,16,27,1268,70,3975,0,1335,Amil,Kdm5a-201_Amil
Kdm5a-201,Apal_XM_021053763.1,53.221,1304,529,11,25,1265,138,3995,0,1315,Apal,Kdm5a-201_Apal
Kdm5a-201,Apoc_chromosome_2.578_1,53.429,1327,512,16,27,1268,70,3987,0,1349,Apoc,Kdm5a-201_Apoc
Kdm5a-201,Aque_XM_003385922.3,40.755,1271,688,14,27,1266,186,3896,0,972,Aque,Kdm5a-201_Aque
Kdm5a-201,Cgig_G29529.1,58.639,1499,519,20,27,1483,64,4383,0,1665,Cgig,Kdm5a-201_Cgig
Kdm5a-201,Emue_Em0001g235a.t1,44.022,1263,655,14,27,1266,52,3753,0,1031,Emue,Kdm5a-201_Emue
Kdm5a-201,Gasp_gasp1.m3.27523.m1,53.071,1319,531,14,27,1268,156,4079,0,1334,Gasp,Kdm5a-201_Gasp
Kdm5a-201,Gfas_gfas1.m1.14682.m1,50.113,1329,514,18,55,1268,40,3924,0,1228,Gfas,Kdm5a-201_Gfas
Kdm5a-201,Hsal_ENA_GHBP01005032_GHBP01005032.1,44,50,25,1,295,344,421,561,1.5e-6,50.8,Hsal,Kdm5a-201_Hsal
Kdm5a-201,Kiwa_ENA_GBGI01008657_GBGI01008657.1,38.298,376,211,8,259,621,611,1714,4.59e-72,258,Kiwa,Kdm5a-201_Kiwa
Kdm5a-201,Mcap_g45329,52.475,1313,544,14,27,1267,70,3984,0,1321,Mcap,Kdm5a-201_Mcap
Kdm5a-201,Msqu_ENA_GHBR01006215_GHBR01006215.1,32.584,89,49,2,263,343,4,261,9.26e-7,48.5,Msqu,Kdm5a-201_Msqu
Kdm5a-201,Nvec_XM_032374610.1,55.457,788,278,10,27,755,181,2502,0,865,Nvec,Kdm5a-201_Nvec
Kdm5a-201,Pbac_AVPN01001128.1,30.709,254,161,6,355,606,23740,24462,4.59e-26,120,Pbac,Kdm5a-201_Pbac
Kdm5a-201,Pdam_Pocillopora_damicornis_15303,35.065,154,94,2,438,591,10,453,5.37e-25,101,Pdam,Kdm5a-201_Pdam
Kdm5a-201,Plut_plut2.m8.22711.m1,49.351,847,352,9,436,1268,1239,3590,0,785,Plut,Kdm5a-201_Plut
Kdm5a-201,Prus_28285_t,55.447,615,182,5,27,591,70,1788,0,706,Prus,Kdm5a-201_Prus
Kdm5a-201,Pver_TRINITY_DN4423_c0_g1_i1,54.462,1087,441,13,202,1268,964,4122,0,1127,Pver,Kdm5a-201_Pver
Kdm5a-201,Spis_Stylophora_pistillata_9710,56.226,1028,421,9,258,1268,973,4020,0,1127,Spis,Kdm5a-201_Spis
Kdm5b-201,Adig_Acropora_digitifera_13011,45.912,1113,551,11,303,1379,1009,4302,0,957,Adig,Kdm5b-201_Adig
Kdm5b-201,Ahya_Acropora_hyacinthus_5498,32.558,172,92,4,1216,1373,85,570,1.16e-13,70.9,Ahya,Kdm5b-201_Ahya
Kdm5b-201,Amil_Acropora_millepora_1001,45.912,1113,551,11,303,1379,1009,4302,0,956,Amil,Kdm5b-201_Amil
Kdm5b-201,Apal_XM_021053763.1,44.216,1409,688,16,31,1375,117,4241,0,1126,Apal,Kdm5b-201_Apal
Kdm5b-201,Apoc_chromosome_2.578_1,44.567,1445,685,18,31,1379,43,4317,0,1164,Apoc,Kdm5b-201_Apoc
Kdm5b-201,Aque_XM_003385922.3,36.265,1569,890,28,31,1538,159,4718,0,923,Aque,Kdm5b-201_Aque
Kdm5b-201,Cgig_G29529.1,51.286,1283,566,13,31,1275,37,3822,0,1297,Cgig,Kdm5b-201_Cgig
Kdm5b-201,Emue_Em0001g235a.t1,38.801,1268,689,25,304,1535,838,4488,0,827,Emue,Kdm5b-201_Emue
Kdm5b-201,Gasp_gasp1.m3.27523.m1,44.199,1448,688,21,31,1379,129,4409,0,1149,Gasp,Kdm5b-201_Gasp
Kdm5b-201,Gfas_gfas1.m1.14682.m1,42.054,1441,667,22,69,1379,43,4251,0,1033,Gfas,Kdm5b-201_Gfas
Kdm5b-201,Hsal_ENA_GHBP01005032_GHBP01005032.1,32.692,104,55,3,264,360,274,561,2e-6,50.4,Hsal,Kdm5b-201_Hsal
Kdm5b-201,Kiwa_ENA_GBGI01008657_GBGI01008657.1,37.53,421,218,9,371,750,917,2167,8.65e-76,268,Kiwa,Kdm5b-201_Kiwa
Kdm5b-201,Mcap_g53778,26.341,410,255,13,358,741,4390,5556,3.49e-33,141,Mcap,Kdm5b-201_Mcap
Kdm5b-201,Nvec_XM_032374645.1,43.918,970,505,11,448,1384,142,3033,0,732,Nvec,Kdm5b-201_Nvec
Kdm5b-201,Pbac_AVPN01001128.1,25.501,349,239,8,371,718,23740,24726,1.13e-25,118,Pbac,Kdm5b-201_Pbac
Kdm5b-201,Pdam_Pocillopora_damicornis_15303,33.548,155,95,3,454,607,10,453,2.93e-21,90.5,Pdam,Kdm5b-201_Pdam
Kdm5b-201,Plut_plut2.m8.22711.m1,39.337,966,476,17,452,1379,1239,3920,0,622,Plut,Kdm5b-201_Plut
Kdm5b-201,Prus_28285_t,55.763,590,240,9,31,607,43,1788,0,691,Prus,Kdm5b-201_Prus
Kdm5b-201,Pver_TRINITY_DN4423_c0_g1_i1,45.74,1115,545,13,308,1379,1162,4455,0,943,Pver,Kdm5b-201_Pver
Kdm5b-201,Spis_Stylophora_pistillata_9710,45.707,1118,541,14,308,1379,1057,4350,0,947,Spis,Kdm5b-201_Spis
Kdm5c-202,Adig_Acropora_digitifera_13011,49.183,1468,636,26,8,1417,28,4275,0,1209,Adig,Kdm5c-202_Adig
Kdm5c-202,Ahya_Acropora_hyacinthus_5498,45.304,181,74,5,1241,1417,82,561,7.8e-26,106,Ahya,Kdm5c-202_Ahya
Kdm5c-202,Amil_Acropora_millepora_1001,49.387,1468,633,26,8,1417,28,4275,0,1214,Amil,Kdm5c-202_Amil
Kdm5c-202,Apal_XM_021053763.1,49.239,1446,631,23,8,1419,102,4232,0,1179,Apal,Kdm5c-202_Apal
Kdm5c-202,Apoc_chromosome_2.578_1,49.795,1460,644,20,8,1417,28,4290,0,1224,Apoc,Kdm5c-202_Apoc
Kdm5c-202,Aque_XM_003385922.3,38.632,1447,763,22,3,1419,129,4184,0,922,Aque,Kdm5c-202_Aque
Kdm5c-202,Cgig_G29529.1,52.273,1496,584,17,7,1422,19,4356,0,1362,Cgig,Kdm5c-202_Cgig
Kdm5c-202,Emue_Em0001g235a.t1,39.93,1430,764,18,6,1418,4,4059,0,935,Emue,Kdm5c-202_Emue
Kdm5c-202,Gasp_gasp1.m3.27523.m1,51.147,1351,591,18,8,1309,114,4106,0,1217,Gasp,Kdm5c-202_Gasp
Kdm5c-202,Gfas_gfas1.m1.14682.m1,46.175,1464,621,24,51,1417,43,4224,0,1077,Gfas,Kdm5c-202_Gfas
Kdm5c-202,Kiwa_ENA_GBGI01008657_GBGI01008657.1,36.674,439,234,9,368,763,854,2167,4.51e-79,278,Kiwa,Kdm5c-202_Kiwa
Kdm5c-202,Mcap_g45329,50.294,1362,584,19,8,1309,28,4014,0,1206,Mcap,Kdm5c-202_Mcap
Kdm5c-202,Nvec_XM_032374645.1,49.147,997,465,14,441,1417,70,2994,0,763,Nvec,Kdm5c-202_Nvec
Kdm5c-202,Pbac_AVPN01001128.1,25.926,378,257,8,386,761,23740,24810,4.99e-26,119,Pbac,Kdm5c-202_Pbac
Kdm5c-202,Pdam_Pocillopora_damicornis_15303,36.364,154,92,2,469,622,10,453,3.4e-27,107,Pdam,Kdm5c-202_Pdam
Kdm5c-202,Plut_plut2.m8.22711.m1,54.31,580,257,4,467,1040,1239,2972,0,605,Plut,Kdm5c-202_Plut
Kdm5c-202,Prus_28285_t,55.416,637,212,7,8,622,28,1788,0,694,Prus,Kdm5c-202_Prus
Kdm5c-202,Pver_TRINITY_DN4423_c0_g1_i1,49.156,1481,639,25,8,1417,115,4428,0,1225,Pver,Kdm5c-202_Pver
Kdm5c-202,Spis_Stylophora_pistillata_9710,49.361,1487,621,26,8,1417,28,4323,0,1227,Spis,Kdm5c-202_Spis
Kdm5d-201,Adig_Acropora_digitifera_13011,49.442,1345,616,18,8,1306,28,4008,0,1221,Adig,Kdm5d-201_Adig
Kdm5d-201,Ahya_Acropora_hyacinthus_10442,72.131,122,34,0,8,129,34,399,9.79e-59,196,Ahya,Kdm5d-201_Ahya
Kdm5d-201,Amil_Acropora_millepora_1001,49.517,1345,615,18,8,1306,28,4008,0,1224,Amil,Kdm5d-201_Amil
Kdm5d-201,Apal_XM_021053763.1,51.135,1322,601,20,8,1300,102,4019,0,1228,Apal,Kdm5d-201_Apal
Kdm5d-201,Apoc_chromosome_2.578_1,48.325,1463,663,20,8,1419,28,4290,0,1244,Apoc,Kdm5d-201_Apoc
Kdm5d-201,Aque_XM_003385922.3,39.359,1311,716,18,5,1293,135,3896,0,941,Aque,Kdm5d-201_Aque
Kdm5d-201,Cgig_G29529.1,52.643,1343,552,16,7,1318,19,3888,0,1350,Cgig,Kdm5d-201_Cgig
Kdm5d-201,Emue_Em0001g235a.t1,41.221,1327,695,20,6,1311,4,3792,0,983,Emue,Kdm5d-201_Emue
Kdm5d-201,Gasp_gasp1.m3.27523.m1,49.852,1350,609,17,8,1306,114,4112,0,1242,Gasp,Kdm5d-201_Gasp
Kdm5d-201,Gfas_gfas1.m1.14682.m1,46.148,1350,588,20,51,1306,43,3957,0,1104,Gfas,Kdm5d-201_Gfas
Kdm5d-201,Kiwa_ENA_GBGI01008657_GBGI01008657.1,35.307,473,256,11,337,762,758,2167,1.12e-78,277,Kiwa,Kdm5d-201_Kiwa
Kdm5d-201,Mcap_g45329,49.11,1348,620,18,8,1306,28,4020,0,1221,Mcap,Kdm5d-201_Mcap
Kdm5d-201,Nvec_XM_032374645.1,49.67,908,425,12,425,1305,7,2715,0,764,Nvec,Kdm5d-201_Nvec
Kdm5d-201,Pbac_AVPN01001128.1,24.932,365,253,7,385,747,23740,24777,7.44e-25,115,Pbac,Kdm5d-201_Pbac
Kdm5d-201,Pdam_Pocillopora_damicornis_15303,37.419,155,89,3,468,621,10,453,1.39e-26,105,Pdam,Kdm5d-201_Pdam
Kdm5d-201,Plut_plut2.m8.22711.m1,44.872,858,389,10,468,1306,1245,3623,0,668,Plut,Kdm5d-201_Plut
Kdm5d-201,Prus_28285_t,54.914,641,208,7,8,621,28,1788,0,718,Prus,Kdm5d-201_Prus
Kdm5d-201,Pver_TRINITY_DN4423_c0_g1_i1,49.195,1366,609,17,8,1306,115,4158,0,1241,Pver,Kdm5d-201_Pver
Kdm5d-201,Spis_Stylophora_pistillata_9710,47.997,1473,664,19,8,1419,28,4323,0,1251,Spis,Kdm5d-201_Spis
Kdm6a-202,Adig_Acropora_digitifera_15458,58.633,556,200,8,846,1392,895,2499,0,612,Adig,Kdm6a-202_Adig
Kdm6a-202,Amil_Acropora_millepora_1491,58.633,556,200,8,846,1392,2200,3804,0,612,Amil,Kdm6a-202_Amil
Kdm6a-202,Apal_XM_028661146.1,56.322,522,184,7,878,1394,2380,3828,2.78e-159,525,Apal,Kdm6a-202_Apal
Kdm6a-202,Apoc_chromosome_7.1353_1,58.453,556,201,8,846,1392,1972,3576,0,596,Apoc,Kdm6a-202_Apoc
Kdm6a-202,Aque_XM_020008684.1,49.345,458,201,6,936,1390,1192,2481,9.85e-137,444,Aque,Kdm6a-202_Aque
Kdm6a-202,Cgig_G16431.1,64.818,523,169,7,874,1396,1999,3522,0,651,Cgig,Kdm6a-202_Cgig
Kdm6a-202,Emue_Em0021g24a.t1,53.057,458,200,6,934,1390,1588,2919,1.59e-146,473,Emue,Kdm6a-202_Emue
Kdm6a-202,Gasp_gasp1.m3.23117.m1,59.823,453,148,4,943,1392,2784,4049,6.55e-159,525,Gasp,Kdm6a-202_Gasp
Kdm6a-202,Gfas_gfas1.m1.18714.m1,56.649,579,201,8,846,1392,2635,4317,0,594,Gfas,Kdm6a-202_Gfas
Kdm6a-202,Hsal_ENA_GHBP01003577_GHBP01003577.1,23.718,156,102,3,213,365,120,545,3.15e-6,50.1,Hsal,Kdm6a-202_Hsal
Kdm6a-202,Mcap_g43845,60,550,202,6,846,1392,2203,3807,0,607,Mcap,Kdm6a-202_Mcap
Kdm6a-202,Nvec_XM_032380232.1,57.854,522,209,3,878,1392,2428,3981,6.28e-177,579,Nvec,Kdm6a-202_Nvec
Kdm6a-202,Pbac_AVPN01001273.1,39.426,383,90,5,1074,1314,8891,10039,8.28e-75,278,Pbac,Kdm6a-202_Pbac
Kdm6a-202,Pdam_Pocillopora_damicornis_11329,29.592,98,69,0,284,381,82,375,5.8e-8,53.9,Pdam,Kdm6a-202_Pdam
Kdm6a-202,Plut_plut2.m8.9149.m1,60.714,532,185,6,878,1392,3401,4975,0,599,Plut,Kdm6a-202_Plut
Kdm6a-202,Prus_Prusg15094.t1,51.613,62,25,2,998,1054,592,777,3.51e-6,51.2,Prus,Kdm6a-202_Prus
Kdm6a-202,Pver_TRINITY_DN2642_c0_g2_i1,48.391,777,365,12,633,1392,1877,4150,0,605,Pver,Kdm6a-202_Pver
Kdm6a-202,Spis_Stylophora_pistillata_12883,59.636,550,206,5,846,1392,844,2454,0,602,Spis,Kdm6a-202_Spis
Kdm6b-201,Adig_Acropora_digitifera_15458,56.317,467,196,2,1177,1639,1126,2514,3.34e-174,546,Adig,Kdm6b-201_Adig
Kdm6b-201,Amil_Acropora_millepora_1491,56.317,467,196,2,1177,1639,2431,3819,5.06e-169,546,Amil,Kdm6b-201_Amil
Kdm6b-201,Apal_XM_028661146.1,57.556,311,130,1,1324,1634,2896,3822,2.74e-119,415,Apal,Kdm6b-201_Apal
Kdm6b-201,Apoc_chromosome_7.1353_1,57.792,462,187,2,1177,1634,2203,3576,1.75e-168,543,Apoc,Kdm6b-201_Apoc
Kdm6b-201,Aque_XM_020008684.1,45.474,464,220,10,1179,1637,1192,2499,4.71e-127,421,Aque,Kdm6b-201_Aque
Kdm6b-201,Cgig_G16431.1,60.435,460,174,4,1176,1635,2158,3513,0,576,Cgig,Kdm6b-201_Cgig
Kdm6b-201,Emue_Em0021g24a.t1,51.209,455,208,4,1175,1628,1582,2907,1.37e-139,458,Emue,Kdm6b-201_Emue
Kdm6b-201,Gasp_gasp1.m3.23117.m1,54.185,454,173,4,1185,1634,2781,4049,9.32e-143,484,Gasp,Kdm6b-201_Gasp
Kdm6b-201,Gfas_gfas1.m1.18714.m1,53.753,493,194,3,1177,1639,2866,4332,2.33e-156,529,Gfas,Kdm6b-201_Gfas
Kdm6b-201,Mcap_g43845,56.745,467,194,2,1177,1639,2434,3822,5.63e-167,541,Mcap,Kdm6b-201_Mcap
Kdm6b-201,Nvec_XM_032380232.1,57.537,471,189,3,1177,1640,2599,3999,4.22e-166,554,Nvec,Kdm6b-201_Nvec
Kdm6b-201,Pbac_AVPN01001273.1,42.532,308,80,3,1320,1530,8918,9841,2.71e-68,258,Pbac,Kdm6b-201_Pbac
Kdm6b-201,Plut_plut2.m8.9149.m1,57.234,470,190,3,1177,1639,3593,4990,9.14e-162,542,Plut,Kdm6b-201_Plut
Kdm6b-201,Pver_TRINITY_DN2642_c0_g2_i1,57.918,461,186,2,1178,1634,2780,4150,1.31e-164,546,Pver,Kdm6b-201_Pver
Kdm6b-201,Spis_Stylophora_pistillata_12883,57.918,461,186,3,1178,1634,1084,2454,1.86e-173,544,Spis,Kdm6b-201_Spis
Kdm7a-201,Adig_Acropora_digitifera_14529,51.479,338,158,3,146,477,88,1101,6.96e-98,313,Adig,Kdm7a-201_Adig
Kdm7a-201,Ahya_Acropora_hyacinthus_4706,42.249,329,170,4,84,399,4,969,2.5e-71,236,Ahya,Kdm7a-201_Ahya
Kdm7a-201,Amil_Acropora_millepora_4715,53.933,445,199,3,39,477,7,1341,6.74e-153,475,Amil,Kdm7a-201_Amil
Kdm7a-201,Apal_XM_021037150.1,46.322,503,229,7,39,503,22,1521,1.56e-136,433,Apal,Kdm7a-201_Apal
Kdm7a-201,Apoc_chromosome_4.1395_1,41.641,329,170,4,93,407,31,993,1.68e-67,245,Apoc,Kdm7a-201_Apoc
Kdm7a-201,Aque_XM_019996418.1,51.131,442,212,2,39,476,67,1392,7.74e-152,464,Aque,Kdm7a-201_Aque
Kdm7a-201,Cgig_G31217.1,38.241,978,476,20,39,934,25,2820,1.34e-180,548,Cgig,Kdm7a-201_Cgig
Kdm7a-201,Emue_Em0001g106a.t1,51.339,448,200,4,39,468,31,1374,5.14e-144,448,Emue,Kdm7a-201_Emue
Kdm7a-201,Gasp_gasp1.m3.27518.m1,51.039,433,184,3,44,470,103,1335,5.21e-139,441,Gasp,Kdm7a-201_Gasp
Kdm7a-201,Gfas_gfas1.m1.11086.m1,49.244,463,203,4,39,473,31,1407,4.83e-145,439,Gfas,Kdm7a-201_Gfas
Kdm7a-201,Mcap_g45319,53.258,445,202,2,39,477,16,1350,2.49e-142,470,Mcap,Kdm7a-201_Mcap
Kdm7a-201,Nvec_XM_032380402.1,53.483,445,201,2,39,477,308,1642,5.76e-150,485,Nvec,Kdm7a-201_Nvec
Kdm7a-201,Pbac_AVPN01003847.1,28.761,452,299,9,39,479,5953,7272,1.13e-47,187,Pbac,Kdm7a-201_Pbac
Kdm7a-201,Pdam_Pocillopora_damicornis_5111,50,50,20,3,39,87,463,600,7.9e-8,52.4,Pdam,Kdm7a-201_Pdam
Kdm7a-201,Plut_plut2.m8.22696.m1,50.372,403,172,4,115,489,469,1677,8.77e-105,355,Plut,Kdm7a-201_Plut
Kdm7a-201,Prus_25598_t,51.582,316,125,4,202,489,310,1257,4.07e-87,298,Prus,Kdm7a-201_Prus
Kdm7a-201,Pver_TRINITY_DN5168_c0_g1_i2,54.036,446,197,4,39,477,27,1361,1.88e-152,478,Pver,Kdm7a-201_Pver
Kdm7a-201,Spis_Stylophora_pistillata_16106,51.793,502,222,6,39,524,4,1497,4.16e-157,486,Spis,Kdm7a-201_Spis
Kdm8-201,Adig_Acropora_digitifera_3454,25.858,379,180,13,106,413,139,1185,1.43e-25,106,Adig,Kdm8-201_Adig
Kdm8-201,Ahya_Acropora_hyacinthus_10318,36,100,39,3,326,402,4,297,1.83e-12,62,Ahya,Kdm8-201_Ahya
Kdm8-201,Amil_Acropora_millepora_17642,45.349,344,143,6,115,413,7,1038,1.57e-95,290,Amil,Kdm8-201_Amil
Kdm8-201,Apal_XM_021045642.2,45.742,411,174,8,40,413,118,1314,1.12e-114,343,Apal,Kdm8-201_Apal
Kdm8-201,Apoc_chromosome_13.2748_1,44.496,427,178,8,42,414,130,1395,5.01e-116,347,Apoc,Kdm8-201_Apoc
Kdm8-201,Aque_XM_019997734.1,44.81,395,190,8,41,413,110,1276,4.92e-113,340,Aque,Kdm8-201_Aque
Kdm8-201,Cgig_G21831.2,47.044,389,183,7,45,413,1,1158,1.99e-123,363,Cgig,Kdm8-201_Cgig
Kdm8-201,Emue_Em0011g644a.t1,52.015,273,116,5,151,414,703,1503,1.06e-93,291,Emue,Kdm8-201_Emue
Kdm8-201,Gasp_gasp1.m3.1021.m1,44.656,421,180,8,42,414,124,1371,8.6e-114,341,Gasp,Kdm8-201_Gasp
Kdm8-201,Gfas_gfas1.m1.19438.m1,44.104,424,179,7,42,414,131,1381,7.96e-112,343,Gfas,Kdm8-201_Gfas
Kdm8-201,Hsal_ENA_GHBP01003042_GHBP01003042.1,28.829,111,69,4,308,412,239,559,1.7e-6,48.5,Hsal,Kdm8-201_Hsal
Kdm8-201,Kiwa_ENA_GBGI01010562_GBGI01010562.1,35.53,349,202,7,74,413,243,1247,9.45e-69,223,Kiwa,Kdm8-201_Kiwa
Kdm8-201,Mcap_g41644,41.734,369,162,8,42,361,133,1227,1.7e-92,285,Mcap,Kdm8-201_Mcap
Kdm8-201,Msqu_ENA_GHBR01011168_GHBR01011168.1,33.434,332,200,7,45,365,232,1197,2.92e-56,188,Msqu,Kdm8-201_Msqu
Kdm8-201,Nvec_XM_032386576.1,47.583,393,182,5,40,413,236,1399,1.51e-122,368,Nvec,Kdm8-201_Nvec
Kdm8-201,Pbac_AVPN01007326.1,32.593,405,195,8,70,413,772,1935,1.47e-54,196,Pbac,Kdm8-201_Pbac
Kdm8-201,Pdam_Pocillopora_damicornis_24815,27.049,244,157,10,174,413,46,726,2.84e-20,90.5,Pdam,Kdm8-201_Pdam
Kdm8-201,Plut_plut2.m8.19493.m1,45.498,422,174,8,42,414,147,1391,7.71e-119,354,Plut,Kdm8-201_Plut
Kdm8-201,Prus_33758_t,26.712,292,144,9,184,412,625,1479,2.96e-23,102,Prus,Kdm8-201_Prus
Kdm8-201,Pver_TRINITY_DN13786_c0_g1_i1,44.159,428,179,7,42,414,153,1421,1.33e-112,340,Pver,Kdm8-201_Pver
Kdm8-201,Spis_Stylophora_pistillata_7718,45.261,422,176,8,42,414,121,1368,1.51e-118,352,Spis,Kdm8-201_Spis
Phf2-201,Adig_Acropora_digitifera_16619,33.647,425,238,6,78,458,64,1338,2.52e-73,258,Adig,Phf2-201_Adig
Phf2-201,Ahya_Acropora_hyacinthus_4706,40.511,274,151,1,103,364,142,963,1.51e-73,244,Ahya,Phf2-201_Ahya
Phf2-201,Amil_Acropora_millepora_4715,45.695,453,239,4,6,451,4,1362,1.1e-141,450,Amil,Phf2-201_Amil
Phf2-201,Apal_XM_021037150.1,42.387,486,236,9,7,451,22,1470,1.56e-127,413,Apal,Phf2-201_Apal
Phf2-201,Apoc_chromosome_4.1395_1,36.025,322,193,2,78,386,64,1029,2.69e-69,253,Apoc,Phf2-201_Apoc
Phf2-201,Aque_XM_019996418.1,44.643,448,241,5,6,447,64,1404,1.01e-136,429,Aque,Phf2-201_Aque
Phf2-201,Cgig_G31217.1,53.057,458,198,5,6,448,22,1389,4.67e-178,547,Cgig,Phf2-201_Cgig
Phf2-201,Emue_Em0001g106a.t1,46.405,459,227,7,6,445,28,1404,3.2e-145,455,Emue,Phf2-201_Emue
Phf2-201,Gasp_gasp1.m3.27518.m1,43.274,446,224,5,13,451,106,1377,5.87e-119,391,Gasp,Phf2-201_Gasp
Phf2-201,Gfas_gfas1.m1.11086.m1,42.796,465,233,6,5,440,25,1407,1.57e-131,408,Gfas,Phf2-201_Gfas
Phf2-201,Mcap_g45319,45.595,454,240,4,5,451,10,1371,2.41e-133,449,Mcap,Phf2-201_Mcap
Phf2-201,Nvec_XM_032380403.1,47.124,452,231,4,7,451,312,1664,2.02e-144,458,Nvec,Phf2-201_Nvec
Phf2-201,Pbac_AVPN01003847.1,28.731,449,290,8,6,439,5950,7251,8.15e-58,221,Pbac,Phf2-201_Pbac
Phf2-201,Pdam_Pocillopora_damicornis_3610,48.214,56,29,0,6,61,121,288,1.01e-14,72.8,Pdam,Phf2-201_Pdam
Phf2-201,Plut_plut2.m8.22696.m1,46.543,376,195,2,82,451,469,1596,5.52e-109,370,Plut,Phf2-201_Plut
Phf2-201,Prus_25598_t,46.367,289,149,2,169,451,310,1176,2.81e-83,290,Prus,Phf2-201_Prus
Phf2-201,Pver_TRINITY_DN5168_c0_g1_i2,46.567,466,239,5,5,463,21,1409,2.4e-149,474,Pver,Phf2-201_Pver
Phf2-201,Spis_Stylophora_pistillata_16106,47.241,453,232,4,6,451,1,1359,3.14e-149,469,Spis,Phf2-201_Spis
Phf8-201,Adig_Acropora_digitifera_14529,50.287,348,162,4,111,452,88,1116,1.28e-114,359,Adig,Phf8-201_Adig
Phf8-201,Ahya_Acropora_hyacinthus_4706,48.881,268,125,1,107,362,160,963,3.74e-86,278,Ahya,Phf8-201_Ahya
Phf8-201,Amil_Acropora_millepora_4715,49.015,457,217,6,6,452,4,1356,1.21e-152,477,Amil,Phf8-201_Amil
Phf8-201,Apal_XM_021037150.1,44.468,479,219,8,7,441,22,1449,1.27e-130,419,Apal,Phf8-201_Apal
Phf8-201,Apoc_chromosome_4.1395_1,45.578,294,145,2,107,388,160,1032,9.28e-82,288,Apoc,Phf8-201_Apoc
Phf8-201,Aque_XM_019996418.1,49.55,444,215,4,6,441,64,1392,2.9e-150,462,Aque,Phf8-201_Aque
Phf8-201,Cgig_G31217.1,56.125,449,180,5,6,438,22,1365,0,566,Cgig,Phf8-201_Cgig
Phf8-201,Emue_Em0001g106a.t1,48.584,459,213,5,6,442,28,1401,3.21e-150,466,Emue,Phf8-201_Emue
Phf8-201,Gasp_gasp1.m3.27518.m1,45.747,435,203,6,13,437,106,1341,7.39e-129,416,Gasp,Phf8-201_Gasp
Phf8-201,Gfas_gfas1.m1.11086.m1,46.137,466,214,7,5,438,25,1407,1.08e-144,440,Gfas,Phf8-201_Gfas
Phf8-201,Mcap_g45319,49.127,458,217,6,5,452,10,1365,1.08e-143,477,Mcap,Phf8-201_Mcap
Phf8-201,Nvec_XM_032380403.1,50.112,445,211,4,7,441,312,1643,9.8e-153,478,Nvec,Phf8-201_Nvec
Phf8-201,Pbac_AVPN01003847.1,28.541,473,321,8,6,470,5950,7341,2.5e-58,222,Pbac,Phf8-201_Pbac
Phf8-201,Pdam_Pocillopora_damicornis_3610,58.333,48,20,0,6,53,121,264,1.5e-14,72.4,Pdam,Phf8-201_Pdam
Phf8-201,Plut_plut2.m8.22696.m1,51.087,368,174,2,80,441,469,1572,1.03e-117,393,Plut,Phf8-201_Plut
Phf8-201,Prus_25598_t,51.389,288,134,2,160,441,289,1152,5.08e-93,317,Prus,Phf8-201_Prus
Phf8-201,Pver_TRINITY_DN5168_c0_g1_i2,50.327,459,210,8,5,452,21,1376,7.67e-154,484,Pver,Phf8-201_Pver
Phf8-201,Spis_Stylophora_pistillata_16106,49.672,457,214,6,6,452,1,1353,1.9e-154,481,Spis,Phf8-201_Spis
Riox1-201,Adig_Acropora_digitifera_13403,50.23,434,215,1,164,597,541,1839,6.21e-155,457,Adig,Riox1-201_Adig
Riox1-201,Ahya_Acropora_hyacinthus_1417,46,100,54,0,187,286,1,300,1.51e-25,99,Ahya,Riox1-201_Ahya
Riox1-201,Amil_Acropora_millepora_10275,50,434,216,1,164,597,7,1305,1.2e-155,453,Amil,Riox1-201_Amil
Riox1-201,Apal_XM_021039271.2,44.34,530,261,4,98,600,462,2030,5.7e-160,476,Apal,Riox1-201_Apal
Riox1-201,Apoc_chromosome_11.87_1,47.556,450,235,1,148,597,469,1815,1.17e-152,452,Apoc,Riox1-201_Apoc
Riox1-201,Aque_XM_020008727.1,41.284,436,256,0,160,595,403,1710,2.95e-121,376,Aque,Riox1-201_Aque
Riox1-201,Cgig_G13479.1,51.685,445,214,1,159,602,754,2088,1.87e-167,494,Cgig,Riox1-201_Cgig
Riox1-201,Emue_Em0019g1181a.t1,52.303,304,145,0,160,463,748,1659,2.79e-106,348,Emue,Riox1-201_Emue
Riox1-201,Gasp_gasp1.m3.8817.m1,47.465,434,227,1,164,597,528,1826,1.03e-143,439,Gasp,Riox1-201_Gasp
Riox1-201,Gfas_gfas1.m1.1612.m1,44.7,434,150,6,164,597,546,1577,6.59e-113,358,Gfas,Riox1-201_Gfas
Riox1-201,Mcap_g5676,50,434,216,1,164,597,499,1797,2.55e-154,457,Mcap,Riox1-201_Mcap
Riox1-201,Nvec_XM_032379971.1,51.613,434,209,1,164,597,891,2189,4.66e-159,483,Nvec,Riox1-201_Nvec
Riox1-201,Pbac_AVPN01001193.1,31.754,211,82,4,126,281,23802,23191,3.29e-23,107,Pbac,Riox1-201_Pbac
Riox1-201,Pdam_Pocillopora_damicornis_6854,41.463,123,71,1,475,597,1,366,2.41e-24,97.1,Pdam,Riox1-201_Pdam
Riox1-201,Plut_plut2.m8.14346.m1,50.922,434,212,1,164,597,556,1854,3.58e-154,462,Plut,Riox1-201_Plut
Riox1-201,Prus_Prusg12774.t1,26.712,146,97,2,121,266,13,420,4.21e-12,67,Prus,Riox1-201_Prus
Riox1-201,Pver_TRINITY_DN3486_c0_g1_i1,44.231,520,286,4,80,597,288,1841,1.33e-148,446,Pver,Riox1-201_Pver
Riox1-201,Spis_Stylophora_pistillata_3651,48.157,434,224,1,164,597,514,1812,2.9e-147,438,Spis,Riox1-201_Spis
Riox2-201,Adig_Acropora_digitifera_13403,32.36,445,260,13,41,462,550,1830,1.47e-58,202,Adig,Riox2-201_Adig
Riox2-201,Amil_Acropora_millepora_10275,32.584,445,259,13,41,462,16,1296,6.43e-60,202,Amil,Riox2-201_Amil
Riox2-201,Apal_XM_021037859.2,41.058,397,208,11,1,377,73,1245,1.21e-85,280,Apal,Riox2-201_Apal
Riox2-201,Apoc_chromosome_11.87_1,35.981,428,225,13,41,441,526,1743,2.79e-64,218,Apoc,Riox2-201_Apoc
Riox2-201,Aque_XM_020008727.1,31.486,451,259,16,40,462,421,1707,4.42e-51,184,Aque,Riox2-201_Aque
Riox2-201,Cgig_G13479.1,35.484,403,197,14,41,406,778,1908,4.09e-61,213,Cgig,Riox2-201_Cgig
Riox2-201,Emue_Em0019g1181a.t1,41.603,262,139,7,41,295,769,1533,3.61e-57,204,Emue,Riox2-201_Emue
Riox2-201,Gasp_gasp1.m3.8817.m1,33.049,469,255,16,28,462,486,1817,2.28e-61,215,Gasp,Riox2-201_Gasp
Riox2-201,Gfas_gfas1.m1.21680.m1,33.171,410,223,9,5,377,212,1399,7.63e-64,221,Gfas,Riox2-201_Gfas
Riox2-201,Mcap_g33278,32.207,444,262,13,41,462,508,1788,8.97e-58,201,Mcap,Riox2-201_Mcap
Riox2-201,Nvec_XM_032379971.1,34.157,445,244,17,45,462,912,2180,3.57e-63,222,Nvec,Riox2-201_Nvec
Riox2-201,Pbac_AVPN01001193.1,61.905,42,16,0,160,201,26214,26089,2.1e-11,68.6,Pbac,Riox2-201_Pbac
Riox2-201,Plut_plut2.m8.14346.m1,33.183,443,259,11,41,462,565,1845,7.55e-60,209,Plut,Riox2-201_Plut
Riox2-201,Prus_Prusg12774.t1,32.8,125,76,3,32,155,103,456,1.61e-16,79.3,Prus,Riox2-201_Prus
Riox2-201,Pver_TRINITY_DN3486_c0_g1_i1,34.375,448,247,13,41,462,552,1832,1.3e-63,219,Pver,Riox2-201_Pver
Riox2-201,Spis_Stylophora_pistillata_3651,34.033,429,232,13,41,441,523,1740,2.36e-61,209,Spis,Riox2-201_Spis
Tyw5-209,Adig_Acropora_digitifera_3378,62.752,298,111,0,13,310,25,918,6.93e-146,412,Adig,Tyw5-209_Adig
Tyw5-209,Ahya_Acropora_hyacinthus_10318,29.592,98,44,2,167,239,4,297,8.19e-9,50.8,Ahya,Tyw5-209_Ahya
Tyw5-209,Amil_Acropora_millepora_21096,63.758,298,108,0,13,310,145,1038,8.8e-147,417,Amil,Tyw5-209_Amil
Tyw5-209,Apal_XM_021037203.2,56.623,302,131,0,8,309,35,940,6.58e-134,384,Apal,Tyw5-209_Apal
Tyw5-209,Apoc_chromosome_1.810_1,61.745,298,114,0,14,311,43,936,8.42e-143,406,Apoc,Tyw5-209_Apoc
Tyw5-209,Aque_XM_011407397.2,26.25,320,188,11,1,289,89,997,9.71e-19,85.9,Aque,Tyw5-209_Aque
Tyw5-209,Cgig_G30630.1,63.946,294,105,1,20,312,817,1698,1.22e-138,405,Cgig,Tyw5-209_Cgig
Tyw5-209,Emue_Em0010g680a.t1,25.89,309,191,8,7,289,106,996,3.36e-20,90.1,Emue,Tyw5-209_Emue
Tyw5-209,Gasp_gasp1.m3.28489.m1,24.183,306,198,8,8,294,104,976,1.33e-15,77,Gasp,Tyw5-209_Gasp
Tyw5-209,Gfas_gfas1.m1.15441.m1,60.87,299,117,0,12,310,179,1075,1.9e-138,400,Gfas,Tyw5-209_Gfas
Tyw5-209,Hsal_ENA_GHBP01003042_GHBP01003042.1,28.571,112,70,4,146,249,230,559,3.3e-6,47,Hsal,Tyw5-209_Hsal
Tyw5-209,Kiwa_ENA_GBGI01010562_GBGI01010562.1,23.664,262,153,9,7,250,549,1247,4.29e-13,68.9,Kiwa,Tyw5-209_Kiwa
Tyw5-209,Mcap_g5863,60.269,297,118,0,14,310,43,933,1.71e-133,395,Mcap,Tyw5-209_Mcap
Tyw5-209,Nvec_XM_001634984.2,58.71,310,128,0,4,313,1392,2321,4.57e-132,399,Nvec,Tyw5-209_Nvec
Tyw5-209,Pbac_AVPN01021177.1,25.703,249,151,9,8,251,1113,1772,1.31e-8,57.8,Pbac,Tyw5-209_Pbac
Tyw5-209,Pdam_Pocillopora_damicornis_3499,24.603,252,146,7,29,250,25,738,1.33e-14,72.4,Pdam,Tyw5-209_Pdam
Tyw5-209,Plut_plut2.m8.2084.m1,25,312,190,10,8,295,136,1011,2.32e-17,83.2,Plut,Tyw5-209_Plut
Tyw5-209,Prus_36824_t,25,312,190,10,8,295,6,881,8.57e-18,82.8,Prus,Tyw5-209_Prus
Tyw5-209,Pver_TRINITY_DN10556_c0_g1_i1,27.451,306,143,13,4,250,599,1456,5.11e-17,82,Pver,Tyw5-209_Pver
Tyw5-209,Spis_Stylophora_pistillata_21066,26.797,306,145,13,4,250,433,1290,1.65e-16,79.3,Spis,Tyw5-209_Spis
Uty-201,Adig_Acropora_digitifera_15458,60.537,484,184,2,724,1204,1060,2499,0,577,Adig,Uty-201_Adig
Uty-201,Amil_Acropora_millepora_1491,60.537,484,184,2,724,1204,2365,3804,0,580,Amil,Uty-201_Amil
Uty-201,Apal_XM_028661146.1,56.503,469,161,6,746,1210,2554,3843,2.22e-152,500,Apal,Uty-201_Apal
Uty-201,Apoc_chromosome_7.1353_1,60.823,462,174,2,746,1204,2203,3576,0,568,Apoc,Uty-201_Apoc
Uty-201,Aque_XM_020008684.1,47.414,464,212,8,748,1207,1192,2499,1.46e-131,426,Aque,Uty-201_Aque
Uty-201,Cgig_G16431.1,63.126,499,172,6,707,1205,2053,3513,0,605,Cgig,Uty-201_Cgig
Uty-201,Emue_Em0021g24a.t1,50.655,458,211,7,746,1202,1588,2919,3.06e-142,456,Emue,Uty-201_Emue
Uty-201,Gasp_gasp1.m3.23117.m1,56.733,453,162,4,755,1204,2784,4049,1.26e-153,504,Gasp,Uty-201_Gasp
Uty-201,Gfas_gfas1.m1.18714.m1,57.787,488,173,3,746,1204,2866,4317,7.57e-172,561,Gfas,Uty-201_Gfas
Uty-201,Mcap_g43845,61.472,462,171,2,746,1204,2434,3807,0,577,Mcap,Uty-201_Mcap
Uty-201,Nvec_XM_032380232.1,58.495,465,183,2,746,1204,2599,3981,1.08e-168,550,Nvec,Uty-201_Nvec
Uty-201,Pbac_AVPN01001273.1,41.699,259,70,2,949,1126,9263,10039,4.68e-55,213,Pbac,Uty-201_Pbac
Uty-201,Pdam_Pocillopora_damicornis_11329,29.592,98,69,0,277,374,82,375,3.54e-7,51.2,Pdam,Uty-201_Pdam
Uty-201,Plut_plut2.m8.9149.m1,61.075,465,171,3,746,1204,3593,4975,1.52e-176,572,Plut,Uty-201_Plut
Uty-201,Prus_Prusg15094.t1,50.746,67,28,2,810,871,592,792,2.9e-7,54.3,Prus,Uty-201_Prus
Uty-201,Pver_TRINITY_DN2642_c0_g2_i1,62.473,461,166,2,747,1204,2780,4150,2.23e-180,578,Pver,Uty-201_Pver
Uty-201,Spis_Stylophora_pistillata_12883,61.822,461,169,2,747,1204,1084,2454,0,572,Spis,Uty-201_Spis
